CONCEPTICON_ID	CONCEPTICON_GLOSS	ENGLISH	STEDT_ID	SEMANTIC_CATEGORY	LINE_IN_SOURCE
10	FIREWOOD	firewood	203828	2c.3/1	2336
100	FAITHFUL	faithful	1220	5c/3.1	3834
1000	ANXIETY	anxiety	292712	5d/1.7.2	4435
1001	BLACKSMITH	smith	746	3a/3.1.4	2505
1002	STATUE	statue	126165	9d/	6182
1003	PERMIT	allow	1409	4f.1/	3490
1004	MUSCLE	muscle	10101	1a/6.6.2	560
1005	TWINS	twin	160436	3b/2	2625
1006	BRICK	brick	198167	9c/3	5916
1007	COW	cow	397	2a.1/1	1088
1008	BULL	bull	185645	2a.1/1	1085
101	BOAST	boast	1473	5f/15	4707
1010	BOUNDARY	boundary	50521	6j/7	5305
1011	BRIDGE	bridge	204287	6k/2	5362
1013	FRESHWATER EEL	eel	233239	2a.1/13	1205
1014	OR	or	21720	8/1.2.1	5468
1016	DRIZZLE	drizzle	170928	2c.1/4	2192
1017	APPEARANCE	appearance	150803	6c/	4872
1018	MEMORY	memory	128353	5d/1.16.1	4380
1019	RIGHT	right	182714	1a/5.	341
102	COMMON COLD (DISEASE)	common	1192	5c/7.2	4070
1020	HANDKERCHIEF	kerchief	76746	3c/2.2	2728
1021	TOWEL	towel	160288	3c/4	2765
1025	WHISTLE	whistle	2083	5f/5	4776
1027	BUG	bug	457	2a.1/14	1235
1028	YAWN	gape	283588	1b/3.1	921
1029	JEWEL	jewel	62	3c/3	2749
1030	NECESSARY	necessary	170566	6d/2	4969
1033	GRIND	grind	212651	6c/	4917
1035	GOOD	good	223820	5c/8.1	4085
1036	OWNER	owner	246498	4f.1/	3520
1038	TEACHER	teacher	195872	4f.1/	3535
1039	SHOW	show	1967	4a/2.8	2954
1040	HAIR	hair	588	1a/2.3	119
1041	INCREASE	increase	21607	6c/	4920
1042	CARPENTER	carpenter	195515	3a/3.1.4	2499
1043	BRAID	braid	213365	1a/2.3.2	126
1044	PILLOW	cushion	78053	9c/4	5957
1046	SHUT	shut	1969	4a/1.6	2797
1047	PURSUE	chase	1509	4b.4/10	3169
1048	LINE	line	21456	6e/	4989
1049	MOLAR TOOTH	molar	9961	1a/3.4.2	250
1050	MOTHER-IN-LAW	mother-in-law	196892	3b/4	2654
1052	LIGHT (WEIGHT)	lightweight	9003	5c/2.1	3767
1053	HUNTER	hunter	734	4a/2.1	2825
1054	SMALLPOX	smallpox	194597	9a/1	5602
1055	FATHER-IN-LAW	father-in-law	196841	3b/4	2652
1056	SON-IN-LAW	son-in-law	197402	3b/4	2656
1057	DAUGHTER-IN-LAW	daughter-in-law	197351	3b/4	2651
106	SATIATED	satiated	178854	1a/1.3.2	37
1061	ARMOUR	armor	339644	9e/	6209
1062	LAW	law	244149	9d/	6121
1063	NEPHEW	nephew	197453	3b/3	2644
1064	SHIELD	shield	18531	9e/	6250
1065	SPIDER WEB	web	595	2a.1/14	1301
1066	CRIME	crime	807	4b.1/	3037
1067	JUDGMENT	judgment	243463	5d/3.3.1	4517
1068	COURT	court	272466	9d/	6081
1069	GLUE	glue	154517	9a/2	5611
107	OMEN	omen	848	9d/3.2	6055
1071	HOOK	hook	729	9a/2	5612
1072	PRISONER	prisoner	36587	9c/1	5905
1074	FISHHOOK	fish-hook	49783	2a.1/13	1208
1075	TRAP (PITFALL)	trap	728	9e/	6258
1076	EMERGE (APPEAR)	emerge	8969	4b.4/2	3196
1077	WHEAT	wheat	189548	2b.1/3.1	1536
1078	MAIN	main	305988	5c/7.1	4062
1079	FEEL	feel	21852	5e/	4606
1080	VULGAR	vulgar	114267	5c/3.1	3900
1082	MERCHANT	merchant	156375	3a/3.1	2486
1084	CALL	call	1493	5f/13	4684
1085	FOLLOW	follow	1687	4b.4/10	3174
1086	WORK (ACTIVITY)	work	675	4a/1	2780
1087	CONCEIVE	conceive	63769	1a/9.2	704
1088	SINK (DESCEND)	sink	1972	4b.3/	3139
109	FOREIGN	foreign	326995	3a/12.3	2442
1090	BE BORN	born	339491	1b/1.2	795
1091	SALTY	salty	225401	2c.1/5	2244
1092	HOPE	hope	1732	5d/1.7.1	4434
1093	MIDDLE	middle	182816	1a/9.3	710
1094	FASTEN	fasten	1672	4d.2/1.3	3427
1095	LET GO OR SET FREE	release	1920	4c.7/1.1	3366
1096	SONG	song	205358	9a/	5779
1097	ABANDON	abandon	1386	4c.7/1.2	3367
1098	WEIGH	weigh	2081	6g/	5053
11	DARKNESS	darkness	984	6b/	4849
1100	COOK (SOMETHING)	cooking	21246	9b/	5826
1101	SUFFER	suffer	2011	4a/	3020
1102	CLIMB	climb	1521	4b.4/7	3271
1103	SACRIFICE	offering	837	9d/2.3	6036
1104	NURSE	nurse	63636	3a/3.1.5	2510
1105	CAMP	camp	35915	6k/5	5419
1107	GO OUT	out	157063	6j/	5343
1108	UNCOVER	uncover	292689	4a/2.1	2888
1109	WOUND	wound	886	1a/8.7.1	673
1111	CAR	car	204440	9a/	5661
1112	SUCCEED	succeed	2009	4a/	3019
1113	WRAP	wrap	213773	4a/2.1	2895
1114	BULLET	bullet	201635	9e/	6222
1115	SPEECH	speech	42265	1a/8.8	676
1117	LIKE	like	216680	5d/1.1.1	4190
1119	DIVIDE	divide	215813	4c.7/4	3386
112	TURTLE	turtle	11169	2a.1/12	1198
1120	HONEST	honest	1250	5d/3.4.1	4521
1121	SECRET	secret	1332	5f/4.2	4748
1122	WAGES	wages	204899	9d/	6204
1123	PREGNANT	pregnant	612	1a/9.2	705
1124	PIPE	pipe	389	9d/	6158
1125	BALD	bald	1175	1b/2.3.3	866
1127	SEND	send	1957	4a/2.2	2921
1128	ORDER	order	1840	5f/1	4632
1129	PAINFUL	painful	1301	1b/1.3	816
113	SHORE	shore	80188	2c.1/4	2213
1132	BEAM	beam	197912	9c/	5991
1133	MATCH	match	203675	2c.3/1	2342
1134	DIVORCE	divorce	1610	9d/	6095
1135	KICK	kick	208775	4a/2.3.4	2939
1136	RABBIT	rabbit	186131	2a.1/16	1324
1137	TENDON	sinew	193577	1a/6.6.1	553
1139	LEOPARD	panther	292354	2a.1/7	1404
1140	FATIGUE	fatigue	217	5d/1.11.10	4247
1141	PITY	pity	1863	5d/2.3.2	4469
1142	URINE	urine	194393	1a/8.5	654
1143	OVEN	oven	18749	9b/	5860
1144	WITNESS	witness	56060	3a/3.3	2524
1145	SWAMP	swamp	64994	2c.1/6	2284
1146	AUBERGINE	eggplant	190415	2b.1/3.2	1546
1147	PURE	pure	856	5c/8.1	4088
1148	BRUISE	bruise	151779	1a/6.2	485
1149	ORPHAN	orphan	22340	3a/9.2	2589
1150	THUNDER	thunder	180215	2c.1/1	2110
1151	VEIL	veil	290737	3c/2.1.1	2699
1152	BEGET	beget	20525	1b/1.2	794
1153	CATTLE	cattle	396	2a.1/1	1087
1155	CAVE	cave	181643	2c.1/8	2296
1156	OPEN	open	1837	4a/2.6.1	2946
1157	BECAUSE	because	162	8/1.2.2	5469
1158	STEP	step	10091	4b.4/4	3233
1159	FART	fart	194444	1a/8.6.2	664
1160	THIEF	thief	799	3a/11.1	2404
1161	THREAD	thread	201431	9a/	5789
1162	INTENTION	intention	291719	5d/1.13.2	4356
1165	MOUSTACHE	moustache	10596	1a/2.5.5	161
1166	MOULD	mould	272813	2b.1/4.1	2026
1167	GRUEL	gruel	200156	9b/	5845
1169	OX	ox	49062	2a.1/1	1095
117	IMITATE	imitate	1739	4a/1.1.2	2786
1171	MIRROR	mirror	203318	3c/3	2752
1172	SHOOT	shoot	215048	4a/2.1	2867
1173	EYEBROW	eyebrow	192047	1a/2.6.6	191
1174	YESTERDAY	yesterday	184550	6i/2	5200
1175	GHOST	ghost	10030	3a/11.2	2408
1176	SPADE	spade	201278	9a/1	5603
1177	DIARRHEA	diarrhea	10322	1a/8.6	655
1178	NOSTRIL	nostril	527	1a/2.8.1	213
118	BEWITCH	bewitch	121935	5d/1.15	4369
1182	NOISE	noise	19113	5c/4.3	3939
1183	PALM OF HAND	palm	544	1a/5.6	414
1185	VULTURE	vulture	18178	2a.1/11.2	1177
1187	GOOSE	goose	187049	2a.1/11.1	1125
1188	CHARCOAL	charcoal	141965	2c.1/5	2229
1189	ULCER	tinea	351518	1a/6.5.3	545
119	DIVE	dive	1608	4b.4/8	3278
1190	HARE	hare	233130	2a.1/16	1320
1192	THREATEN	threaten	2037	5f/1	4640
1193	STEAM	steam	12046	4b.3/	3148
1195	GIVE BIRTH	give birth	329587	1b/1.2	796
1198	MANY	most	267517	5c/2.1	3769
1199	WIFE	wife	197198	3b/4	2659
12	MIDDAY	midday	992	6i/3	5210
120	PITCHER	pitcher	232	9b/	5867
1200	HUSBAND	husband	197147	3b/4	2653
1201	FEATHER	feathers	11179	1a/6.1.1	480
1202	BIG	great	1237	6d/1	4953
1203	LONG	long	221219	6f/	5025
1204	BARK	bark	1448	1b/8.9.4	1030
1205	TONGUE	tongue	192455	1a/3.3	235
1207	YOUNG	young	223718	5c/8.3	4167
1208	CAT	cat	186080	2a.1/7	1397
1209	I	I	229379	3a/2	2460
121	SPIN	spin	1990	4b.4/6	3259
1210	HEAVY	heavy	222290	6d/2	4968
1211	HE	he	11855	3a/2	2456
1212	WE	we	229481	3a/2	2474
1213	YOU	you	1077	3a/2	2475
1214	THIS	these	169177	8/4.3.2	5507
1215	THOU	thou	1078	8/2.3.1	5486
1216	MOTHER	mother	196280	3b/1	2608
1217	FATHER	father	196229	3b/1	2597
1218	ROPE	cord	20001	1a/5.16	375
1219	WORM	worms	64478	2a.1/14	1304
1220	TAIL	tail	188987	1a/4.10.1	279
1221	NOSE	nose	192200	1a/2.8	209
1222	PENIS	penis	8837	1a/9.7	754
1223	HEART	heart	193832	1a/7.1	573
1224	LIVER	liver	193883	1a/7.3	584
1225	DAY (NOT NIGHT)	daytime	76766	6i/2	5185
1226	YEAR	year	183173	6i/1	5179
1227	BOARD	plank	292	9a/	5747
1228	EARTH (SOIL)	soil	48746	2c.1/12	2167
1229	OLD	old	1296	5c/8.3	4145
123	FOREHEAD	forehead	191843	1a/2.5.1	145
1230	DIRTY	dirty	223514	2c.1/12	2151
1231	NEW	new	224126	5c/5.1	3993
1232	WARM	warm	225095	5c/2.4	3807
1233	NIGHT	night	185315	6i/3	5215
1234	SMOOTH	smooth	224942	5c/4.2	3933
1235	WHO	who?	11846	8/6.1	5527
1236	WHAT	what?	11403	8/6.1	5514
1237	WHERE	where?	11848	8/6.1	5520
1238	WHEN	when?	11847	8/6.1	5517
1239	HOW	how?	60929	8/1	5446
124	THORN	thorn	191690	2b.1/1.2	1479
1240	NOT	NEG	231113	8/7.2	5536
1241	SOME	several	158531	6h/	5131
1242	FEW	few	1110	6h/	5080
1243	WIDE	wide	221525	5c/2.1	3779
1244	THICK	thick	221321	6f/	5034
1245	BUTTER	butter	18260	1a/6.4.1	507
1246	SMALL	little	12154	6f/	5024
1247	EAR	ear	192251	1a/2.7	198
1248	EYE	eyes	292139	1a/2.6	169
1251	BELLY	abdomen	551	1a/4.7	311
1252	HOUSE	house	197708	9c/1	5892
1254	HANDLE	handle	32288	9a/	5698
1256	HEAD	head	191792	1a/2.1	91
1257	WING	wing	188682	1a/5.10	350
1258	FINGERNAIL	fingernail	193016	1a/5.17.1	378
126	SWEAT (PERSPIRE)	perspire	1860	1b/8.2	1004
1261	SING	sing	214793	9a/	5775
1262	BROTHER	brothers	20845	3b/2	2615
1263	SISTER	sister	634	3b/2	2621
1264	CHANGE	alter	284687	6c/	4870
1265	HIGH	high	1248	5c/5.3	4029
1266	BRIDE	bride	18808	3a/7.2	2566
1267	NARROW	narrow	221576	5c/2.2	3797
1268	YES	affirmative	12228	8/	5549
1269	NO	NEG+copula	217394	8/7.2	5537
127	EXTINGUISH	extinguish	1664	2c.2/	2317
1270	WHY	why?	49589	8/6.1	5533
1271	DELIGHT	please	21708	5d/1.1.1	4195
1272	AUNT	aunt	638	3b/1	2594
1273	CANDLE	candle	203624	2c.3/1	2327
1274	SALT	salt	200258	2c.1/5	2242
1275	ANSWER	answer	215201	5f/6	4778
1276	AUTUMN	autumn	183632	6i/1	5165
1277	HAND	hand	192761	1a/5.1	343
1278	VOMIT	vomit	207653	1a/8.4.2	644
1280	FALL	fall	205	4b.4/8	3279
1281	PRISON	jail	63379	9c/1	5897
1282	FAT (FROM ANIMALS)	lard	155691	1a/6.4.1	510
1283	TODAY	today	184499	6i/2	5195
1284	BANK	bank	204797	6k/2	5361
1285	IMPORTANT	important	105	5c/7.1	4061
1286	HOT	hot	224993	1b/1.5.1	850
1287	COLD	coldness	292831	5c/2.4	3804
1288	CAP	cap	18505	3c/2.1.1	2687
1289	BABY	infant	155328	3a/9.1	2585
129	CHOKE	choke	211019	1b/3.5.6	942
1290	ELEPHANT	elephant	186233	2a.1/5	1382
1291	BACK	back (of body)	193118	1a/4.8	320
1292	BAD	bad	223871	5c/8.2	4105
1293	MISTAKE	error	287233	4a/	2989
1294	ZERO	zero	228053	6h/	5161
1295	STICK	stick	201839	2b.1/1.2	1476
1296	WALKING STICK	cane	1045	3c/2.2	2723
1297	LEG	legs	132608	1a/5.9	455
1298	NEWSPAPER	newspaper	21294	9a/	5735
13	DECEIT	deceit	18658	5d/3.4.4.2	4534
1300	COUNTRY	country	11791	6k/3	5375
1301	FOOT	feet	279914	1a/5.2	391
1302	FORK	fork	72276	1a/4.9.1	332
1303	FINGER	finger	192965	1a/5.7	417
1305	CHIMNEY	chimney	35932	9c/3.2	5943
1306	QUEEN	queen	69094	3a/5	2540
1307	LANGUAGE	language	206021	9d/	6120
1308	DOUBT	doubt	1612	5d/1.12.1	4326
1309	ASK (INQUIRE)	ask	12060	5f/7.1	4783
131	FESTIVAL	party	157166	3a/12	2425
1310	CLEVER	clever	18385	5c/3.1	3823
1311	VERY	very	230807	5c/8.3	4166
1312	FOX	fox	186692	2a.1/6	1389
1313	MOON	moon	180113	2c.1/3	2181
1314	QUIET	quiet	1312	5c/8.3	4155
1315	RADIO	radio	309557	9d/	6166
1316	TENT	tent	79902	9c/5	5981
1318	CHICKEN	chicken	186845	2a.1/11.1	1115
1319	COWARD	coward	1195	3a/11.3	2413
1320	APPLE	apple	19046	2b.1/3.2	1537
1321	BOTTLE	bottle	202961	9a/	5656
1322	BREAKFAST	breakfast	200003	9b/	5814
1323	CLOCK	clock	238987	9c/4	5955
1324	SLIP	slide	297250	4b.4/4	3232
1325	FRIEND	friend	195056	3a/12.2	2433
1326	DOWN	downward	32238	6j/2	5282
1327	UNCLE	uncle	18790	3b/1	2613
1329	TOMORROW	tomorrow	184652	6i/2	5196
133	WEAVE	weaving	712	9a/	5805
1330	DEFEND	defend	1577	4b.2/	3083
1331	SHEEP	sheep	185978	2a.1/4	1377
1332	NEIGHBOUR	neighbour	21435	3a/12.2	2439
1333	NECK	neck	192608	1a/4.2	285
1334	GUTS	guts	8816	1a/7.7	609
1335	WHITE	white	222800	6b/	4865
1336	EAT	eat!	234478	1b/3.5.7	952
1337	PIG	hog	271751	2a.1/3	1356
1338	PEACE	peace	767	9d/	6153
1339	MORNING	morning	185213	6i/3	5214
134	FAULT	guilt	266574	5d/3.6.2	4549
1340	WITH	with	2183	8/1.1	5463
1342	SUMMER	summer	183581	2c.1/1	2109
1343	SUN	sun	180062	2c.1/11	2140
1344	RAM	ram	233132	2a.1/4	1375
1345	EWE	ewe	36032	2a.1/4	1366
1346	THROAT	throat	192659	1a/3.5	257
1347	NAPE (OF NECK)	nape of neck	10507	1a/4.2.1	287
1348	BOAR (MALE PIG)	boar	186437	2a.1/3	1355
1350	MONKEY	monkey	186488	2a.1/10	1104
1351	SOW (FEMALE PIG)	sow	1986	2a.1/3	1363
1352	KNIFE	knife	200819	9b/	5849
1353	HOUR	hour	285542	6i/3	5207
1354	NEXT	next	1292	6h/	5102
1355	LAUGH	laugh	216527	1a/8.9	680
1356	NUMBER	numbers	281320	6h/	5116
1357	DAUGHTER	daughter	197300	3b/3	2632
1358	ENEMY	enemy	195107	3a/6	2552
1359	SEPARATE	separate	1958	4c.7/4	3393
136	HERE	here	230042	6j/3	5287
1360	DUCK	duck	186998	2a.1/11.1	1120
1361	TOOL	instrument	745	9a/	5706
1362	STREET	street	1064	6k/1	5358
1363	VOICE	voice	206072	5f/5	4775
1364	HEALTHY	healthy	1245	5c/3.1	3850
1365	KITCHEN	kitchen	268	9b/	5847
1366	BOY	boy	169117	1a/9.9.4	778
1367	CROSS	cross	1560	4b.4/10	3170
1368	BREAD	bread	21207	9b/	5813
1369	GOLD	gold	181745	2c.1/5	2234
1370	MONTH	month	183734	6i/1	5173
1371	KNEE	knee	561	1a/5.11.4	362
1372	MEDICINE	drug	340431	9a/2	5609
1373	TEA	tea	500	2b.1/1.1	1445
1374	RING	finger-ring	44394	3c/3	2747
1375	WINDOW	window	198014	9c/3	5929
1376	NOW	now	185366	6i/4	5234
1377	VISIT	visit	2065	4a/2.2	2929
1378	SPOON	spoon	11710	9b/	5880
138	BATHE	bath	35349	4b.3/	3104
1380	TOOTH	teeth	236058	1a/3.4	240
1381	SHOE	shoes	11698	3c/1	2677
1382	NEEDLE (FOR SEWING)	needle	69506	2a.1/13	1215
1383	GRANDFATHER	grandfather	196127	3b/1	2598
1384	SECOND	second	172	6h/	5125
1385	PEPPER	pepper, hot / chili	190772	2b.1/3.3.1	1701
1386	LION	lion	95	2a.1/7	1401
1387	ARRIVE	arrive	217700	4b.4/1	3161
1388	SHADE	shade	11396	2c.1/11	2137
1389	TOE	toe	565	1a/5.7	423
139	GUMS	gum	532	1a/3.4.3	252
1390	WRONG	wrong	1381	5c/8.2	4131
1391	TOWN	town	11789	6k/3	5383
1392	LOUSE	lice	133778	2a.1/14	1275
1393	HORN (ANATOMY)	horns	233931	1a/2.2	112
1394	BONE	bone	569	1a/6.3	490
1395	ROUND	round	221117	6e/	4995
1396	SHARP	sharp	224330	4c.4/1	3319
1398	DRY	dry	224024	4b.3/	3121
1399	CLAY	clay	300	2c.1/12	2148
14	YOKE	yoke	201176	9e/	6265
140	PADDY FIELD	paddy	459	6k/4.0	5407
1400	THIN (SLIM)	slimy	170794	9a/	5778
1401	DRINK	drink	207194	1a/3.5.8	270
1402	BREAST	bosom	10058	1a/4.4.1	298
1403	BITE	bite	207245	1b/3.4.4	929
1404	STRAIGHT	straight	221831	5c/5.1	4008
1405	NAME	name	206327	9d/	6136
1406	FAR	distant	153102	6j/7	5308
1407	BREATHE	breathe	1483	1b/1.2.2	805
1408	HEAR	hear	1722	1a/2.7.4	206
1409	SEE	see	206939	1a/2.6.9	196
1411	LIE (REST)	lie	12071	5f/10.4	4666
1412	RUDE	rude	1327	5c/10	3724
1413	PLAY	play	214640	4a/1.3	2787
1414	SQUEEZE	squeeze	9026	6c/	4939
1416	SIT	sit	209234	4a/1.4.1	2789
1417	KILL	kill	212243	4b.1/	3047
1418	DIG	dig	210407	4c.8/	3400
1419	FEAR (BE AFRAID)	afraid	1166	5c/1	3697
1420	COUNT	count	211478	4a/2.2	2899
1421	SUCK	suck	2010	1a/3.2.1	229
1422	BE ALIVE	living	79495	1b/1.2.1	802
1423	FIGHT	fight	216119	4b.2/	3084
1424	YELLOW	yellow	222698	6b/	4867
1425	GREEN	green	222902	6b/	4852
1426	EXPENSIVE	expensive	224636	9d/	6101
1427	BEAUTIFUL	beautiful	223157	5c/3.2	3904
1428	BURNING	burning	55928	2c.2/	2315
1429	FULL	full	223106	1a/1.3.2	35
1430	STAR	star	180164	2c.1/3	2184
1431	FREEZE	freeze	1695	6c/	4915
1432	CUT	cut	210611	4c.4/2	3330
1433	HIT	hit	1729	4c.1/	3301
1434	STAB	prick	212447	5e/	4617
1435	HUNT	hunting	733	4a/2.1	2826
1436	SCRATCH	scratch	208265	1a/6.5.4	550
1437	SPLIT	split	18418	4c.4/2	3341
1438	FOOL	fool	93	5c/3.1	3837
1439	SWIM	swim	2024	4b.3/	3154
144	MACHINE	machine	21277	9a/	5725
1440	SPIT	spit	207602	1a/8.4	639
1441	FLY (MOVE THROUGH AIR)	fly	1685	2a.1/14	1250
1442	STAND	stand	208979	1b/5.2	982
1443	WALK	walks	316954	4b.4/4	3247
1445	TURN (SOMETHING)	turn over	73025	4b.4/6	3262
1446	COME	came	262045	4b.4/1	3162
1447	GIVE	give	1704	4f.5/	3601
1448	HOLD	hold	1731	4e.2/	3476
1449	RUB	rub	9025	5e/	4620
145	SORROWFUL	sorrowful	159105	5d/1.5.2	4410
1450	ROOM	room	135	9c/2	5914
1451	SMILE	smile	1979	1b/8.9	1022
1452	PUSH	push	208673	4a/2.3.1	2937
1453	WASH	wash	142298	4a/2.5.2	2941
1454	WIPE	wipe	211784	4a/2.1	2893
1455	PULL	pull	208622	4a/2.3.1	2936
1456	THROW	throw	208418	4c.9/	3414
1457	SEW	sew	1959	9a/	5770
1458	SAY	say	1948	1a/8.8	675
1459	IF	if	2176	8/1.2.2	5470
146	SUGAR CANE	sugar cane	35175	2b.1/3.3.2	1828
1460	IN	within	2102	8/1.1	5464
1461	AT	at	21179	8/	5552
1462	POT	jar	20721	9a/	5707
1463	DRUNK	drunk	219689	1b/3.5.8	962
1464	LADDER	ladder	203216	9a/2	5615
1465	BOX	case	796	9f/	6268
1466	EXACT	exact	1218	5c/2.2	3786
1467	CIRCLE	circle	18234	6e/	4981
1468	LOOK FOR	seek	80091	4a/2.2	2920
1469	WEEK	week	115	6i/2	5199
1470	FOLD	fold	29	1a/4.4.1	299
1471	WINTER	winter	183683	6i/1	5178
1472	KEY	key	202349	9a/	5712
1473	FIST	fist	192812	1a/5.1.1	349
1474	SEA	sea	180929	2c.1/4	2212
1475	COMB	comb	1525	1a/2.2.1	115
1476	CHAIR	chair	203063	9c/4	5954
1477	KEEP	keep	1771	4e.4/	3488
1478	WITHOUT	without	2103	8/1.1	5465
148	ITCH	itch	225861	1a/6.5.4	549
1480	BODY	body	191741	1a/1.1	1
1481	HAMMER	hammer	709	9a/4	5634
1482	SHOULDER	shoulders	234668	1a/4.3	290
1483	NINE	nine	226829	6h/	5103
1484	OIL (ORGANIC SUBSTANCE)	oil	200207	1a/6.4.1	511
1485	BELOW OR UNDER	underneath	286631	6j/2	5284
1487	POUR	pour	1878	4b.3/	3133
1488	FAUCET	tap	291348	4c.1/	3309
1489	CLOUD	clouds	59397	2c.1/1	2082
149	ITCHY	itchy	8984	1b/6.5.4	997
1490	RAT	rat	428	2a.1/16	1325
1491	MOUSE	mouse	18709	2a.1/16	1322
1492	DUMB	dumb	1213	5f/4.6	4752
1493	ONE	one	226421	6h/	5118
1494	DIE	die	219740	1b/1.6	860
1495	HAPPY	glad	226268	5d/1.5.1	4397
1496	GRANDMOTHER	grand-mother	69408	3b/1	2600
1498	TWO	two	226472	6h/	5159
1499	JUICE	juice	243483	2b.1/3.3.3	1874
15	OTTER	otter	186743	2a.1/15	1314
150	WORRY	worry	21483	5d/1.7.2	4438
1500	FOUR	four	226574	6h/	5092
1501	BORE	perforate	1855	4c.4/1	3315
1502	GOAT	goat	185917	2a.1/4	1367
1503	SALIVA	spittle	16793	1a/2.6	171
1504	FLY (INSECT)	housefly	55849	2a.1/14	1266
1505	SPERM	sperm	329572	1a/9.7	755
1506	MEASURE	measure	211325	6g/	5047
1507	FRUIT	fruit	190823	2b.1/3.2	1549
1508	KING	emperor	36027	3a/5	2533
1509	MOSQUITO	gnat	233870	2a.1/14	1254
151	RAZOR	razor	31697	3c/4	2761
1510	CHIN	chin	192557	1a/2.5.3	158
1511	ROOSTER	cock	416	2a.1/11.1	1118
1514	HEN	hen	186947	2a.1/11.1	1126
1515	TEN	ten	226880	6h/	5139
1517	WASP	wasp	234391	2a.1/14	1298
1518	STUPID	foolish	1227	5c/3.1	3838
1519	RUN	run	209183	4b.4/4	3230
152	HOOF	hoof	188885	1a/5.4	411
1521	SEEM	seem	1954	5b/	3694
1522	SOCK	socks	199493	3c/2.1.3	2718
1523	FORGET	forget	216986	5d/1.16.1	4376
1524	WINE	wine	19059	2b.1/3.3.3	1918
1525	COAST	coast	123346	2c.1/6	2253
1526	MEAL	meal	21222	9b/	5853
1527	TICK	tick	121861	2a.1/14	1297
1528	FORGIVE	forgive	1691	5d/2.9.1	4506
1529	LAST (FINAL)	last	1267	6h/	5098
153	GREY	gray	1239	6b/	4851
1530	BOWL	bowl	202757	9a/	5657
1531	BRANCH	limb	169580	1a/5.3.1	409
1532	SHEAR	shear	275748	4c.4/2	3339
1533	BE HUNGRY	be hungry	283583	1b/1.3	815
1534	FEVER	fever	881	1a/1.5.1	60
1535	SWORD	sword	20680	9e/	6255
1536	UNDERSTAND	understand	216833	5d/1.13.1	4352
1537	SPRINGTIME	spring	183530	4b.4/9	3296
1538	SCORPION	scorpion	234214	2a.1/14	1289
1539	BASKET	basket	730	9a/	5649
154	UDDER	udder	35783	1a/9.4	724
1540	EYELASH	eyelash	10099	1a/2.6.5	187
1541	CULTIVATE	cultivate	1563	2b.2/	2050
1542	ACCOMPANY	accompany	1391	4b.4/10	3168
1543	SNAIL	snail	233030	2a.1/13	1223
1544	SOMETIMES	sometimes	2121	6i/4	5243
1545	HOST	host	195158	3a/12.2	2435
1546	TWICE	twice	1151	6h/	5158
1547	SOUP	broth	49969	9b/	5817
1548	UGLY	ugly	223208	5c/3.2	3914
1549	TRIBE	tribe	48350	3a/12.2	2440
1550	PREVENT	prevent	1887	4a/2.1	2839
1551	FEMALE	female	625	1a/9.9.3	771
1552	GLOOMY	gloomy	171214	5c/8.2	4113
1553	MALE	male	216	1a/9.7.1	757
1554	MAN	man	11633	1a/9.7.1	758
1555	CHAMELEON	chameleon	233691	2a.1/12	1180
1556	YOLK	yolk	9965	1a/9.1	701
1557	BEGINNING	beginning	21361	6c/	4875
1558	SIMILAR	alike	62494	5c/7.2	4069
1559	MONEY	money	204695	9d/	6132
156	RED	red	222647	6b/	4858
1560	FACE	face	191996	1a/2.5	142
1561	ARMY	army	195668	9e/	6210
1562	MIND	mind	51172	1a/10.0	84
1563	PYTHON	python	11510	2a.1/12	1189
1564	LAZY	lazy	226218	5c/3.1	3866
1565	HEAVEN	heaven	9136	2c.1/3	2176
1566	GUN	rifle	158100	9e/	6244
1567	DOOR	doorway	268119	9c/3	5922
1568	ARRANGE	arrange	1425	4e.3/	3482
1569	CHEESE	cheese	35928	9b/	5819
157	DYE	dye	213212	9a/	5680
1570	EQUAL	equal	170528	5c/5.1	3979
1571	SELL	sell	211427	4f.4/	3591
1572	SURPRISED	surprised	55652	5d/1.9.1	4448
1573	SWELL	swollen	219638	1b/1.5.2	859
1574	FLOAT	float	218618	4b.3/5	3096
1575	COCKROACH	roach	11523	2a.1/14	1286
1577	AND	and	167	8/1.2.1	5467
1578	IGUANA	iguana	318888	2a.1/12	1186
1579	BE	will	293669	5d/1.8.3	4441
1580	ONLY	only	2170	5c/6.1	4043
1583	BRAIN	brains	166567	1a/2.4	135
1584	BLISTER	blister	16702	1a/6.5.3	533
1585	SLEEP	sleep	209642	1b/1.4.1	835
1587	SMELL (STINK)	stink	45749	5c/4.5	3963
1588	TURN	turn	2052	4b.4/6	3261
159	SWEET POTATO	sweet-potato	122385	2b.1/3.2	1584
1590	WAIT (FOR)	await	1444	5d/1.7.3	4440
1591	UP	upwards	49465	6j/1	5271
1592	CHEST	chest	193067	1a/4.4.2	305
1593	DEEP	deep	220964	5c/2.2	3785
1594	FLOUR	flour	199901	2b.1/3.3.2	1732
1595	SOUTH	south	182459	6j/8	5330
1596	LOCK	lock	202298	1a/2.3	122
1597	AIRPLANE	plane	44570	9a/	5746
1598	NORTH	north	182510	6j/8	5327
1599	WORD	words	436729	5f/10.2	4656
160	SET (HEAVENLY BODIES)	set	274699	4e.3/	3487
1600	SKIRT	skirt	199340	3c/2.1	2684
1601	WEAK	weak	18218	1a/1.5	55
1602	WAKE UP	waken	144740	1a/1.4	44
1605	SKULL	skull	516	1a/2.1.1	98
1606	INSIDE	inside	182969	6j/5	5301
1607	HATE	hate	217139	5d/1.1.2	4204
1608	LISTEN	listen	207092	1b/2.7.4	914
1609	IDEA	idea	275426	5d/1.13.1	4338
161	MISS (A TARGET)	miss	1813	5d/1.5.2	4404
1610	PROSTITUTE	prostitute	18918	3a/3.1	2491
1611	INVITE	invite	1763	5f/11	4676
1612	LETTER	letter	205307	9a/	5716
1613	COLOR	colour	21162	6b/	4845
1614	SUMMIT	summit	159607	1a/2.2.1	117
1615	ESCAPE	escape	216221	4b.4/2	3197
1616	CLOTH	cloth	199748	9a/	5666
1617	GRANDCHILD	grandchild	11678	3b/3	2634
1618	GRANDSON	grandson	197555	3b/3	2636
1619	GRANDDAUGHTER	granddaughter	197606	3b/3	2635
162	HICCOUGH	hiccough	18333	1a/8.4.5	648
1620	SON	son	197249	3b/3	2647
1621	SNEEZE	sneeze	1982	1a/8.3.1	632
1622	SHIRT	shirt	11695	3c/2.1.2	2704
1623	SPEAK	speak	1987	5f/10.1	4645
1624	EMPTY	empty	1632	5c/2.1	3756
1625	DEAD	dead	1201	1a/1.6	78
1626	EXPLAIN	explain	1662	5f/14.3	4706
1627	CHAIN	chain	11819	9a/	5662
1628	SQUIRREL	squirrel	427	2a.1/16	1328
1629	EVENING	evening	991	6i/3	5205
163	BLACK	black	222851	6b/	4841
1631	FAST	swift	80030	4b.4/4	3238
1632	FLOOR	floor	251	9c/3	5924
1633	FLAT	flat	1226	5c/5.1	3983
1634	HUNDRED	one-hundred	20455	6h/	5119
1635	OBEY	obey	1829	5d/2.5.2	4478
1638	TRUTH	truth	80044	5d/2.5.7	4488
1639	BEER	beer	499	2b.1/3.3.3	1855
1640	SIBLING	sibling	331893	3b/2	2619
1642	NIECE	niece	197504	3b/3	2645
1643	COUSIN	cousin	21406	3b/2	2616
1644	RELATIVES	relative	197657	3b/5	2669
1645	SHORT	short	221270	6f/	5028
1646	GIRL	girl	18877	1a/9.9.3	773
1647	FOAL	pony	44702	2a.1/2	1352
1648	ANVIL	anvil	37	9a/	5644
1650	WATCH	watch	2076	1b/2.6.7	902
1651	TEAR (OF EYE)	tears	575	1a/2.6.7	193
1652	INSTEAD	instead	305861	8/2.1	5478
1653	BLIND	blind, be (acquired / postnatally)	429600	1b/2.6.11.	890
1654	LIGHTNING	lightening	80158	2c.1/11	2134
1655	BLINK	wink	10370	1a/2.6.10	176
1656	NEVER	never	2124	8/	5559
1657	TRUE	real	158	5c/8.3	4160
1659	DOLL	doll	314586	9d/	6096
1662	CAPE	cape	151948	3c/2.2	2724
1663	BED	bed	203165	9c/3	5915
1664	RAFT	raft	234166	9a/	5758
1665	BEAT	beat	1455	4c.1/	3297
1666	MUTE	mute	195362	1b/8.8	1017
1667	HOLE	hole	181694	2c.1/8	2306
1668	GRIEF	sorrow	18150	5d/1.5.2	4409
1669	ANCESTORS	ancestors	61032	3b/1	2592
1670	RAPIDS	rapids	157876	2c.1/4	2208
1672	WRITE	write	211733	4a/2.9.1	2956
1673	ARM	arms	339111	1a/5.8	435
1674	POOR	poor	226319	5c/3.1	3878
1675	PROMISE	promise	1889	5f/16	4714
1676	ALWAYS	always	2123	6i/	5247
1678	HUT	shelter	272570	9c/1	5908
1679	LOAD	burden	284921	4a/	2974
168	REST	rest	209591	1b/1.4.1	834
1680	HELMET	helmet	354	9e/	6235
1681	WAIST	waist	193271	1a/4.6	310
1682	GUILTY	guilty	1240	5d/3.6.2	4550
1683	BUSH	bush	18806	2b.1/1.1	1428
1684	BUD	bud	191486	2b.1/3.1	1501
1685	AFTER	after	2118	6i/4	5223
1686	BEHIND	behind	2107	6j/8	5321
1688	FATE	fate	860	9d/1.3	6020
169	IT	it	1083	5a/	3630
1690	FENCE	fence	1676	9c/5	5972
1691	FLEXIBLE	flexible	170791	5c/2.2	3792
1692	FRIDAY	Friday	21341	6i/2	5188
1693	THURSDAY	Thursday	171	6i/2	5194
1694	WEDNESDAY	Wednesday	66	6i/2	5198
1695	TUESDAY	Tuesday	21338	6i/2	5197
1696	SURRENDER	surrender	765	4f.1/	3533
1697	MONDAY	Monday	21337	6i/2	5189
1698	CURVED	curved	1198	5c/5.1	3973
1699	SUNDAY	Sunday	21343	6i/2	5193
17	EYELID	eyelid	10348	1a/2.6.4	186
1700	SATURDAY	Saturday	21342	6i/2	5192
1702	HOLY	sacred	1328	9d/1.3	6023
1703	SIX	six	441310	1a/3.4.3	254
1704	SEVEN	seven	226727	6h/	5127
1705	EIGHT	eight	226778	6h/	5071
1706	ELEVEN	eleven	226931	6h/	5075
1707	TWELVE	twelve	226982	6h/	5151
1708	THIRTEEN	thirteen	227033	6h/	5142
1709	FIFTEEN	fifteen	227135	6h/	5081
1710	TWENTY	twenty	227390	6h/	5153
1711	TELL	tell	215558	1a/8.8	677
1712	OATH	oath	246091	9d/	6141
1713	EIGHTEEN	eighteen	227288	6h/	5072
1714	NINETEEN	nineteen	227339	6h/	5104
1715	THIRTY	thirty	227492	6h/	5143
1716	FORTY	forty	227543	6h/	5089
1717	FIFTY	fifty	227594	6h/	5084
1718	SIXTY	sixty	227645	6h/	5137
1719	BURY	bury	1490	4c.8/	3398
172	SHOULDERBLADE	shoulderblade	119231	1a/4.3.2	295
1720	SIGN	mark	206582	9a/	5726
1721	SEVENTY	seventy	227696	6h/	5130
1722	EIGHTY	eighty	227747	6h/	5074
1724	NINETY	ninety	227798	6h/	5106
1725	CORRECT (RIGHT)	correct	1551	5d/3.10	4509
1726	WET	wet	224075	4b.3/	3158
1727	THRESHOLD	threshold	160051	9c/3	5927
1728	ROTTEN	rotten	35	2b.2/	2069
1730	CHEEK	cheeks	236062	1a/2.5.2	150
1732	SKY	sky	180011	2c.1/3	2183
1733	RAINBOW	rainbow	180776	2c.1/1	2097
1734	TWENTY ONE	twenty-one	227441	6h/	5156
1735	TEAR (SHRED)	tear	20995	1a/8.9	681
1737	OKRA	okra	63644	2b.1/3.2	1565
1739	DECORATE	decorate	45378	9d/	6092
174	PROUD	proud	1306	5d/	4598
1740	PINE	pine	189089	2b.1/1.1	1441
1741	ABOVE	over	267278	6j/1	5263
1743	JOIN	unite	2057	4d.2/5	3447
1744	SPLEEN	spleen	10185	1a/7.4	588
1745	HIP	hip	47644	1a/4.9.2	335
1746	BLADDER	bladder	194036	1a/7.8	614
1747	CUSTOM	ritual	19083	9d/2.3	6039
1748	RIDGE	ridge	923	2c.1/6	2281
1749	TAKE	take	207959	4f.3/	3565
175	BLOW (OF WIND)	blow	9020	1b/3.1.4	923
1750	CHOOSE	choose	1517	4c.7/4	3381
1751	BIRTHMARK	birthmark	57922	1a/1.2	13
1752	LEAVE	depart	1583	4b.4/2	3195
1753	TOP	top	182867	1a/2.1.3	105
1754	BRACELET	bracelet	198983	3c/3	2744
1755	UNDRESS	undress	45811	4a/1	2779
1756	WIDOW	widow	11242	3a/7.2	2574
1757	TIRED	tired	225810	5c/3.1	3895
176	BLOW (WITH MOUTH)	blow with mouth	207704	1b/3.1.4	924
1761	YOUNGER SISTER	younger sister	60662	3b/2	2627
1763	CLUB	club	340079	9e/	6226
1764	OBSCURE	obscure	315931	8/	5561
1766	FINISH	finish	1681	6c/	4912
1767	SCRAPE	scrape	234215	4a.2/	3028
1768	FOAM	foam	21314	2c.1/4	2196
177	BETEL PEPPER VINE	betel	31922	2b.1/3.1	1495
1771	TASTELESS	insipid	308698	5c/8.2	4117
1773	GRAVE	tomb	21271	6k/5	5433
1774	STINGY	stingy	159422	5c/3.1	3890
1775	TABLE	desk	21262	9c/4	5958
1776	SHAME	shame	19036	5d/3.8.3	4555
1777	RESEMBLE	resemble	1931	5c/7.2	4073
1778	APPROACH	approach	262048	4b.4/1	3159
1779	DARE	dare	217241	5d/1.10.4.	4227
178	RIPE	ripe	1324	2b.2/	2066
1780	BILE	bile	76	1a/7.3.1	585
1781	THUMB	thumb	546	1a/5.7.1	428
1782	GUEST	guest	195209	3a/12.3	2444
1783	PAIN	suffering	49438	4a/	3021
1784	WANT	wish	2086	5d/1.14.3	4367
1787	LOOM	loom	201227	9a/	5719
1789	AGE	age	5	6i/1	5162
179	RIPEN	ripen	18858	2b.2/	2067
1791	BUTTERFLY	butterfly	187814	2a.1/14	1238
1793	BAT	bat	187559	2a.1/11.2	1134
1794	FURROW	furrow	19079	9f/	6275
1796	SLAUGHTER	slaughter	331930	4b.1/	3065
1797	HEDGEHOG	hedgehog	233101	2a.1/15	1309
1798	GUNPOWDER	gunpowder	201686	9e/	6233
1799	HYENA	hyena	339073	2a.1/6	1392
18	EARLOBE	earlobe	10453	1a/2.7.1	203
1802	SCREW	screw	174692	9c/	6008
1803	WOOD	log	156037	9c/	5999
1804	BOMB	bomb	281978	9e/	6216
1806	BEGIN	start	142578	6c/	4941
1807	AFTERNOON	afternoon	993	6i/3	5201
1808	PUS	pus	194546	1a/8.7	668
1809	PIMPLE	pimples	47772	1a/6.5.3	540
1812	TRY	try	2050	4a/1.1	2783
1813	TASTY	delicious	225503	5c/4.4	3949
1814	ACCUSE	accuse	1392	5d/1.3.2	4385
1815	ACHE	ache	1393	1b/1.5.1	840
1816	BESIDE	beside	267385	6j/3	5285
1817	WEST	west	182408	6j/8	5338
1819	LOOK	look	206888	1b/2.6.9	906
1820	BEAR	bear	419	2a.1/9	1416
1821	BRUSH	brush	203471	3c/4	2760
1823	BORROW	borrow	1477	4f.4/	3568
1825	COPPER	copper	181847	2c.1/5	2232
1826	ANGRY	angry	217088	5d/1.6.1	4423
1828	ASK (REQUEST)	request	18388	5f/7.1	4791
1829	JUMP	jump	208928	4b.4/8	3282
183	BAKE	bake	48629	9b/	5810
1830	CRANE	crane	232780	2a.1/11.2	1139
1831	MEET	meet	1807	4a/	2997
1833	DINNER (SUPPER)	dinner	200105	9b/	5832
1834	SHE	she	20863	3a/2	2469
1835	MARROW	marrow	8848	1a/6.3.5	504
1836	VAGINA	vagina	10669	1a/9.5	730
1837	VULVA	vulva	16755	1a/9.5	731
1838	NAVEL	belly button	329446	1a/9.3	706
1839	CRY	weep	216578	1b/8.9.1	1027
1840	BUILD	build	1487	4d.3/	3449
1841	SUSPECT	suspect	2017	4a/2.2	2925
1842	OBSTINATE	obstinate	50346	5d/	4594
1843	THOUSAND	thousand	227900	6h/	5146
1844	BOAT	boat	204491	9a/	5654
1845	BALL	ball	205511	6e/	4979
1846	RULE	rule	1945	4f.1/	3531
1847	SICK	feverish	35495	1b/1.5.1	847
1848	QUARREL	quarrel	1901	5f/8	4812
1849	ROW	row	1944	4a/2.1	2861
185	FIREPLACE	hearth	277	9c/3.1	5932
1850	COTTON	cotton	190109	9a/	5669
1851	POCKET	pocket	157502	3c/2.3	2737
1852	OFTEN	frequently	154280	6i/	5253
1853	DOVE	turtledove	160416	2a.1/11.2	1176
1854	SPARROW	sparrow	187508	2a.1/11.2	1171
1855	BIRCH	birch	35866	2b.1/1.1	1427
1856	SOFT	soft	222392	5c/4.2	3935
1857	CROCODILE	crocodile	233725	2a.1/12	1182
1858	FISHERMAN	fisherman	48824	3a/3.1.1	2494
1859	THIRD	third	174	6h/	5141
186	SHIN	shin	114833	1a/5.9	458
1860	BEAD	beads	50761	3c/3	2743
1861	ACTIVE	active	18279	8/4.2	5498
1862	DONKEY	donkey	185774	2a.1/2	1344
1864	HUNGER	hunger	10068	1a/1.3	29
1865	BUZZARD	buzzard	175660	2a.1/11.2	1137
1866	STUTTER	stutter	10120	5f/4.7	4757
1867	COIN	coin	20129	9d/	6075
1868	VISIBLE	visible	1372	5c/4.1	3916
1869	BUY	buy	211376	4f.4/	3569
187	LOIN	loins	35622	1a/4.9	330
1871	CAMEL	camel	232840	2a.1/15	1307
1874	SAUSAGE	sausage	331782	9b/	5872
1875	REGRET	repent	264395	9d/3.1	6047
1877	EAST	east	182357	6j/8	5325
1879	DANCE	dance	214844	4b.4/9	3287
188	COMB OF BIRD	cockscomb	10071	1a/2.2.1	114
1881	ENOUGH	enough	142009	1b/1.3.2	819
1882	BEFORE	till	160155	2b.2/	2074
1884	HARD	hard	222341	6d/2	4964
1886	ARMPIT	armpit	193475	1a/5.8.3	443
1887	CHEAP	cheap	224687	9d/	6073
1888	PAIR	pair	228818	6h/	5122
189	HAIR (BODY)	hair of body	164328	1a/6.1	473
1890	BELIEVE	faith	853	5d/1.15	4371
1892	TOUCH	touch	2044	5e/	4625
1893	QUAIL	quail	234161	2a.1/11.2	1168
1894	ASHAMED	ashamed	1172	5d/3.8.3	4554
1895	CLOTHES	clothes	199136	3c/2.1	2679
1896	FINGERNAIL OR TOENAIL	nails	234067	1a/5.17	377
1897	HELP	help	215609	4a/2.1	2823
1899	MAD	crazy, become	411461	5d/1.11.11	4273
190	MOW	mow	77221	4c.4/3	3344
1901	SHOVEL	shovel	45708	9a/1	5600
1902	BETRAY	cheat	1511	4f.1/	3499
1903	SWELLING	bump	330185	1a/4.10	275
1904	DROWN	drown	1622	4b.3/	3119
1905	EAGLE	eagle	187253	2a.1/11.2	1143
1906	SOUR	sour	225197	5c/4.4	3952
1907	MOLE	mole	10381	2a.1/15	1312
1908	ATTENTIVE	attentive	260593	5d/1.11.1	4240
1909	SHAKE	shake	1960	4b.4/9	3294
191	NUT	nut	484	2b.1/3.1	1521
1913	PRESS	press	214181	6c/	4928
1914	DEBT	debt	759	9d/	6090
1915	FIR	fir	189191	2b.1/1.1	1434
1916	GILL	gills	10206	1a/3.5.3	264
1917	TIE	bind	1467	4d.2/1.1	3416
1918	MANE	mane	597	1a/6.1	478
1919	TORCH	torch	251484	2c.3/1	2345
192	CORNER	corner	288	9c/3	5917
1923	ROUGH	rough	1325	5c/4.2	3930
1924	VEIN	vein	10107	1a/6.2.1	489
1925	ARTERY	artery	132112	1a/6.2.1	487
1926	OINTMENT	ointment	909	9a/2	5617
1927	BAMBOO	bamboo	189293	2b.1/1.1	1425
1929	STUDY	study	2007	4a/2.9.3	2959
193	SHALLOW	shallow	221015	5c/5.3	4033
1930	RAVINE	ravine	277408	2c.1/6	2280
1931	BEESWAX	beeswax	233605	2a.1/14	1233
1932	GUESS	guess	216884	5d/1.12.1	4327
1933	LOOSEN	loosen	56087	5c/5.1	3991
1934	BEGGAR	beggar	781	5f/10.3	4661
1935	ANUS	rectum	279391	1a/4.10.2	283
1936	DEER	deer	186539	2a.1/8	1409
1937	THERE	there	230144	6j/7	5315
1939	SWEAR	swear	2020	5f/1	4639
194	FAMILY	family	620	3b/5	2663
1940	GUARD	guard	1712	4a/2.1	2820
1941	SOLDIER	soldier	195617	3a/6	2556
1942	NEAR	nearby	74802	6j/3	5290
1943	CROWN (OF HEAD)	crown	291701	1a/2.1.2	99
1944	GOD	God	11351	9d/1.1	6014
1945	IDOL	figure	5994	6h/	5086
1947	BASTARD	bastard	50042	3b/3	2628
1948	SAW	saw	201329	9a/3	5630
1949	BEDBUG	bedbug	188120	2a.1/14	1230
195	MAT	mat	199646	9c/4	5962
1951	PASS	pass	1849	4b.4/10	3178
1952	TORTURE	torture	234534	4b.1/	3068
1953	ABUSE	abuse	1389	4b.1/	3032
1954	GENTLE	tender	223769	5c/4.2	3938
1955	GRIEVE	mourn	1819	5d/1.5.2	4405
1956	SUNFLOWER	sunflower	159617	2b.1/3.1	1534
1957	GOITER	goitre	35525	x/	6347
1958	UNRIPE	unripe	1027	2b.2/	2076
1959	RAW	raw	224228	5c/8.3	4158
196	DONATE	donate	282360	4f.5/	3600
1961	NECKLACE	necklace	377	3c/3	2753
1962	ROAST (SOMETHING)	roast	1939	9b/	5871
1963	IMMEDIATELY	immediately	21779	6i/	5254
1964	ALONE	alone	61900	5c/6.1	4039
1965	LOINCLOTH	sarong	121983	3c/2.1.3	2717
1966	BUNCH	bunch	305195	6h/	5065
1967	CALENDAR	calendar	275545	6i/	5249
197	OTHER	another	22524	6h/	5060
1970	CANOE	canoe	3987	9a/	5660
1971	FAN (OBJECT)	fan	1670	9a/2	5610
1972	KID	kid	44707	2a.1/4	1371
1973	DEMON	devil	42271	3a/11.2	2407
1974	CENTIPEDE	centipede	188018	2a.1/14	1240
1975	CHECK	check	1510	9a/	5665
1976	MERRY	merry	156378	5c/3.1	3868
1978	RECOVER	recover	1915	1b/1.5.1	853
1979	CHISEL	chisel	711	9a/3	5628
198	GENITALIA	genitalia	329563	1a/9.1	687
1981	WIDOWER	widower	53	3a/7.2	2576
1982	WHIRLPOOL	whirlpool	160967	2c.1/4	2225
1983	SNORE	snore	10685	1a/8.3.2	633
1986	DISEASE	illness	214	1a/1.5.1	65
1987	CHOPSTICKS	chopstick	11713	9b/	5820
1989	CALF	calf	193469	1a/5.9	451
199	FAMINE	famine	61840	1a/1.3	28
1990	BECOME	become	1457	6c/	4873
1991	INTESTINES	bowels	233648	1a/7.7	603
1992	MORE	more	156541	6h/	5101
1993	SELF	oneself	142266	3a/2	2463
1994	COLLARBONE	clavicle	169283	1a/4.3.1	291
1995	DEFECT	defect	330481	5a/	3614
1996	GET TIRED	tire	2042	5c/3.1	3894
1997	PRESERVE	preserve	80090	4e.4/	3489
1998	COMMAND	command	1528	5f/1	4629
1999	OVERCOME	overcome	285961	1a/1.5	49
2	DUST	dust	18657	2c.1/12	2152
20	SCYTHE	scythe	158421	9a/1	5599
200	SAME	same	11920	5c/7.2	4074
2001	PAINTING	draw	1615	9d/	6099
2002	DITCH	ditch	181184	2c.1/8	2305
2003	FLOW	flow	218516	4b.3/5	3098
2005	MASK	mask	841	9d/	6131
2006	FILL	fill	1679	5c/2.1	3757
2008	RESCUE	rescue	1930	4a/2.1	2851
2009	DOG	hound	233140	2a.1/6	1390
201	FARM	farm	320684	6k/4.0	5401
2011	COFFIN	coffin	233708	9d/2.3	6032
2012	COLLAR	collar	35947	1a/4.3.1	292
2013	BAIT	bait	150993	9e/	6213
2014	GO DOWN (DESCEND)	descend	217904	4b.4/8	3276
2016	JEALOUSY	jealousy	155462	5d/2.6.2	4498
2017	MIX	mix	1815	4d.2/3	3437
2018	GREEDY	greedy	18973	5d/1.14.2	4363
202	STRENGTH	strength	206123	1a/1.5	52
2022	ADMIT	admit	150630	5f/14.2	4697
2023	CROWD	crowd	152705	3a/12	2422
2025	PEA	peas	285995	2b.1/3.2	1572
2027	SOYA	soybean	190230	2b.1/3.1	1532
203	MARRY	marry	1805	4f.1/	3518
2030	DRAG	drag	1613	4b.4/10	3172
2034	FROST	frost	180458	2c.1/1	2085
2035	POND	pond	181031	2c.1/4	2205
2036	JANUARY	January	183836	6i/1	5168
2037	FEBRUARY	February	183887	6i/1	5167
2038	DRAGON	dragon	186183	2a.1/17	1329
2039	MAGPIE	magpie	187406	2a.1/11.2	1155
204	AGAIN	again	231011	8/1	5437
2040	BUCKWHEAT	buckwheat	49163	2b.1/3.1	1500
2041	HEMP	hemp	61242	2b.1/3.2.1	1621
2042	WALNUT	walnut	18227	2b.1/3.1	1535
2043	PEACH	peach	190874	2b.1/3.2	1570
2044	PERSIMMON	persimmon	190925	2b.1/3.2	1573
2045	COLUMN	pillar	18610	9c/3.1	5937
2046	APRON	apron	48568	3c/2.2	2722
2048	QUILT	quilt	199595	9a/	5756
2049	CONGEE	porridge	48621	9b/	5869
205	TROUGH	trough	174928	9e/	6261
2051	DUSTPAN	dustpan	278458	9a/	5679
2052	BUCKET	bucket	35906	9a/	5659
2057	DUNG (ANIMAL FAECES)	dung	233775	1a/8.6	657
2058	STOOL	stool	203114	9c/4	5969
2059	FOLK SONG	folksong	205371	9d/	6106
206	FIREFLY	firefly	49420	2a.1/14	1247
2060	STORY	story	18209	9d/	6183
2061	BUDDHA	Buddha	311861	9d/2.3	6030
2062	INTEREST	interest	204848	5d/2.6.1	4490
2069	SOAK (VERB)	soak	1984	4b.3/	3141
207	SPARSE	sparse	171158	5c/2.1	3776
2071	LAY (VERB)	lay	155756	4e.3/	3484
2072	USE (VERB)	use	214589	4a/2.7.1	2949
2073	ROB (VERB)	rob	216374	4a/2.1	2859
2075	BROOD (VERB)	incubate	13286	1b/9.3.3	1059
2076	SPROUT (VERB)	bloom	220199	2b.2/	2049
2077	DILIGENT	diligent	226166	5c/3.1	3828
208	NASAL MUCUS (SNOT)	snivel	278367	1b/8.9.1	1025
2086	GRAIN (CLASSIFIER)	grain (of rice)	154596	2b.1/3.3.2	1753
209	RARE	rare	36598	5c/8.3	4156
2090	MY	mine	69053	2c.1/10	2123
2093	AFTERWARDS	afterwards	2144	6i/4	5225
2099	CHILD	children	272811	3b/3	2631
21	TASTE (SOMETHING)	taste	2029	1b/3.5.7	958
210	LIFE	life	78	1a/1.2.1	16
2101	BE DEAD OR DIE	died	18068	1b/1.6	861
2102	BURN	burn	1488	2c.2/	2313
2112	OLD (AGED)	aged	62485	1a/	786
212	FIELD	field	181337	2c.1/6	2254
2124	SMELL	smell	1978	1b/2.8.5	916
213	FIN	fin	594	1a/5.10.1	353
2134	RAISE (BRING UP)	rear	114475	1a/1.2	15
2137	MAGICIAN	magician	736	9d/3.2	6053
214	STRETCH	stretch	59730	6c/	4943
2148	PICK	pick	177012	4c.7/4	3389
2149	CHOP (INTO PIECES)	chop	1518	4c.4/2	3328
215	LIE DOWN	lie down	1790	1b/1.4.1	832
2150	MATTER	matter	303690	5a/	3634
2151	COARSE	coarse	76697	5c/4.2	3919
2154	PLOUGH (INSTRUMENT)	plough	153	9a/1	5593
2155	CUT (WITH SCISSORS)	scissor	415558	9a/3	5631
2159	GROUND	ground	181388	2c.1/12	2156
216	MOVIE	movie	36412	9d/	6135
2162	STIR FRY	stir-fry	212039	9b/	5882
2165	SLOWLY	slowly	230705	5c/10	3729
218	FINE (PENALTY)	fine	805	5c/3.2	3908
2181	LIGHT (IN TASTE)	bland	151412	5c/4.4	3947
2183	RIGHT HAND	right-hand	166376	1a/5.1	348
219	TOILET	toilet	21251	9c/4	5971
2192	REJOICE	rejoice	1919	5d/1.5.1	4401
2194	FRONT (PART)	front	182561	1a/4.4	297
2200	SNOUT	muzzle	156693	1a/2.5.2	156
2205	PEAK	peak	928	6k/4.0	5410
221	FIRE	fire	182255	2c.3/3.3	2355
2214	AFFAIR	affair	150643	5a/	3605
2218	EXPERIENCED	experienced	175319	5d/	4584
2219	LEAN (MEAT)	lean	209489	1b/1.1	792
222	LAVISH	lavish	155753	5c/2.1	3763
2224	BEND (SOMETHING)	bend	10924	6c/	4876
2227	SPAWN (VERB)	spawn	35728	1a/9.1	700
2230	UNTAMED OR WILD	wild	1378	2c.1/6	2287
2233	LOVELY	lovely	333238	5c/3.2	3911
2239	DENSE	dense	171213	5c/5.1	3976
224	MORTAR	mortar	202196	9b/	5856
2241	WILD CAT	wildcat	233685	2a.1/7	1407
2242	BEETLE	beetle	233049	2a.1/14	1234
2243	REPAIR	mend	1809	4d.4/	3467
2244	METAL	metal	1049	2c.1/5	2237
2245	BELCH	belch	9902	1b/8.4.4	1008
2246	BELL	bell	205868	9a/	5652
2247	CATERPILLAR	caterpillar	50216	2a.1/14	1239
225	PESTLE	pestle	202145	9b/	5865
2252	PATH	path	169052	6k/1	5354
2253	DRIP (EMIT LIQUID)	leak	219179	4b.3/	3127
2259	FLESH	flesh	1030	1a/1.1.1	7
227	FISH	fish	187661	2a.1/13	1206
2271	THINK	think	217037	5d/1.13.1	4351
2273	LEECH	leech	188477	2a.1/14	1274
2276	IDENTICAL	identical	155270	5c/7.2	4072
2277	WHOLE	total	265462	5c/2.1	3777
2278	PERHAPS	perhaps	22526	8/	5564
228	CARVE	carve	278564	4c.4/1	3311
2283	SEMEN	semen	3	1a/9.7.1	761
2285	ECLIPSE	eclipse	986	2c.1/11	2133
2290	PUDDLE	puddle	157675	2c.1/4	2207
2293	UVULA	uvula	10463	1a/3.5.1	259
2294	WRINKLE	wrinkle	10613	6d/2	4975
2295	SUNSET	sunset	980	2c.1/11	2146
2296	SUNRISE	sunrise	979	2c.1/11	2145
2297	DUSK	dusk	11880	6i/3	5204
2298	VIRGIN	virgin	609	3a/7.2	2573
2299	STRAW	straw (wheat)	366192	2b.1/3.3.2	1813
230	SWEEP	sweep	213467	4a/2.5.3	2944
2301	ME	me	21828	3a/2	2461
2302	CIRCULAR (ROUND IN TWO DIMENSIONS)	circular	70459	5d/1.10.4.	4223
2303	SPHERICAL (ROUND IN THREE DIMENSIONS)	spherical	170903	6e/	4998
2308	THIN	thin	221474	6f/	5036
231	SHAVE	shave	1962	4c.4/1	3322
2313	BRONZE	bronze	233660	2c.1/5	2228
2314	BROTHER-IN-LAW	brother-in-law	659	3b/4	2649
2316	FREE	free	1694	4f.1/	3511
2317	SISTER-IN-LAW	sister-in-law	48388	3b/4	2655
2318	CHESTNUT	chestnut	152133	2b.1/3.1	1504
2319	LID (COVER, CAP)	lid	202502	9a/	5717
232	FLEA	flea	188171	2a.1/14	1249
2321	MAD PERSON	lunatic	10000	5d/	4591
2334	MELT	melt	219332	6c/	4926
2335	CUNNING	cunning	152742	5d/1.13	4333
2336	OF THIS KIND (SUCH)	so	2162	8/1.2.2	5471
2339	NEED (SOMETHING)	need	1825	6d/2	4971
234	PADDLE	paddle	263447	9a/	5738
2340	SUNNY	sunny	222545	2c.1/11	2142
2341	CLOUDY	cloudy	222596	2c.1/3	2170
2343	STEEL	steel	182000	2c.1/5	2246
2348	CRAB	crab	141983	2a.1/13	1204
2349	SHRIMP	shrimp	278755	2a.1/13	1222
2350	EARTHWORM	earthworm	188426	2a.1/14	1246
2351	SILKWORM	silkworm	77493	2a.1/14	1291
2352	DRAGONFLY	dragonfly	187865	2a.1/14	1245
2353	CICADA	cicada	272664	2a.1/14	1241
2354	CRICKET	cricket	233724	2a.1/14	1244
2355	GECKO	gecko	56073	2a.1/12	1184
236	STEPMOTHER	stepmother	159390	3b/1	2612
2362	BRAN	bran	200615	2b.1/3.1	1499
2363	CHAFF (HUSK)	chaff	11751	2b.1/3.3	1651
2364	PEANUT	groundnut	169076	2b.1/3.1	1510
2365	RADISH	raddish	18870	x/	6387
2366	ONION	onion	480	2b.1/3.2	1566
2367	MANDARINE	tangerine	123211	2b.1/3.2	1586
2368	GARLIC	garlic	190670	2b.1/3.2	1551
237	STEPFATHER	stepfather	159387	3b/1	2611
2374	DREAM	dream	206429	1a/1.4.2	47
2375	VERTICAL	vertical	160607	6j/1	5272
2376	HORIZONTAL	horizontal	221934	5c/5.4	4036
2386	TURKEY	turkey	310797	2a.1/11.1	1131
239	FLOWER	flower	191588	2b.1/3.1	1508
2393	JOURNEY	journey	1768	4b.4/2	3202
2396	KNOCK	knock	233985	4c.1/	3302
24	PRAY	pray	1881	9d/3.1	6044
2400	THEIR	their	1089	8/2.3.2	5492
2401	PICTURE	picture	32147	9f/	6289
2403	TOY	toy	55720	9d/	6192
2406	HOME	home	197759	9c/6	5985
2407	BIRTHDAY	birthday	68914	1a/1.2	12
2408	CAKE	cake	465	9b/	5818
2409	BROWN	brown	178	6b/	4843
241	TREE STUMP	stump	1037	2b.1/1.2	1478
2410	GOOD-LOOKING	attractive	62539	5c/3.2	3903
2411	HURT (SOMEBODY)	hurt	1735	1a/1.5.1	63
2412	THANK (SOMBEODY)	thank	2035	5f/11	4681
2422	SOMEONE	others	229940	5a/	3641
2423	CHANNEL	channel	951	2c.1/4	2189
2424	MEMBER	member	291832	3a/	2591
2427	FUTURE	future	185481	6i/4	5230
243	FRESH	fresh	1229	5c/8.1	4084
2432	MARRIAGE	marriage	18809	9d/	6129
244	LEFT	left	182663	1a/5.	340
2440	PINEAPPLE	pineapple	272744	2b.1/3.2	1574
2444	KINGFISHER	kingfisher	307387	2a.1/11.2	1152
2445	PAPAYA	papaya	157152	2b.1/3.2	1568
2447	WOODPECKER	woodpecker	61828	2a.1/11.2	1179
245	BROOM	broom	202400	9a/2	5606
2451	FOURTEEN	fourteen	227084	6h/	5094
2452	PURPLE	purple	301498	6b/	4857
2453	SEVENTEEN	seventeen	227237	6h/	5128
2454	SIXTEEN	sixteen	227186	6h/	5134
2457	PATH OR ROAD	way	69177	6j/8	5337
2458	PERSPIRE OR SWEAT	sweat	194088	1a/8.2	619
2459	GRINDSTONE	millstone	277367	2b.2/	2061
246	THRUST	thrust	55753	4b.4/2	3207
2462	WINNOWING	winnow	212702	2b.2/	2077
2466	WEIGHT	weight	18357	6g/	5054
2467	GAME	game	154380	9d/	6109
2468	BAG	bag	388	1a/9.7	744
2469	AGAINST	against	314013	8/1	5438
2470	DEAR	dear	152919	5c/8.3	4137
2471	LADY	lady	69028	3a/5	2537
2473	HIS (GENITIVE OF HE)	his	55431	3a/2	2459
2475	MALE GOAT	he-goat	69003	2a.1/4	1370
2477	YAK	yak	233111	2a.1/1	1098
248	HAPPEN	happen	176842	5b/	3679
2482	TOGETHER	together	12163	8/1.1	5462
2483	COLD (OF WEATHER)	cool	225146	5c/2.4	3805
2486	HIDE	hiding	323231	4a/1	2772
249	FOG	mist	234047	2c.1/3	2180
2493	BOIL	boil	219303	4b.3/	3106
2495	ELEPHANT TUSK	tusks	179908	1a/3.4.1	249
2497	RATTAN	rattan	35203	2b.1/3.3.4	1975
2498	OPIUM	opium	502	2b.1/3.3.2	1795
2499	KAPOK TREE	kapok	436581	2b.1/1.1	1437
25	DIRT	dirt	59070	2c.1/12	2150
2500	GINGER	ginger	190721	2b.1/3.2	1552
2501	RICE HUSK	husk	200666	2b.1/1.2	1456
2502	GONG	gong	205664	9a/	5696
2504	DIFFERENT	different	1205	5c/7.1	4057
2505	BEDROOM	bedroom	35856	9c/2	5910
2506	LOOSE	loose	1798	5c/5.1	3989
2508	PANGOLIN	pangolin	11488	2a.1/15	1315
2509	EXCHANGE	exchange	215405	4f.4/	3576
251	SHARPEN (SOMETHING)	sharpen	212600	4c.4/1	3320
2510	PORCUPINE	porcupine	11484	2a.1/16	1323
2511	GIBBON	gibbon	11140	2a.1/10	1100
2512	CHICK	chicks	344184	2a.1/11.1	1117
2514	SPOUSE	spouse	159257	3b/4	2658
2517	CROWDED	crowded	32304	5c/6.2	4050
2519	SEEING (VISUAL SENSE)	sight	115263	1a/2.6.9	197
252	FRIGHTEN	frighten	1696	5d/1.10.2	4213
2521	FEELING (HAPTIC SENSE)	feeling	213	5e/	4607
2522	SCREAMING	scream	1951	5f/4.1	4742
2524	JOY	pleasure	22181	5d/1.1.1	4197
2526	POWER	power	246962	1a/1.5	50
2527	ABILITY	ability	29840	5a/	3602
2530	SMART	smart	35185	5d/	4599
2531	BROAD	broad	1183	5c/5.1	3968
2534	DEPTH	depth	295014	6j/2	5278
2537	LENGTH	length	21443	6g/	5046
2539	PIT (POTHOLE)	pit	50375	2b.1/1.2	1463
2540	LIME (MATERIAL)	lime	198116	2b.1/3.2	1561
2541	MIRACLE	miracle	266461	9d/3.2	6054
2543	RAVEN	raven	232749	2a.1/11.2	1169
2544	SHEPHERD	shepherd	158613	3a/3.1.1	2497
2545	HARROW (TOOL)	harrow	290681	9a/1	5580
2546	BORDER	border	721	6j/7	5304
2547	CITY	city	198371	6k/3	5374
2548	BARREL	barrel	151087	9a/	5647
2549	VEHICLE	vehicle	204338	9a/	5798
255	SERVANT	servant	779	3a/10	2397
2554	PRINCE (RULER)	prince	36584	3a/5	2539
256	FOOD	food	11732	9b/	5838
2564	PIGLET	piglet	157333	2a.1/3	1360
2566	GELDING	gelding	232881	2a.1/2	1348
2567	CAPON	capon	10340	2a.1/11.1	1113
2569	BUTCHER	butcher	35910	3a/3.1.1	2493
257	WORSHIP	worship	2088	9d/1.3	6025
2570	BEEF	beef	35359	2a.1/1	1081
2571	TRY (TEST)	test	2034	4a/2.1	2879
2572	SENSE (PERCEIVE BY SENSES)	sense	35700	5e/	4621
2576	ALREADY	already	21700	8/1	5439
2577	YET	yet	2141	8/1	5455
2578	PENCIL	pencil	205052	9a/	5743
2579	TOOTHBRUSH	toothbrush	160263	3c/4	2763
258	CALM	calm	161	5c/3.1	3819
2584	BENCH	bench	183	9c/4	5951
2591	RHINOCEROS	rhino	435567	2a.1/5	1383
2595	CACTUS	cactus	62732	2b.1/4.1	2018
2601	UNICORN	unicorn	328569	2a.1/17	1330
2604	NOOSE	noose	156867	9a/	5736
2605	ASPARAGUS	asparagus	74858	2b.1/3.2	1538
2607	TRIPOD	tripod	11709	9c/6	5988
2617	BULB	bulb	273833	2b.1/1.2	1450
2623	FLAG	flag	205562	9a/	5692
2624	FRAME	frame	274	9f/	6274
2626	NERVE	nerve	10227	1a/6.6.3	564
2627	ORANGE (FRUIT)	orange	64	2b.1/3.2	1567
2628	PLANT STEM	stalk	20741	2b.1/1.2	1474
2629	TRAY	tray	46006	9f/	6297
263	HERDSMAN	herdsman	271827	3a/3.1.1	2495
2630	WHIP	whip	201890	9e/	6264
2631	WIRE	wire	161135	9a/	5808
2638	FISHING	fishing	726	2a.1/13	1209
2640	LARVA	maggot	188528	2a.1/14	1278
2643	INK	ink	205154	9a/	5705
2648	HAIR (HEAD)	hair of head	191894	1a/2.3	120
265	FOWL	fowl	233851	2a.1/11.1	1122
2651	BE IGNORANT	ignorant	260648	5d/2.5.4	4481
2655	JACKFRUIT	jackfruit	485	2b.1/3.2	1558
2656	MIDNIGHT	midnight	996	6i/3	5211
2657	LADLE	ladle	11280	9b/	5850
2658	COAL	coal	182204	2c.1/5	2231
266	SCALE	fish-scale	148860	1a/6.5.2	528
2662	TOENAIL	toenail	10588	1a/5.17.2	381
2663	UMBILICAL CORD	umbilical cord	10189	1a/9.3	715
2664	SCAB	scab	9948	1a/6.5.3	543
2665	WART	wart	10044	1a/6.5.3	546
2666	SOLE (FOOT)	sole	81	1a/5.6	415
2668	SKELETON	skeleton	570	1a/6.3.1	495
2669	POINT (WITH FINGER)	point	1873	4a/2.2	2911
267	NIT	louse egg	270728	1a/9.1	690
2670	ACROSS	across	49571	6j/8	5318
2680	MACHETE	machete	55561	9a/1	5585
269	COOKED	cooked	224279	9b/	5825
27	AIR	air	21317	1a/1.2.2	22
270	JUG	jug	285638	9a/	5711
2704	FADE (LOOSE COLOR)	fade	1665	6c/	4910
2705	INHALE	inhale	1748	1b/1.2.2	810
2706	GNAW	gnaw	207449	1b/3.4.4	935
2708	TALK	talk	2027	5f/10.1	4646
2709	FLATTER	flatter	154080	5d/2.5.3	4479
2712	GET DIZZY	dizzy, feel / giddy	432222	5d/1.11.11	4285
2715	DESPISE	despise	1589	5d/1.1.2	4200
2717	STEEP	steep	222086	5c/5.1	4005
272	TONGS	tongs	11728	9a/2	5622
273	DOUGH	dough	48620	9b/	5835
274	KNEAD	knead	233981	9b/	5848
275	PEEL	peel	1853	4c.4/	3347
2753	UNTIL	until	251969	8/1	5454
2754	TOWARDS	toward	61925	6j/8	5335
2755	BUSY	busy	73	5c/3.1	3818
2756	IDLE	idle	1737	5c/3.1	3854
2758	CAREFUL	careful	1185	5d/2.3.1	4456
2760	MAKE A JOKE	joke	1767	5f/9	4816
2765	CHERRY	cherry	277247	2b.1/3.2	1544
2766	WATERMELON	watermelon	279724	2b.1/3.2	1589
2769	PORK	pork	233260	2a.1/3	1362
277	SPINDLE	spindle	44546	9a/	5780
2770	JACKET	jacket	285621	3c/2.1.2	2703
2771	SHAWL	shawl	175408	3c/2.1.1	2694
278	AWL	awl	150927	9a/3	5625
2783	SCALES (MEASURE INSTRUMENT)	scale	34576	1a/6.5.2	529
279	THATCH	thatch	258	2b.1/3.3.4	1989
2797	SESAME	sesame	11744	2b.1/3.3.1	1708
28	MOISTEN	moisten	1818	4b.3/	3129
2805	BIRTH (ACCOUCHEMENT)	birth	18469	1a/1.2	11
281	POST	pole	197861	6e/	4993
2810	BREASTBONE	breastbone	283854	1a/6.3.2	496
2815	DIALECT	dialect	55598	9d/	6093
2816	ECHO	echo	61719	6a/	4823
2818	FORD (CROSSING)	ford	76960	2c.1/4	2197
2819	GRASSLAND	meadow	156324	2c.1/6	2273
2824	KNUCKLE	knuckle	35599	1a/5.11.5	369
2825	LEFT HANDED	left-handed	29682	1a/5.1	346
2827	MENSTRUATE	menstruate	10674	1a/9.1	692
2828	MOTH	moth	256956	2a.1/14	1283
2837	SWAN	swan	113	2a.1/11.2	1175
2838	TAME	tame	2028	9e/	6256
284	HOE	hoe	200972	9a/1	5581
2842	TURMERIC	turmeric	19112	2b.1/3.3.1	1721
2845	SIZE (OF OBJECT)	size	434974	6f/	5030
2846	MARCH	March	183938	6i/1	5171
2847	APRIL	April	183989	6i/1	5163
2848	MAY (MONTH)	May	184040	6i/1	5172
2849	JUNE	June	184091	6i/1	5170
285	THRESH	thresh	170295	2b.2/	2073
2850	JULY	July	184142	6i/1	5169
2851	AUGUST	August	184193	6i/1	5164
2852	SEPTEMBER	September	184244	6i/1	5176
2853	OCTOBER	October	184295	6i/1	5175
2854	NOVEMBER	November	184346	6i/1	5174
2855	DECEMBER	December	184397	6i/1	5166
2860	BOLT (MOVE IN HASTE)	rush	233171	4b.4/9	3293
2861	BUDGE (ONESELF)	budge	151793	4b.4/3	3208
2862	CONNECT	connect	209897	4d.2/1.3	3426
2864	DECREASE	decrease	1574	6c/	4902
2865	DIE (FROM ACCIDENT)	perish	1857	1a/1.6	80
2867	CALCULATE	calculate	211529	5d/1.13.1	4335
2869	BOTHER (HARASS)	bother	1478	4a/	2972
2870	RECOGNIZE (SOMEBODY)	recognize	1913	5d/1.13.1	4347
2871	SWING (MOVEMENT)	swing	45773	4b.4/4	3239
2876	ROAR (OF SEA)	roar	12074	5f/5	4769
2877	RUSTLE (OF LEAVES)	rustle	72192	6a/	4834
2879	SOUND (OF INSTRUMENT OR VOICE)	sound	1008	6a/	4837
2880	HALT (STOP)	stop	2005	4b.4/11	3191
2881	URGE (SOMEONE)	urge	271965	5f/10.3	4664
2882	ADD	add	45216	6h/	5055
2883	DISTURB	disturb	1607	5d/1.6.2	4433
2884	HANG	hang	1716	4a/1.5	2793
2885	HERD (SOMETHING)	herd	35238	2a.1/1	1092
2886	PRODUCE	produce	406196	4d.3/	3462
289	MOLD	mold	292317	2b.1/4.1	2023
2891	TIE UP (TETHER)	tether	271353	9e/	6257
2892	MAKE ANGRY (ANNOY)	annoy	1414	5d/1.6.1	4424
2893	NOTICE (SOMETHING)	notice	21465	5d/1.11.1	4242
2894	TUMBLE (FALL DOWN)	tumble	45803	4b.4/3	3222
2896	CAUSE TO (LET)	let	155877	4f.1/	3516
2898	CONVEY (A MESSAGE)	convey	1548	4f.5/	3598
29	GELD	castrate (cocks)	431018	1b/9.2.2.4	1044
290	ADZE	adze	279806	9a/	5641
2900	PROTECT	protect	220556	4a/2.1	2841
2903	CHAT (WITH SOMEBODY)	chat	152108	5f/8	4798
2904	RINSE	rinse	179812	4b.3/	3134
2905	KNIT	knit	308770	4d.3/	3458
2906	TRANSLATE	translate	2046	5f/16	4717
2907	ROT	decay	152925	6c/	4900
2909	PREPARE	prepare	1884	4d.3/	3461
291	PULL OFF (SKIN)	to skin	271298	1a/6.5	522
2910	BACK (DIRECTION)	back (direction)	182612	1a/4.8	319
2911	BACKWARD	backwards	277847	6j/8	5320
2912	FORWARD	forward	18472	6j/8	5326
2914	ONCE (IN THE PAST)	formerly	2120	5c/8.3	4140
2916	INSTANTLY (IMMEDIATELY)	instantly	285592	6i/3	5209
2919	STILL (CONTINUING)	still	12208	5c/3.1	3889
292	RUG	carpet	268228	9c/4	5953
2920	SUDDENLY	suddenly	2155	6i/	5260
2921	THEN	then	2142	6i/4	5244
2923	THITHER (THERE TO)	thither	22604	6j/4	5293
2925	HITHER (HERE TO)	hither	155042	6j/3	5288
2926	HARDLY	hardly	154848	5c/2.1	3760
2929	BENEFIT	profit	1888	9d/	6164
2931	BUSINESS	business	151851	9d/	6070
2932	COLD (CHILL)	chill	340039	6c/	4884
2934	CUCKOO	cuckoo	232728	2a.1/11.2	1141
2935	CURRENT (STREAM)	current	937	x/	6325
2939	FLOCK (OF ANIMALS)	flock	293978	2a.1/11.2	1146
294	TUMPLINE	tumpline	50895	3c/2.1.1	2696
2940	GATE	gate	281	9c/5	5974
2941	HAPPINESS	happiness	154830	5d/1.1.1	4189
2942	HOARFROST	hoarfrost	36163	2c.1/1	2090
2943	BUNDLE	bundle	273702	6h/	5066
2946	CRADLE	cradle	30920	9c/4	5956
2947	DAMAGE (INJURY)	injury	265878	1a/1.5.1	67
2949	LAIR	lair	155648	2a.1/18	1339
295	WHETSTONE	whetstone	50614	9a/4	5640
2950	MEANING	meaning	309022	5a/	3635
2951	POUCH	pouch	58688	1a/9.7.1	759
2952	SLAB	slab	70038	2c.1/10	2128
2953	SLEEVE	sleeve	199187	3c/2.3	2738
2954	SLICE	slice	286368	4c.4/2	3340
2955	STATE (POLITICS)	state	275375	5f/3	4737
2956	TUBE	tube	77626	1a/9.7	756
2958	LAUGHTER	laughter	19000	1b/8.9	1021
296	CROUCH	squat	19241	4a/1.4.1	2790
2960	LONGING (WISH)	desire	60578	5d/1.14.3	4365
2961	MESSAGE	message	156379	9a/	5728
2963	NET	net	727	9a/4	5638
2965	PAW	paw	585	1a/5.4	412
2966	PERCH (FISH)	perch	271026	2a.1/11	1112
2968	REASON	reason	274165	5d/1.13.1	4345
297	CROOKED	bent	233614	6f/	5008
2971	SIN	sin	50549	9d/3.1	6048
2973	STRAP	strap	292511	3c/2.3	2739
2975	THOUGHT	thought	167013	5d/	4603
2977	WORKER	worker	195719	4a/1	2781
2978	DISTANCE	distance	35989	6j/7	5307
298	SHRIEK	shriek	20137	5f/4.1	4744
2980	AREA	area	137196	6j/7	5302
2982	GIFT	present	21538	9d/	6161
2983	COMPANIONSHIP	company	275363	3a/12	2421
2984	HEAP	heap	18533	4a/2.1	2822
2985	HEIGHT	height	305785	5c/5.3	4028
2987	AMOUNT	amount	284696	6h/	5059
2988	PATTERN	pattern	123462	9d/	6152
299	SCOLD	scold	216068	5f/1	4638
2990	SACK	sack	286253	9a/	5767
2992	TIP (OF OBJECT)	tip	77599	6j/1	5264
2993	STROKE (OF PEN)	stroke	159533	5e/	4623
2995	TONE (MUSIC)	tone	11845	8/2.1.1	5480
2996	WEALTH	wealth	277170	9d/	6206
2997	COLORFUL	multicolored	222953	6b/	4855
2998	DAMP	damp	21788	4b.3/	3109
2999	EVERYWHERE	everywhere	2111	6k/4.0	5400
3	BRAVE	courageous	40195	5d/1.10.4.	4226
300	RATTLE	rattle	263147	6a/	4832
3001	POWERFUL	powerful	331583	1a/1.5	51
3002	PRECIOUS	precious	279751	5c/8.1	4087
3003	SOLID	solid	1350	1b/1.5	839
3004	FORMER	former	154234	5c/8.3	4139
3005	FAMILIAR	familiar	153736	5c/7.2	4071
3006	SPACE (AVAILABLE)	space	20915	6j/7	5313
301	CHIEFTAIN	chieftain	330297	3a/5.2	2544
3010	WAGTAIL	wagtail	160687	2a.1/11.2	1178
3011	GRUB	grub	63253	2a.1/14	1256
302	CLAN	clan	621	3a/12.2	2429
3025	BARN OR SHED	shed	286317	9c/1	5907
3028	GRAVEL	gravel	959	2c.1/10	2122
303	ABSTAIN FROM FOOD	abstain	62474	4c.7/1.2	3369
304	PREACH	preach	1882	5f/15	4711
3044	BOVINE	bovine	185519	2a.1/1	1083
3046	FODDER	fodder	191087	2b.1/3.3.4	1945
3049	COURAGE	courage	206174	5d/1.10.4.	4224
305	GRANDPARENTS	grandparent	330885	3b/1	2601
3050	SEEDLING	seedling	191231	2b.1/4.2	2042
3053	TIGHT	tight	224891	5c/5.1	4015
3057	FLAIL	flail	200921	9a/1	5575
3059	MALARIA	malaria	194648	9a/1	5586
3060	PHEASANT	pheasant	187151	2a.1/11.2	1165
3061	PHLEGM	sputum	61017	1a/8.4	642
3062	TURNIP	turnip	190568	2b.1/3.2	1588
3063	RAMIE	ramie	190160	2b.1/4.2	2039
3064	RUST	stain	178348	6b/	4862
3065	SADDLE	saddle	201941	9e/	6245
3066	SCARF OR TURBAN	turban	11694	3c/2.1.1	2698
3067	CLEAVER	chopper	202706	4c.4/2	3329
3069	FALSE	false	224585	5c/8.2	4111
307	HAWK	kite	76246	9d/	6118
3071	INSERT	insert	55562	4a/	2996
3072	MISPLACE	lose	220658	4c.7/1.1	3362
3073	MANAGE	manage	343726	5b/	3684
3074	FIX	fix	305620	4d.4/	3466
3075	SLANTED	slanting	170851	5c/5.1	4000
3076	SLOPE	slope	181490	5c/5.1	4003
3078	IRRIGATE	irrigate	155429	4b.3/	3125
3080	SPLIT OPEN	crack	1556	2c.1/8	2302
3081	CROPS	crops	189395	1a/7.6.1	600
3083	BALLOON	balloon	151004	9d/	6066
3085	CARROT	carrot	151958	2b.1/3.2	1543
3091	LEMON	lemon	123	2b.1/3.2	1560
31	PAN	pan	79934	9b/	5861
3102	TANK	tank	939	9a/	5787
3105	UMBRELLA	umbrella	392	3c/2.2	2733
3106	WARDROBE	wardrobe	18618	3c/2.1	2686
3110	CLAP	clap	1519	6a/	4818
3111	CONDUCT	conduct	30221	4a/2.2	2897
3114	GRATE (SOMETHING)	grate	179254	9c/	5996
3116	HATCH (OUT)	hatch	220046	1a/1.2	14
3119	MASSAGE (SOMEBODY)	massage	12135	5e/	4611
3122	PAINT (SOMETHING)	paint	1848	9d/	6148
3128	SHOWER (ACTION)	shower	158685	4b.3/	3138
3130	SPILL (SOMETHING)	spill	1989	4b.3/	3143
3131	SUNBATHE	sunbathe	159615	1b/6.5.3	995
3134	TYPE (ON SOMETHING)	type	69171	5a/	3659
3137	OAR	oar	36507	9a/	5737
3138	STRAWBERRY	strawberry	49277	2b.1/3.2	1582
3139	LADYBUG	ladybird	50340	2a.1/11.2	1153
3140	VEST	vest	160628	3c/2.1.2	2705
3142	BISON	bison	291803	2a.1/1	1082
3153	LORD	lord	11357	3a/5	2538
3166	TWENTY TWO	twenty-two	265071	6h/	5157
3168	DOWRY	dowry	46207	9d/	6097
3171	RINGWORM	ringworm	167606	2a.1/14	1284
3172	SCABIES	scabies	10100	1a/6.5	516
3174	WAKE UP (SOMEONE)	wake	2069	1a/1.4	43
318	FOOTPRINT	track	18273	4a/2.2	2927
3181	MUSTARD	mustard	18900	2b.1/3.1	1520
3187	DROWNED	drowned	35447	4b.3/	3120
319	LICK	lick	207347	1b/3.3.1	927
3193	CROSSBOW	crossbow	11725	9e/	6227
32	EARWAX	earwax	8810	1a/2.7.3	205
320	LAME	lame	9928	1b/5.19	977
3200	COUNTRYSIDE	countryside	152590	6k/4.0	5394
3202	CANNON	cannon	201584	9e/	6223
3204	INSULT	insult	1753	5f/2.1	4728
321	CHEW	chew	207296	1a/3.4.5	255
3213	HIRE OR RENT	hire	44596	4f.4/	3580
3215	CREEP	creep	1558	4b.4/9	3286
322	FIG	fig	241157	2b.1/3.2	1547
3222	TWIG	twig	46288	2b.1/1.2	1485
3224	WRING	wring	64494	4b.4/6	3268
323	FAT (ORGANIC SUBSTANCE)	grease	79416	1a/6.4.1	509
3230	DECEIVE	deceive	1571	5d/3.4.4.2	4539
3231	DEITY	deity	152946	9d/1.1	6011
3241	CORIANDER	coriander	302131	2b.1/3.3.1	1656
3243	CYPRESS	cypress	296696	2b.1/1.1	1431
3248	MAPLE TREE	maple	74376	2b.1/1.1	1438
3252	PANCREAS	pancreas	132544	1a/7.7	613
3257	CLITORIS	clitoris	10671	1a/9.5	727
3258	FALCON	falcon	48175	2a.1/11.2	1144
326	CLOAK	cloak	18993	3c/2.1.2	2701
3260	HORNBILL	hornbill	441	2a.1/11.2	1150
3261	HORNET	hornet	233930	2a.1/14	1263
3262	HORSEFLY	horsefly	271793	2a.1/14	1264
3263	LAP	lap	556	1a/4.4.1	300
3267	PULSE	pulse	10146	1a/7.1.1	575
3268	QUESTION	question	31	5f/7.1	4790
3269	PORCH	veranda	44288	9c/3.2	5947
3270	SEROW	serow	248915	2a.1/4	1376
3274	ENCIRCLE	surround	214997	4a/2.2	2923
3276	SUNSHINE	sunlight	9142	2c.1/11	2141
3279	MANTIS	mantis	233389	1a/9.9.4	781
3282	GROOM	groom	36126	3a/7.2	2569
3283	CAGE	cage	151892	1a/4.4.2	304
3284	GRAVEYARD	graveyard	35242	6k/5	5423
3288	WEED	weed	12023	2b.1/4.1	2031
3299	KIND	kind	1266	5d/3.2.1	4511
33	NETTLE	nettle	50565	2b.1/1.2	1460
330	HEADBAND	headband	48569	3c/2.1.1	2690
3302	QUARREL (VERB)	argue	170970	5f/2.1	4718
3303	PICTURE (PAINTING)	painting	48777	9d/	6151
3304	PICTURE (PHOTOGRAPH)	photo	157285	9f/	6288
331	HEADDRESS	headdress	305774	3c/2.1.1	2692
3313	JACKAL	jackal	232763	2a.1/6	1393
3314	LYNX	lynx	233116	2a.1/7	1403
3320	SNARE (TRAP)	snare	286386	9e/	6252
3325	PEARL	pearl	257071	2a.1/13	1216
3327	AUTUMN OR HARVEST SEASON	harvest	154852	2b.2/	2057
333	PLAIT	plait	191945	1a/2.3.2	129
3330	LENTILS	lentils	338168	2b.1/3.1	1515
3336	FUNERAL	funeral	35511	9d/	6108
3349	WRISTWATCH	wristwatch	199034	3c/3	2759
3350	GET UP FROM BED	get up	1703	1b/1.4	826
3361	OFFICIAL	official	195566	9d/	6144
3363	NOT HAVE	NEG+have	217496	8/7.2	5538
3367	STUTTERER	stutterer	126193	5f/4.7	4758
3368	POWDER	powder	369	2c.1/12	2161
3372	GALL BLADDER	gall bladder	10641	1a/7.3	580
3373	HAN CHINESE	Chinese	196025	3a/1	2374
3374	TIBETAN	Tibetan	69147	3a/1	2392
3375	PATIENT (SICK PERSON)	patient	157196	3a/3.1.5	2511
3376	ROBBER	robber	158171	4a/2.1	2860
338	RAKE	rake	201125	9a/	5760
3382	PEACOCK	peacock	234133	2a.1/11.2	1162
3384	WEASEL	weasel	233200	2a.1/15	1318
3385	ALUMINIUM	aluminum	150719	2c.1/5	2226
3386	SULPHUR	sulphur	286488	2c.1/5	2249
3388	PLACENTA	placenta	10676	1a/9.6	738
3389	MEASLES	measles	35638	9a/1	5587
3391	RICE STRAW	straw (rice)	286980	2b.1/3.3.2	1809
3396	BUILDING	building	292024	9c/6	5984
34	STAIRS	stairs	159316	9c/3.1	5940
3403	HORSE BARN	stable	159313	9c/5	5980
3404	TILE	tile	198218	9d/	6191
3405	RULER	ruler	275451	3a/5.2	2548
3407	FILE (TOOL)	file	31696	4c.4/1	3312
341	SICKLE	sickle	200870	9a/1	5601
3415	BALDHEAD	baldhead	10298	1a/2.3.3	132
3416	EVERY (EACH)	each	240403	6h/	5070
342	HAY	hay	296	2b.1/3.3.2	1790
3426	SURNAME	surname	206276	9d/	6184
3427	DIRECTION	direction	21441	6j/8	5324
3429	COMPARE	compare	1529	5d/	4565
343	VINE	vine	160648	2b.1/4.1	2030
3433	AUTONYM (OF PEOPLE)	autonym	196076	3a/1	2368
344	TREE TRUNK	trunk	1034	1a/4.1	273
3447	BEGIN OR START	begin	220403	6c/	4874
345	SAP	sap	1035	2b.1/3.3	1652
3452	MUCH	much	22309	5c/2.1	3770
3455	COMMEND	praise	1880	5f/2.2	4730
3458	SILENCE	silence	158737	5f/4.6	4754
346	BANYAN	bough	293905	2b.1/1.2	1449
3466	DANGEROUS	dangerous	1199	5c/8.2	4109
3468	KINDNESS	kindness	155561	5d/3.2.1	4513
3469	LEVEL	level	58966	5c/5.4	4037
347	SORGHUM	sorghum	189752	2b.1/3.1	1531
3470	LIAR	liar	19110	3a/11.3	2418
3471	OBLIGATION (DUTY)	duty	287230	5a/	3617
3480	THIRTY ONE	thirty-one	159997	6h/	5145
35	TAMARIND	tamarind	234312	2b.1/3.2	1585
351	TARO	taro	189956	2b.1/3.2.1	1644
352	UNTIE	untie	213722	4d.2/1.1	3420
353	STRIKE	strike	45756	4c.1/	3307
3533	ONE MILLION	million	11904	6h/	5100
3534	BEG	beg	1430	5f/10.3	4660
354	POUND	pound	11036	4c.1/	3304
3545	WATERY	watery	160817	2c.1/4	2224
355	CUT DOWN	fell	72790	4a/1.4.4	2792
3551	FETCH	fetch	1677	4a/2.2.3	2934
3552	GREET	greet	45488	5f/11	4673
3554	GOODBYE	farewell	305574	5f/11	4672
3556	FORTY ONE	forty-one	36082	6h/	5091
356	SHEARS	scissors	203420	9a/3	5632
359	POTTER	potter	290535	3a/3.1.4	2502
3608	WARRIOR	warrior	761	3a/6	2557
361	PEG	peg	157243	9f/	6287
3612	INDIGENOUS PEOPLES OF THE AMERICAS	Indian	11257	3a/1	2379
3613	LOWER BACK	lower back	172915	1a/4.8.1	322
3614	PANT	pant	9944	1b/1.2.2	811
3615	BLEED	bleed	10627	1b/6.2	987
3616	FAINT (PASS OUT)	faint	1667	1b/1.5.1	845
3617	STUMBLE	stumble	234874	4b.4/3	3217
3618	STAMP	stamp	178332	4a/2.1	2870
362	STRING	string	358	9a/	5786
3620	SLEEPY	sleepy	10113	1b/1.4.1	837
3621	DISABLED PERSON	cripple	21422	3a/7.1	2558
3624	LEPROSY	leprosy	890	9a/1	5583
3625	HEADACHE	headache	10295	1a/2.1	92
3626	KNOW	know	216782	5d/1.12.1	4328
3628	HONOR (SOMEBODY)	honor	77069	5d/2.5.2	4477
3629	HESITATE	hesitate	1724	5d/1.10.5	4238
363	DWELL (LIVE, RESIDE)	dwell	1796	4a/	2980
3630	PLAN	plan	1864	5d/	4597
3631	PRETEND	pretend	1886	5d/3.4.4.1	4523
3632	GENEROUS	generous	1234	5c/3.1	3842
3633	CURIOUS	curious	61920	5d/	4567
3635	ADULT	adult	1165	3a/9.1	2581
3637	WEAVER	weaver	18952	9a/	5804
3638	ASSEMBLE (GET TOGETHER)	assemble	1432	4f.1/	3493
3639	AVOID	avoid	1442	4a/	2968
3640	GOSSIP	gossip	167037	5f/8	4810
3642	COMPLAIN	complain	1533	5f/2.1	4720
3643	AGREE	agree	1404	5d/1.4.1	4389
3644	AGREEMENT	agreement	49592	5d/1.4.1	4390
3645	PERSUADE	persuade	1861	5d/2.3.3	4473
3647	TICKLE (SOMEBODY)	tickle	4195	1a/5.8.3	445
3648	SERVE (SOMEONE)	serve	248969	4a/2.1	2866
3649	PUNISH	punish	22490	4a/2.1	2844
365	SPLASH	splash	280293	4b.3/	3145
3657	GRANARY	barn	282196	6k/4	5385
3658	BELLOWS	bellows	11729	2c.3/1	2326
3659	POLISH (SOMETHING)	polish	63747	9d/	6160
366	LIMP	limp	1793	1a/5.19	390
3663	COWRIE SHELL	cowrie	141982	2a.1/13	1202
3665	TRAVEL	travel	2047	4b.4/4	3241
3666	WANDER	wander	2070	4b.4/4	3248
3667	LOST	lost	128	4c.7/1.1	3364
367	RIDE	ride	209081	4a/	3015
3670	PLUNDER	plunder	1872	4b.1/	3056
3673	MOURNING	mourning	829	5d/1.5.2	4406
3674	ANTELOPE	antelope	11461	2a.1/8	1408
3676	SHREW	shrew	11133	2a.1/16	1327
3677	MONGOOSE	mongoose	49838	2a.1/15	1313
3679	GROWL	growl	170837	1b/8.9.4	1031
3680	RUMINATE	ruminate	9983	5d/1.13.1	4348
3681	PARTRIDGE	partridge	11505	2a.1/11.2	1161
3683	CACKLE	cackle	35401	5f/5	4759
3684	PECK	peck	1852	2a.2/11	1418
3688	MARSH	marsh	48930	2c.1/6	2272
3689	BUBBLE	bubble	942	2c.1/4	2188
369	OWE	owe	215864	4f.4/	3582
3697	DIP	dip	153044	4b.3/	3111
3698	SINGE	singe	271300	2c.2/	2323
370	BARTER	barter	1449	4f.4/	3566
3700	LENGTHEN	lengthen	71666	6c/	4924
3701	HOLLOW	hollow	1249	5c/5.1	3986
3702	SLIPPERY	slippery	1345	5c/4.2	3932
3703	STICKY	sticky	29773	5c/4.2	3937
3704	ODOR (SMELL)	odor	234837	5c/4.5	3959
3705	SCATTER	scatter	1949	4c.7/2	3377
3709	BRILLIANT	brilliant	296012	5c/11.1	3738
3712	RAINCOAT	raincoat	44354	3c/2.2	2730
3714	LARYNX	larynx	16689	1a/3.5.4	267
3716	OVARY	ovary	116425	1a/9.1	696
3717	BADGER	badger	35834	2a.1/15	1306
3719	MARMOT	marmot	232984	2a.1/16	1321
372	POINTED	pointed	221066	4a/2.2	2912
3722	FLAMINGO	flamingo	233014	2a.1/11.2	1145
3724	STORK	stork	232860	2a.1/11.2	1174
3732	POMEGRANATE	pomegranate	36560	2b.1/3.2	1576
3733	FERRY	ferry	285307	9a/	5686
3736	INSTEP	instep	10093	1a/5.2.2	397
3737	BAREFOOT	barefooted	169425	1a/5.2.5	402
3739	MARTEN	marten	122537	2a.1/15	1311
3740	WHIRLWIND	whirlwind	61622	2c.1/1	2114
3743	BRASS	brass	22096	2c.1/5	2227
3744	INTERPRETER	interpreter	48791	5d/	4589
3747	SHAPE	shape	80253	6e/	4997
375	SNIFF	sniff	35723	1b/2.8.5	919
3758	WINDY	windy	301763	5c/5.1	4026
3759	FOGGY	foggy	59383	2c.1/1	2084
376	FRAGRANT	fragrant	225452	2b.2/	2056
3762	SAFE	safe	1330	5c/8.1	4092
377	LOUD	loud	1277	6a/	4825
3777	CATFISH	catfish	152031	2a.1/13	1201
378	PINCH	pinch	36	5e/	4615
379	BLUNT	blunt	224381	5c/5.1	3967
38	SPREAD OUT	spread	1993	6c/	4938
380	WRINKLED	wrinkled	168636	6d/2	4977
381	BLAME	blame	1469	5d/1.3.2	4387
382	GOVERN	govern	1706	4f.1/	3512
383	MASTER	master	156300	3a/5.1.2	2541
385	RESPECT (SOMEBODY)	respect	32507	5d/2.6.1	4492
387	SLING	sling	64021	3c/2.2	2732
388	FISHNET	fish-net	50317	2a.1/13	1211
39	KEEN	keen	155515	5c/3.1	3864
391	BLESS	bless	237792	9d/	6067
392	MAGIC	magic	863	9d/3.2	6051
394	SHAMAN (FOLK HEALER)	shaman	72845	3a/4	2530
398	PIERCE	pierce	12101	4c.4/1	3317
399	PLANTAIN	plantain	44423	2b.1/3.2	1575
4	COURTYARD	courtyard	282	6k/4.0	5395
40	ENVY	envy	1644	5d/2.6.2	4497
402	SURPASS	surpass	2015	6d/1	4959
404	ALCOHOL (FERMENTED DRINK)	alcohol	120598	2b.1/3.3	1648
41	IGNORE	ignore	264752	5d/2.5.4	4482
410	YAM	yam	234429	2b.1/3.2	1590
411	GOURD	gourd	233880	2b.1/3.3.4	1953
413	CARRY ON SHOULDER	carry on shoulder	210203	1b/4.3	966
42	STINKING	fetid	177146	5c/4.5	3957
420	FOREST	jungle	233972	2c.1/6	2266
421	RETREAT	retreat	218057	4b.4/2	3204
429	SWIDDEN FIELD	swidden	174430	6k/4	5392
43	LEAD (GUIDE)	guide	1714	4a/2.1	2821
430	TWIST	twist	2053	4b.4/6	3263
431	UPPER ARM	upperarm	10544	1a/5.8.1	440
442	FRONT TOOTH (INCISOR)	incisor	172892	1a/3.4	238
444	LONG HAIR	long hair	77012	1a/6.1	477
446	LOWER ARM	forearm	192864	1a/5.8	436
447	LOWER LEG	lower leg	166672	1a/5.9	456
45	EVIL	wicked	1376	5d/1.15	4375
457	BLIND PERSON	blind man	45932	1b/2.6.11.	882
459	SNAP (OF STICK)	snap	316273	6a/	4836
47	EXCRETA	excreta	48486	1a/8.6	659
472	PELICAN	pelican	232918	2a.1/11.2	1164
474	DRESS	dress	1618	4a/2.1	2809
476	CUP	cup	202910	9a/	5670
477	LATE	late	224483	6i/	5256
478	LIP	lips	236057	1a/3.2	226
479	GROW	grow	219485	6f/	5021
480	PLATE	plate	202859	9b/	5868
481	DISH	dishes	48299	9b/	5834
484	CONDEMN	condemn	1535	5f/2.1	4722
485	DISAPPEAR	disappear	1594	6c/	4904
487	SHY	shy	1346	5c/3.1	3885
489	KIDNEY	kidneys	132186	1a/7.5	591
49	REFUSE	refuse	1910	5f/6	4780
490	DESCENDANTS	descendant	277289	3b/3	2633
491	CENTER	center	42148	1a/9.3	707
492	THREE	three	226523	6h/	5147
493	FIVE	five	226625	6h/	5088
494	FLIRT	flirt	264833	5d/2.7.1	4500
495	REVENGE	revenge	1936	4b.1/	3062
496	CUCUMBER	cucumber	190364	2b.1/3.2	1545
497	SCAR	scar	9947	1a/6.5.3	544
500	CRUEL	cruel	1197	5d/3.2.2	4515
501	LIFT	lift	12092	4e.2/	3478
503	FROG	frog	187610	2a.1/12	1183
504	LEARN	learn	211682	5d/1.12.1	4330
505	PARENTS	parents	21400	3b/1	2610
506	MAIZE	but	2175	8/	5553
507	MELON	melon	190262	2b.1/3.2	1563
509	CERTAIN	certainly	231062	5d/1.12.1	4325
51	SORE	sore	887	1a/1.5.1	73
518	SPARK	sparks	268425	2c.3/3.3	2364
52	SHIVER	tremble	219587	4b.4/3	3220
522	WOLF	wolf	186590	2a.1/6	1396
525	BLOOD VESSEL	blood vessel	10333	1a/6.2.1	488
526	HOWL	howl	270921	5f/5	4762
528	DREADFUL	fearful	177537	5d/1.10.2	4212
53	SPIRIT	spirit	11794	9d/1.1	6017
530	FRECKLE	freckle	172970	1a/6.5.3	537
533	GLUTTON	glutton	17079	3a/11.3	2415
535	INFLATED	inflated	33395	6c/	4922
537	TURBID	turbid	234362	4b.3/	3156
539	NEST	nest	198728	2a.1/11	1111
540	PALATE	palate	10460	1a/3.1.1	220
543	SHUTTLE	shuttle	257615	9a/	5774
544	SPICY	spicy, hot	310366	2b.1/3.3.1	1719
549	COPULATE	copulate	10659	1b/9.1.1	1033
55	WHISPER	whisper	2082	5f/4.2	4750
550	DILUTE	dilute	179233	4b.3/	3110
554	HINDER	hinder	1727	4b.1/	3043
56	BAD LUCK	misfortune	281664	5a/	3637
568	RISE (MOVE UPWARDS)	rise	231944	1b/1.4	828
569	SPOIL (BECOME SPOILED)	rot	1943	2b.2/	2068
57	ATOP	upon	286645	6j/1	5267
571	STING	sting	2003	2a.2/14	1421
573	SWAY	sway	21598	4b.4/4	3237
575	TREAD	tread	208877	4b.4/4	3243
576	DANDRUFF	dandruff	172858	1a/2.1.5	106
578	KISS	kiss	1774	1a/3.2.2	232
579	BATTLE	battle	290465	4b.2/	3074
58	LIQUID	liquid	234017	2c.1/4	2203
580	FUR	fur	591	1a/6.1	471
581	COME BACK	return	1934	4a/2.1	2855
582	LEND	lend	215256	4f.4/	3581
583	KIND OR POLITE	polite	1304	4f.1/	3526
584	DIFFICULT	difficult	224789	6d/2	4960
585	BOOT	boot	35886	3c/1	2670
586	GARDEN	garden	1047	6k/4	5388
587	ANT	ant	187967	2a.1/14	1228
588	BROKEN	broken	239	5c/5.1	3969
589	CLOSED	closed	46341	6j/	5340
59	ELECTRICITY	electricity	36023	9f/	6270
590	NAKED	naked	1287	1a/1.1	3
592	PISS	pee	122008	1a/8.5	652
593	POTATO	potato	189905	2b.1/3.2	1577
594	PIECE	piece	18270	5c/6.1	4045
597	PHYSICIAN	physician	912	3a/3.1.5	2512
598	SHELL	shell	1031	2a.1/13	1217
6	EARTHQUAKE	earthquake	18825	2c.1/7	2291
600	STRANGE	strange	295374	x/	6404
601	LIE (MISLEAD)	deceive / cheat (people)	422439	5d/3.4.4.2	4541
602	HIDE (CONCEAL)	conceal	76710	4a/2.1	2804
603	COAT	coat	347	3c/2.1.2	2702
604	GLASS	glass	23	9f/	6276
605	GRAIN	grains	313316	2b.1/3.1	1509
606	GRASS	grass	191078	2b.1/4.2	2037
607	GRASSHOPPER	grasshopper	187916	2a.1/14	1255
609	HAIL	hail	180725	2c.1/1	2087
612	HEAT	heat	977	6d/2	4966
613	HIGH TIDE	flood	950	2c.1/4	2195
614	HILL	hill	922	2c.1/6	2263
615	HORSE	horse	185723	2a.1/2	1349
616	HOSPITAL	hospital	914	9a/2	5614
617	ICE	ice	180521	2c.1/4	2200
618	PRECIPICE	precipice	31980	2c.1/6	2279
619	ANIMAL	animal	89	2a.1/18	1331
620	INSECT	insect	444	2a.1/14	1269
621	IRON	iron	181898	2c.1/5	2235
622	ISLAND	island	20763	2c.1/6	2265
624	LAKE	lake	180980	2c.1/6	2267
625	LAMP	lamp	203573	2c.3/1	2340
626	LAND	land	965	2c.1/6	2268
628	LEAF	leaf	191384	2b.1/3.4	2014
629	LEATHER	leather	166734	1a/6.5.1	524
631	LIVESTOCK	livestock	148764	1a/1.1.1	9
632	LIZARD	lizard	430	2a.1/12	1187
633	MARKET	marketplace	204593	6k/5	5425
634	MEAT	meat	491	1a/1.1.1	10
635	MILK	milk	194291	1a/9.3	711
636	MILL	mill	202094	2b.2/	2060
637	MOSS	moss	1038	2b.1/4.1	2025
638	MOTORCYCLE	motorcycle	36404	9a/	5730
639	MOUNTAIN	mountain	181235	2c.1/6	2275
64	PIN	pin	290732	9c/	6000
640	MUD	mud	181592	2c.1/12	2159
641	MUSHROOM	fungus	154362	2b.1/3.3.1	1676
642	MUSIC	music	864	9a/	5731
644	OAK	oak	189140	2b.1/1.1	1440
645	OCEAN	ocean	285924	2c.1/4	2204
646	ASH	ash	1012	2c.3/3.3	2346
647	PAINT (PIGMENTS)	lacquer	288857	9d/	6119
648	PAPER	paper	204950	9a/	5740
649	PASTURE	pasture	69080	2c.1/6	2276
65	AMBUSH	ambush	48806	4b.2/	3071
651	SEAL	seal	45690	4d.4/	3469
652	PLAIN	plain	181439	5c/8.3	4152
653	PLANT (VEGETATION)	plant	1865	2b.2/	2062
655	POISON	poison	205970	4b.1/	3057
657	PRICE	price	204746	9d/	6162
658	RAIN (PRECIPITATION)	rain	180368	2c.1/1	2096
659	REED	reed	35202	2b.1/4.2	2040
66	KNEEL	kneel	208826	1b/5.11.4	974
661	RELIGION	religion	832	9d/3.2	6056
664	RESIN	pitch	338285	4c.9/	3412
665	BEE	honeybee	187763	2a.1/14	1260
666	RIVER	river	180878	2c.1/4	2209
667	ROAD	road	1063	6k/1	5355
668	ROCK	rock	957	2c.1/10	2126
670	ROOT	tuber	234360	2b.1/1.2	1484
671	SAND	sand	182153	2c.1/12	2164
672	EARLY	early	224432	6i/	5252
673	SCHOOL	school	206837	9d/	6173
674	MOUTH	mouth	192302	1a/3.1	217
675	FAECES (EXCREMENT)	feces	11615	1a/8.6	660
676	SHIT (DEFECATE)	shit	8843	1a/8.6	663
677	AXE	ax	200768	9a/3	5626
678	BEARD	beard	192506	1a/2.5.5	159
679	BRIGHT	bright	222443	5c/11.1	3736
68	TATTOO	tattoo	393	3c/3	2757
680	BREAK (DESTROY OR GET DESTROYED)	break	219026	6c/	4879
681	DESTROY	demolish	152957	4c.5/	3352
682	SIDE	side	182765	1a/4.5	309
683	PERSON	human	1253	3a/13	2448
684	OWN	own	1300	4f.1/	3519
685	DECIDE	decide	1572	5d/3.10	4510
686	EASY	easy	224738	5c/10	3711
687	NOTHING	nothing	1113	6h/	5114
688	LUNG	lungs	9993	1a/7.2	577
689	BETWEEN	between	11863	6j/3	5286
69	SOBER	sober	159034	1b/1.4	829
690	BOTTOM	bottom	233644	6j/2	5277
691	SEASON	season	1001	2c.1/1	2104
692	BRING	bring	1486	4a/2.2.3	2932
693	FROM	from	2182	8/1.1	5456
694	GET	obtain	1832	4f.3/	3560
695	GO	go!	319452	8/	5557
696	STIR	stir	2004	4a/2.1	2874
698	WISE	wise	1379	5d/3.3.1	4519
699	SAD	unhappy	160516	5d/1.5.1	4402
7	GATHER	gather	233	4d.2/5	3442
70	BRACKISH	brackish	48680	5c/4.4	3948
700	CARRY	carry	1497	4a/2.2.1	2931
701	SLOW	slow	223973	5c/10	3728
702	CATCH	catch	208367	4f.3/	3552
703	SOON	soon	21693	6i/	5259
704	CLEAN	clean	223463	5c/8.1	4079
705	GO UP (ASCEND)	ascend	217853	4b.4/7	3269
706	DARK	dark	222494	6b/	4847
707	REMEMBER	remember	216935	5d/1.16.1	4382
708	SHINE	shine	1963	1a/1.2.1	21
709	TEACH	teach	211631	4f.1/	3534
710	WHEEL	wheel	773	9a/	5807
711	TALL	tall	1359	6f/	5033
712	RICH	rich	226370	9d/	6169
713	STEAL	stealing	69128	4a/2.1	2872
714	SEED	seed	191180	2b.1/3.1	1529
715	SHOUT	yell	2093	5f/4.1	4746
716	GROAN	groan	1710	5f/5	4761
717	SWEET	sweet	225248	5c/4.4	3955
718	PAY	salary	248429	9d/	6172
719	FIND	find	1680	4f.3/	3558
72	CLAW	claw	188834	1a/5.17.4	384
720	GOOD LUCK	luck	308971	5a/	3631
721	LOW	low	220913	5c/5.3	4031
722	ATTACK	attack	1436	4b.2/	3072
723	PLACE (POSITION)	place	221	6k/4.0	5411
724	READ	read	207806	4a/2.9.3	2958
726	WHILE	while	2116	6i/3	5222
727	WHICH	which?	49013	8/6.1	5524
728	FIRST	first	228104	6h/	5087
729	DAWN	dawn	995	6i/3	5202
73	BEAK	beak	234712	1a/3.1.2	221
730	SNAKE	snake	187712	2a.1/12	1193
732	YOUR (SINGULAR)	your	1079	3a/2	2476
733	EARN	earn	1625	4a/	2981
734	MAKE	made	63509	4d.3/	3459
735	OWL	owl	18826	2a.1/11.2	1157
736	YARD	yard	313930	6j/7	5317
738	THING	thing	206378	5a/	3656
739	FEED	feed	1675	1b/3.5.7	956
74	PUPPY	cub	344027	2a.1/9	1417
740	SHIP	ship	310155	9a/	5772
741	DRIVE	drive	62966	4b.4/10	3173
742	END (OF SPACE)	end	1634	6c/	4905
744	EGG	egg	188630	1a/9.1	682
745	SHELF	shelf	120548	9c/4	5967
746	SHOP	shop	204644	6k/5	5427
747	BICYCLE	bicycle	35865	9a/	5653
749	ENTER	enter	218006	4b.4/1	3165
75	DISGRACE	disgrace	264741	5d/	4578
750	DROP	drop	142402	4e.2/	3472
751	SHRUB	shrub	1018	2b.1/1.2	1471
752	STORE	store	45753	6k/5	5430
753	PUPIL (STUDENT)	pupil	10431	1a/2.6.2	183
754	HURRY	hasten	1718	4b.4/3	3210
755	DENY	deny	1582	5f/6	4779
756	DEPEND	depend	273661	4a/2.2	2900
757	BUTTON	button	11706	3c/2.3	2736
758	HERON	heron	232724	2a.1/11.2	1148
759	SILVER	silver	181796	2c.1/5	2245
760	KNOT	knot	32001	9a/	5713
761	COVER	cover	1555	9d/	6084
762	OUTSIDE	outside	183020	6j/7	5310
763	SKIN	skin	193526	1a/6.5	518
765	MOVE	move	1820	4b.4/11	3185
766	MENSTRUATION	menstruation	73417	1a/9.1	693
767	CORPSE	corpse	823	1a/1.6.1	82
768	LUNCH	lunch	200054	9b/	5852
769	ROOF	roof	11783	9c/	6004
770	EARRING	earring	198932	3c/3	2746
771	HAT	hat	198830	3c/2.1.1	2688
772	BELT	belt	17829	3c/2.1.3	2707
773	HAVE	have	217445	5b/	3680
774	CABBAGE	cabbage (Chinese)	190517	2b.1/3.2.1	1593
775	TRUMPET	trumpet	18919	9a/	5792
777	FLUTE	flute	205766	9a/	5694
778	SMOKE (EXHAUST)	smoke	182306	2c.3/3.3	2361
779	PART	part	37546	4c.7/1.2	3373
78	THAT	those	169178	8/4.3.2	5509
780	OUR	our	1072	3a/2	2464
782	DEFEAT	defeat	771	4b.2/	3080
783	VICTORY	victory	770	4b.2/	3090
784	SNOW	snow	180419	2c.1/1	2107
785	STRONG	strong	1355	5c/8.1	4094
787	SAIL	sail	296067	4b.4/5	3254
788	SOAP	soap	203522	3c/4	2762
789	PEOPLE	nation	156731	9d/	6138
79	WASTE	waste	2075	9a/	5801
790	READY	ready	1315	5c/8.3	4159
791	STRANGER	stranger	159498	3a/12.3	2446
794	PEN	pen	205001	9a/	5742
796	NIPPLE	teat	69134	1a/9.4	723
797	TESTICLES	scrotum	150458	1a/9.7.1	760
798	JAW	jawbone	35587	1a/2.5.2	152
799	WRIST	wrist	542	1a/5.11.1	357
8	CURSE	curse	35273	5f/1	4630
800	THIGH	thigh	193433	1a/5.9.1	460
801	RIB	ribs	331703	1a/4.4.3	307
802	ADAM'S APPLE	Adam's apple	35310	1a/3.5.4	265
803	ANKLE	ankle	562	1a/5.11.2	359
804	WOMB	womb	10675	1a/9.6	742
805	SPINE	backbone	536	1a/4.8.2	324
806	BLANKET	blanket	719	9c/4	5952
807	SKILLED	skilled	171161	6d/1	4956
809	TROUSERS	pants	11697	3c/2.1.3	2714
81	FATHOM	fathom	233816	6g/	5042
810	LOCUST	locust	50551	2a.1/14	1276
811	SOUL	soul	577	1a/10.0	86
812	SLAVE	slave	780	3a/10	2398
813	DO	don't	231164	8/4.2.1	5502
815	GOVERNMENT	government	281991	9d/	6112
816	HALF	half	228257	6g/	5044
817	THEY	they	229838	3a/2	2472
818	WILLOW	willow	189242	2b.1/1.1	1448
819	STOMACH	belly; stomach	144457	1a/4.7	313
82	ANGER	anger	18942	5d/1	4180
820	LAMB	lamb	18243	2a.1/4	1372
821	POPLAR	poplar	157545	2b.1/1.1	1443
824	WITCH	witch	737	3a/11.2	2411
825	AWAKE	be awake	316100	1b/1.4	825
827	ROLL	roll	12118	4b.4/6	3256
829	RAFTER	rafter	142532	9c/	6002
83	FORBID	forbid	1688	4a/2.1	2816
831	BASE	base	133789	9c/	5990
832	BEAN	beans	190211	2b.1/3.1	1494
833	ENDURE	endure	1635	4a/	2985
834	BUTTOCKS	butt	10982	1a/4.10	276
837	BLUE	blue	222749	6b/	4842
84	JUST	just	21689	5c/10	3717
840	CORMORANT	cormorant	328716	2a.1/11.2	1138
842	LIQUOR	liquor	200464	2b.1/3.3.3	1887
843	SPIDER	spider	188069	2a.1/14	1294
844	KIND (THING)	sort	65999	4c.7/4	3395
845	MURDER	murder	1822	4b.1/	3049
846	TIGER	tiger	186284	2a.1/7	1405
847	THIRSTY	be thirsty	283582	1b/1.3.1	817
848	THIRST	thirst	18129	1a/1.3.1	33
849	SPRING (OF WATER)	source	55850	2c.1/4	2214
850	SQUARE	square	221168	6e/	4999
852	PRIEST	priest	849	3a/4	2529
853	ALTAR	altar	292902	9d/	6063
854	KETTLE	kettle	325	9b/	5846
855	SEIZE	grab	154592	4e.2/	3474
857	STONE	stone	1029	2c.1/10	2130
858	STORM	storm	1007	2c.1/1	2108
859	STOVE	stove	290906	9b/	5883
86	SIEVE	sieve	48558	9b/	5875
860	CAUSE	cause	10903	5b/	3677
862	SUGAR	sugar	200564	2b.1/3.3.2	1821
863	EDGE	edge	183071	6j/7	5309
864	PUMPKIN	pumpkin	190303	2b.1/3.2	1578
866	WIN	win	214691	4f.1/	3541
867	GLOVE	gloves	36105	3c/2.2	2726
868	BANANA	banana	486	2b.1/3.2	1539
869	BLADE	blade	151407	1a/4.3.2	294
870	BREATH	breath	576	1a/1.2.2	24
873	TAX	tax	21290	9d/	6188
875	SHOEMAKER	shoemaker	35887	3a/3.1.4	2504
876	ARCH	arch	150354	1a/5.2.3	398
878	HELL	hell	859	9d/4	6058
879	COUGH	cough	1553	1b/8.4	1005
88	BEEHIVE	hive	270869	2a.1/14	1258
880	REPEAT	repeat	1927	5f/10.2	4653
881	TAILOR	tailor	159739	3a/3.1.4	2507
882	PARROT	parrot	11502	2a.1/11.2	1160
883	TERMITE	termite	11520	2a.1/14	1296
884	SHARE	share	45698	5c/6.2	4053
885	OPPOSITE	opposite	273950	4b.2/8	3069
886	PARAKEET	parakeet	234132	2a.1/11.2	1159
887	BITTER	bitterness	210	9e/	6215
888	POISONOUS	poisonous	1303	4b.1/	3059
889	FLAME	flame	320	2c.3/3.3	2356
890	MULE	mule	185672	2a.1/2	1351
891	TIDE	tide	272671	2c.1/4	2217
892	TIME	time	183122	6i/4	5245
893	TIN (METAL)	tin	182051	2c.1/5	2250
894	TOAD	toad	11513	2a.1/12	1195
895	TORTOISE	tortoise	429	2a.1/12	1196
897	SWALLOW	swallow	2019	1b/3.5.6	948
898	TRADE	trade	2045	4a/2.1	2881
899	PRESIDENT	president	282116	3a/5.2	2546
90	INNOCENT	innocent	1260	5c/3.1	3861
900	TRAIN	train	204389	9a/	5790
902	ADULTERY	adultery	234697	3a/9.1	2582
905	BORING	bored	170296	5c/1	3699
906	TREE	tree	189038	2b.1/1.2	1482
908	DRUM	drum	205715	9a/	5676
909	GARBAGE	rubbish	280774	9a/	5766
91	INSOLENT	insulent	65465	x/	6358
910	DEATH	death	817	1a/1.6	79
911	TEMPLE	temple	198473	1a/2.5.1	146
913	CROW	crow	187377	2a.1/11.2	1140
915	SINK (BASIN)	basin	307292	9a/	5648
916	LINEN	linen	290817	9a/	5718
917	ORNAMENT	ornament	18214	9d/	6146
919	CHILI PEPPER	chillie	11733	2b.1/3.2.1	1619
92	SPOIL (SOMEBODY OR SOMETHING)	spoil	1992	6c/	4935
920	GRAPE	grapes	18630	2b.1/3.2	1554
921	VALLEY	valley	925	2c.1/6	2286
922	PEAR	pear	22053	2b.1/3.2	1571
923	LOVE	love	216629	5d/1.1.1	4191
924	VEGETABLES	vegetables	176743	2b.1/1.2	1488
926	RICE	rice	460	2b.1/3.1	1526
928	EMBRACE	embrace	1630	5e/	4605
930	VILLAGE	village	198422	9d/	6201
931	MILLET	millet	461	2b.1/3.1	1519
932	BARLEY	barley	189497	2b.1/3.1	1492
933	WALL (OF HOUSE)	wall	197810	9c/3	5928
934	BUFFALO	buffalo	400	2a.1/1	1084
935	WAR	war	762	9e/	6262
936	STALLION	stallion	232887	2a.1/2	1353
937	BIRD	bird	187202	2a.1/11	1106
938	MARE	mare	232828	2a.1/2	1350
940	STRAIN	strain	159490	4b.3/	3149
942	HONEY	honey	1024	2a.1/14	1259
943	WATERFALL	waterfall	936	2c.1/4	2222
945	SPEAR	spear	364	9e/	6253
946	BLOOD	blood	193628	1a/6.2	484
947	STREAM	stream	180914	2c.1/4	2216
948	WATER	water	180470	2c.1/4	2220
951	WEAPONS	weapon	160843	9e/	6263
952	WEATHER	weather	21318	2c.1/1	2113
953	RAPE	rape	1906	4b.1/	3061
954	WELL	well	181082	5c/8.1	4102
955	GREASY	greasy	10175	5c/4.2	3927
956	FLEE	flee	1682	4b.4/2	3200
957	WHALE	whale	232769	2a.1/13	1226
958	WILD ANIMAL	beast	21231	2a.1/18	1333
96	CRAWL	crawl	209438	4b.4/9	3284
960	WIND	wind	180317	2c.1/1	2115
961	PEBBLES	pebble	22579	2c.1/10	2124
962	WOMAN	women	327231	1a/9.9.3	777
963	BOOK	book	205256	9a/	5655
964	WOOL	wool	716	1a/6.1.3	481
965	WORLD	world	21429	6k/2	5372
967	YEAST	ferment	50717	2b.2/	2054
968	ACORN	acorn	150609	2b.1/3.1	1491
969	CIGARETTE	cigarette	22373	9d/	6074
97	THROUGH	through	160062	6j/8	5334
970	COCONUT	coconut	18307	2b.1/3.1	1505
971	MUST	must	12158	5b/	3688
972	BE ABLE	be able	316250	1b/1.2.3	814
973	NOODLE	noodles	200513	9b/	5857
974	TOBACCO	tobacco	191027	2b.1/3.3.2	1835
975	SPINACH	spinach	73236	2b.1/3.2.1	1641
976	WEAR	wear	142158	4a/2.1	2891
977	ARROW	arrow	201788	9e/	6211
978	WAVE	wave	943	4b.4/4	3249
979	FARMER	farmer	195770	6k/4.0	5402
98	ALL	everything	320124	6h/	5078
980	HEEL	heel	564	1a/5.2.1	393
981	ELBOW	elbow	192914	1a/5.11.3	361
984	WORK (LABOUR)	labour	277065	4a/1	2775
985	VINEGAR	vinegar	326549	2b.1/3.3.3	1917
986	TOMATO	tomato	189	2b.1/3.2	1587
987	REMAIN	remain	1921	4b.4/11	3187
988	ACQUIT	acquit	1397	5d/	4560
989	CLEAR	clear	1520	5c/8.3	4135
99	HUNCHBACK	hunchback	10305	1a/4.8.3	327
990	CREEK (TIDAL)	creek	152649	2c.1/4	2190
991	FRY	deep-fry	211988	9b/	5830
992	CLIFF	cliff	181286	2c.1/6	2252
993	RIVER BED	river-bed	31920	2c.1/6	2283
994	BOW	bow (weapon)	303678	9e/	6219
996	DEAF	deaf	1202	1a/2.7.5	207
998	PUT	put	1898	4e.3/	3486
999	JOINT	joints	164471	1a/5.11	356
