CONCEPTICON_ID	CONCEPTICON_GLOSS	ENGLISH	TRANSLATION_COUNT	LINE_IN_SOURCE
10	FIREWOOD	firewood	744	456
100	FAITHFUL	faithful	246	2010
1000	ANXIETY	anxiety	278	1688
1001	BLACKSMITH	smith	226	2261
1002	STATUE	statue	219	2370
1003	PERMIT	permit	321	1426
1004	MUSCLE	muscle	301	1549
1005	TWINS	twin	455	904
1006	BRICK	brick	312	1478
1007	COW	cow	832	386
1008	BULL	bull	567	678
101	BOAST	brag	235	2137
1010	BOUNDARY	boundary	435	950
1011	BRIDGE	bridge	615	597
1012	LATCH	latch	177	3306
1013	FRESHWATER EEL	freshwater eel	210	2506
1014	OR	or	445	925
1016	DRIZZLE	drizzle	307	1508
1017	APPEARANCE	appearance	222	2317
1018	MEMORY	memory	198	2745
1019	RIGHT	righthand	103	9359
102	COMMON COLD (DISEASE)	common	181	3167
1020	HANDKERCHIEF	kerchief	119	6867
1021	TOWEL	towel	300	1557
1024	CHARACTER	character	233	2157
1025	WHISTLE	whistling	173	3458
1027	BUG	bug	215	2434
1028	YAWN	gape	340	1338
1029	JEWEL	jewel	202	2666
1030	NECESSARY	necessary	181	3179
1032	CITIZEN	citizen	257	1869
1033	GRIND	grind	1547	91
1034	DEFENDANT	defendant	178	3259
1035	GOOD	good	1643	52
1036	OWNER	owner	270	1759
1038	TEACHER	teacher	421	995
1039	SHOW	show	695	498
1040	HAIR	hair	1693	32
1041	INCREASE	increase	407	1042
1042	CARPENTER	carpenter	302	1540
1043	BRAID	braid	353	1273
1044	PILLOW	cushion	224	2293
1045	POET	poet	213	2467
1046	SHUT	shut	616	596
1047	PURSUE	chase	410	1032
1048	LINE	line	487	829
1049	MOLAR TOOTH	molar	184	3109
105	MATTRESS	mattress	213	2466
1050	MOTHER-IN-LAW	mother-in-law	526	752
1052	LIGHT (WEIGHT)	light in weight	105	8955
1053	HUNTER	hunter	356	1257
1054	SMALLPOX	smallpox	260	1849
1055	FATHER-IN-LAW	father-in-law	524	757
1056	SON-IN-LAW	son-in-law	396	1079
1057	DAUGHTER-IN-LAW	daughter-in-law	373	1178
1058	STEPDAUGHTER	stepdaughter	175	3390
1059	STEPSON	stepson	195	2814
106	SATIATED	sated	115	7375
1061	ARMOUR	armor	161	3865
1062	LAW	law	400	1062
1063	NEPHEW	nephew	436	948
1064	SHIELD	shield	470	865
1065	SPIDER WEB	cobweb	136	5325
1066	CRIME	crime	232	2170
1067	JUDGMENT	judgment	188	2987
1068	COURT	court	330	1376
1069	GLUE	glue	360	1240
107	OMEN	omen	225	2274
1070	BUS	bus	257	1868
1071	HOOK	hook	570	673
1072	PRISONER	prisoner	302	1542
1074	FISHHOOK	fishhook	445	923
1075	TRAP (PITFALL)	trap	582	646
1076	EMERGE (APPEAR)	emerge	178	3261
1077	WHEAT	wheat	373	1183
1078	MAIN	main	148	4555
1079	FEEL	feel	397	1077
108	RUDDER	rudder	212	2483
1080	VULGAR	vulgar	109	8317
1082	MERCHANT	merchant	295	1588
1084	CALL	call out	139	5143
1085	FOLLOW	follow	785	424
1086	WORK (ACTIVITY)	work	1245	179
1087	CONCEIVE	conceive	263	1813
1088	SINK (DESCEND)	sink	507	785
109	FOREIGN	foreign	176	3339
1090	BE BORN	born	404	1049
1091	SALTY	salty	342	1323
1092	HOPE	hope	391	1098
1093	MIDDLE	middle	540	722
1094	FASTEN	tie up	908	331
1095	LET GO OR SET FREE	let go	279	1682
1096	SONG	song	554	698
1097	ABANDON	abandon	252	1928
1098	WEIGH	weigh	314	1465
11	DARKNESS	darkness	571	669
110	MOTOR	motor	157	4084
1100	COOK (SOMETHING)	cooking	148	4537
1101	SUFFER	suffer	327	1394
1102	CLIMB	climb	932	318
1103	SACRIFICE	offering	206	2599
1104	NURSE	nurse	289	1614
1105	CAMP	camp	274	1721
1106	FALL ASLEEP	fall asleep	114	7469
1107	GO OUT	exit	253	1920
1108	UNCOVER	uncover	497	806
1109	WOUND	wound	604	618
1110	SHARK	shark	357	1254
1111	CAR	car	340	1336
1112	SUCCEED	succeed	208	2555
1113	WRAP	wrap up	239	2096
1114	BULLET	bullet	246	2006
1115	SPEECH	speech	437	945
1117	LIKE	like	502	795
1118	ACCUSTOM	get accustomed	106	8753
1119	DIVIDE	divide	680	518
112	TURTLE	turtle	672	527
1120	HONEST	honest	188	2986
1121	SECRET	secret	362	1235
1122	WAGES	salary	186	3052
1123	PREGNANT	be pregnant	126	6091
1124	PIPE	tobacco pipe	190	2955
1125	BALD	bald	475	853
1126	CITRUS FRUIT	citrus fruit	142	4948
1127	SEND	send	633	575
1128	ORDER	order	510	781
1129	PAINFUL	painful	420	999
113	SHORE	shore	520	765
1132	BEAM	beam	306	1513
1133	MATCH	matches	119	6875
1134	DIVORCE	divorce	385	1127
1135	KICK	kick	549	704
1136	RABBIT	rabbit	487	830
1137	TENDON	sinew	349	1290
1138	FAIRY	fairy	185	3072
1139	LEOPARD	panther	150	4428
114	PORPOISE	porpoise	174	3415
1140	FATIGUE	fatigue	202	2663
1141	PITY	pity	368	1211
1142	URINE	urine	894	340
1143	OVEN	oven	299	1559
1144	WITNESS	witness	317	1451
1145	SWAMP	swamp	499	802
1146	AUBERGINE	aubergine	120	6724
1147	PURE	pure	230	2204
1148	BRUISE	bruise	368	1205
1149	ORPHAN	orphan	445	926
1150	THUNDER	thunder	1116	227
1151	VEIL	veil	209	2526
1152	BEGET	beget	205	2616
1153	CATTLE	cattle	590	637
1154	OLIVE	olive	228	2227
1155	CAVE	cave	562	685
1156	OPEN	open	1045	269
1157	BECAUSE	because	614	598
1158	STEP	step	278	1701
1159	FART	break wind	428	967
1160	THIEF	thief	588	640
1161	THREAD	thread	525	756
1162	INTENTION	intention	272	1743
1163	BRIBE (AMOUNT)	bribe	182	3145
1165	MOUSTACHE	whiskers	130	5817
1166	MOULD	mould	313	1469
1167	GRUEL	gruel	176	3340
1168	HAWTHORN	hawthorn	103	9296
1169	OX	ox	380	1146
117	IMITATE	imitate	461	887
1171	MIRROR	mirror	490	819
1172	SHOOT	shoot	1068	248
1173	EYEBROW	brow	151	4354
1174	YESTERDAY	yesterday	1185	204
1175	GHOST	ghost	528	749
1176	SPADE	spade	258	1862
1177	DIARRHEA	diarrhoea	174	3404
1178	NOSTRIL	nostril	398	1075
1179	DAY AFTER TOMORROW	day after tomorrow	372	1185
118	BEWITCH	bewitch	247	1993
1180	DAY BEFORE YESTERDAY	day before yesterday	378	1155
1181	PALM TREE	palm tree	273	1737
1182	NOISE	noise	461	889
1183	PALM OF HAND	palm of hand	227	2245
1184	DIMINISH	diminish	253	1917
1185	VULTURE	vulture	414	1023
1187	GOOSE	goose	373	1179
1188	CHARCOAL	charcoal	785	423
1189	ULCER	ulcer	230	2206
119	DIVE	dive	359	1245
1190	HARE	hare	423	980
1191	COOKED RICE	cooked rice	121	6599
1192	THREATEN	threaten	385	1132
1193	STEAM	vapor	135	5453
1194	BEAVER	beaver	198	2734
1195	GIVE BIRTH	give birth	488	825
1197	BABOON	baboon	348	1293
1198	MANY	several	1054	261
1199	WIFE	wife	1262	177
12	MIDDAY	midday	402	1059
120	PITCHER	pitcher	262	1827
1200	HUSBAND	husband	1237	183
1201	FEATHER	plume	120	6785
1202	BIG	great	348	1298
1203	LONG	long	1574	81
1204	BARK	bark	1236	184
1205	TONGUE	tongue	1786	6
1207	YOUNG	young	647	559
1208	CAT	cat	855	370
1209	I	I	1663	42
121	SPIN	spin	326	1402
1210	HEAVY	heaviness	147	4621
1211	HE	he	1361	136
1212	WE	we	1650	48
1213	YOU	you all	652	552
1214	THIS	these	270	1763
1215	THOU	thou	1297	162
1216	MOTHER	his mother	649	554
1217	FATHER	his father	663	542
1218	ROPE	cord	959	309
1219	WORM	worm	1065	249
122	CART	cart	304	1524
1220	TAIL	tail	1651	47
1221	NOSE	nose	1754	17
1222	PENIS	penis	967	305
1223	HEART	heart	1465	113
1224	LIVER	liver	1663	43
1225	DAY (NOT NIGHT)	daytime	648	557
1226	YEAR	year	1271	173
1227	BOARD	plank	189	2968
1228	EARTH (SOIL)	Earth	230	2195
1229	OLD	old	1451	115
123	FOREHEAD	forehead	872	358
1230	DIRTY	dirty	1174	209
1231	NEW	new	1668	39
1232	WARM	warm	1018	282
1233	NIGHT	night	1706	27
1234	SMOOTH	smooth	684	511
1235	WHO	WHO	109	8174
1236	WHAT	what	1561	85
1237	WHERE	where	1335	148
1238	WHEN	when	1154	215
1239	HOW	how	1017	283
124	THORN	thorn	649	556
1240	NOT	not	1107	233
1241	SOME	some	535	736
1242	FEW	a few	177	3287
1243	WIDE	wideness	661	543
1244	THICK	thick	1026	276
1245	BUTTER	butter	335	1355
1246	SMALL	little	1481	103
1247	EAR	ears	116	7193
1248	EYE	eyes	139	5152
125	SWEAT (SUBSTANCE)	sweat	832	387
1250	JAGUAR	wildcat	145	4798
1251	BELLY	abdomen	1205	195
1252	HOUSE	house	1523	97
1254	HANDLE	handle	405	1046
1256	HEAD	head	1726	21
1257	WING	wing	1401	123
1258	FINGERNAIL	fingernail	1024	277
1259	WEDDING	wedding	315	1459
126	SWEAT (PERSPIRE)	perspire	316	1452
1261	SING	sing	1033	273
1262	BROTHER	brothers	150	4404
1263	SISTER	sister	1024	278
1264	CHANGE	change	572	668
1265	HIGH	high	468	868
1266	BRIDE	bride	276	1708
1267	NARROW	narrow	978	299
1268	YES	affirmative	535	733
1269	NO	no	1114	230
127	EXTINGUISH	extinguish	494	809
1270	WHY	why	561	687
1271	DELIGHT	delight	177	3293
1272	AUNT	aunt	607	611
1273	CANDLE	candle	392	1093
1274	SALT	salt	1453	114
1275	ANSWER	answer	746	454
1276	AUTUMN	autumn	365	1221
1277	HAND	hand	1661	44
1278	VOMIT	puke	119	6886
1279	FAT (OBESE)	fatness	154	4219
128	MUMBLE	mumble	201	2684
1280	FALL	Fall	114	7402
1281	PRISON	jail	328	1386
1282	FAT (FROM ANIMALS)	lard	142	4965
1283	TODAY	today	984	296
1284	BANK	bank	425	977
1285	IMPORTANT	important	251	1943
1286	HOT	hot	1475	105
1287	COLD	coldness	195	2798
1288	CAP	cap	470	864
1289	BABY	infant	602	623
129	CHOKE	choke	351	1281
1290	ELEPHANT	elephant	761	440
1291	BACK	back	1497	100
1292	BAD	bad	1482	102
1293	MISTAKE	error	298	1565
1294	ZERO	zero	311	1485
1295	STICK	stick	1382	127
1296	WALKING STICK	walking stick	322	1421
1297	LEG	leg	1557	87
1298	NEWSPAPER	newspaper	247	2000
1299	COFFEE	coffee	415	1014
13	DECEIT	deception	139	5148
130	GRATIS (OF CHARGE)	free of charge	100	9838
1300	COUNTRY	country	579	652
1301	FOOT	feet	141	5022
1302	FORK	fork	476	852
1303	FINGER	finger	1023	279
1305	CHIMNEY	chimney	226	2256
1306	QUEEN	queen	312	1480
1307	LANGUAGE	language	843	378
1308	DOUBT	doubt	336	1354
1309	ASK (INQUIRE)	inquire	541	720
131	FESTIVAL	party	203	2651
1310	CLEVER	clever	413	1024
1311	VERY	very	430	962
1312	FOX	fox	467	871
1313	MOON	Moon	221	2328
1314	QUIET	be quiet	176	3333
1315	RADIO	radio	215	2443
1316	TENT	tent	335	1358
1318	CHICKEN	chicken	611	602
1319	COWARD	coward	275	1713
132	SAUCE	sauce	195	2809
1320	APPLE	apple	326	1396
1321	BOTTLE	bottle	414	1016
1322	BREAKFAST	breakfast	341	1326
1323	CLOCK	clock	417	1006
1324	SLIP	slip	482	839
1325	FRIEND	friend	871	361
1326	DOWN	downwards	151	4360
1327	UNCLE	uncle	694	500
1329	TOMORROW	tomorrow	1187	203
133	WEAVE	weaving	108	8462
1330	DEFEND	defense	120	6752
1331	SHEEP	sheep	811	406
1332	NEIGHBOUR	neighbour	271	1749
1333	NECK	neck	1630	61
1334	GUTS	gut	934	317
1335	WHITE	white	1665	41
1336	EAT	eat	1703	28
1337	PIG	hog	198	2740
1338	PEACE	peace	504	790
1339	MORNING	morning	979	298
134	FAULT	guilt	145	4763
1340	WITH	with	484	836
1342	SUMMER	summer	473	857
1343	SUN	Sun	278	1687
1344	RAM	ram	411	1031
1345	EWE	ewe	280	1672
1346	THROAT	throat	851	372
1347	NAPE (OF NECK)	nape of neck	187	3018
1348	BOAR (MALE PIG)	boar	295	1584
1349	CHURCH	church	409	1035
135	BOOMERANG	boomerang	184	3100
1350	MONKEY	monkey	749	453
1352	KNIFE	knife	1217	189
1353	HOUR	hour	462	884
1354	NEXT	next	251	1945
1355	LAUGH	laugh	1420	119
1356	NUMBER	number	837	382
1357	DAUGHTER	daughter	826	393
1358	ENEMY	enemy	528	748
1359	SEPARATE	separate	565	684
136	HERE	here	986	294
1360	DUCK	duck	774	429
1361	TOOL	wrench	131	5754
1362	STREET	street	341	1334
1363	VOICE	voice	824	395
1364	HEALTHY	health	370	1196
1365	KITCHEN	kitchen	421	993
1366	BOY	boy	979	297
1367	CROSS	cross	548	708
1368	BREAD	bread	645	561
1369	GOLD	gold	521	761
137	COCA	coca	102	9455
1370	MONTH	month	786	422
1371	KNEE	knee	1558	86
1372	MEDICINE	medication	180	3207
1373	TEA	tea	389	1113
1374	RING	ring	489	823
1375	WINDOW	window	534	738
1376	NOW	now	780	426
1377	VISIT	visit	308	1503
1378	SPOON	spoon	636	571
1379	TELEPHONE	phone	150	4431
138	BATHE	bath	192	2888
1380	TOOTH	teeth	312	1481
1381	SHOE	shoes	149	4501
1382	NEEDLE (FOR SEWING)	needle	835	384
1383	GRANDFATHER	grandfather	796	416
1384	SECOND	second	484	834
1385	PEPPER	pepper	471	861
1386	LION	Lion	135	5367
1387	ARRIVE	reach	389	1111
1388	SHADE	shade	894	338
1389	TOE	toe	726	468
139	GUMS	gum	261	1836
1390	WRONG	wrong	498	803
1391	TOWN	town	629	580
1392	LOUSE	lice	129	5858
1393	HORN (ANATOMY)	horn	1209	192
1394	BONE	bone	1762	13
1395	ROUND	round	876	354
1396	SHARP	be sharp	105	8886
1398	DRY	dry	1625	66
1399	CLAY	clay	580	649
14	YOKE	yoke	237	2126
140	PADDY FIELD	paddy	107	8582
1400	THIN (SLIM)	slimy	128	5963
1401	DRINK	drink	1648	49
1402	BREAST	bosom	183	3124
1403	BITE	bite	1609	72
1404	STRAIGHT	straight	901	332
1405	NAME	name	1757	15
1406	FAR	distant	1153	216
1407	BREATHE	breathing	197	2758
1408	HEAR	hear	1724	22
1409	SEE	see	1764	12
1411	LIE (REST)	lie	1336	146
1412	RUDE	rude	170	3561
1413	PLAY	play	858	369
1414	SQUEEZE	wring	841	379
1416	SIT	sit	1580	79
1417	KILL	kill	1610	71
1418	DIG	dig	1335	147
1419	FEAR (BE AFRAID)	be afraid	698	493
1420	COUNT	counting	106	8721
1421	SUCK	suck	1085	241
1422	BE ALIVE	be alive	669	530
1423	FIGHT	fight	1037	271
1424	YELLOW	yellow	1347	141
1425	GREEN	green	1377	129
1426	EXPENSIVE	expensiveness	101	9630
1427	BEAUTIFUL	beautiful	629	579
1428	BURNING	burning	135	5385
1429	FULL	become full	128	5899
143	HUMID	moist	277	1705
1430	STAR	star	1751	18
1431	FREEZE	freeze	285	1636
1432	CUT	cut	1416	120
1433	HIT	hit	1320	157
1434	STAB	prick	231	2191
1435	HUNT	hunting	324	1408
1436	SCRATCH	scratch	1063	250
1437	SPLIT	split	1091	237
1438	FOOL	fool	239	2088
1439	SWIM	swimming	126	6148
144	MACHINE	machine	264	1806
1440	SPIT	spit	1138	222
1441	FLY (MOVE THROUGH AIR)	flying	121	6618
1442	STAND	standing	136	5355
1443	WALK	walk	1472	110
1444	TURN AROUND	turn around	421	996
1445	TURN (SOMETHING)	turn round	429	966
1446	COME	come	1726	20
1447	GIVE	give	1472	108
1448	HOLD	hold	1190	202
1449	RUB	rub	875	355
145	SORROWFUL	sorrowful	120	6797
1450	ROOM	room	478	848
1451	SMILE	smiling	100	9918
1452	PUSH	push	1023	280
1453	WASH	wash	1201	197
1454	WIPE	wipe off	115	7394
1455	PULL	pull	1080	244
1456	THROW	throw	1264	176
1457	SEW	sew	1177	206
1458	SAY	said	102	9527
1459	IF	if	792	419
146	SUGAR CANE	cane	260	1844
1460	IN	within	168	3648
1461	AT	at	552	702
1462	POT	jar	186	3043
1463	DRUNK	get drunk	101	9644
1464	LADDER	ladder	443	930
1465	BOX	container	206	2591
1466	EXACT	exact	151	4362
1467	CIRCLE	circle	362	1233
1468	LOOK FOR	seek	677	523
1469	WEEK	week	485	831
147	COCONUT TREE	coconut palm	121	6597
1470	FOLD	fold	429	964
1471	WINTER	winter	482	840
1472	KEY	key	434	954
1473	FIST	fist	421	992
1474	SEA	sea	1061	253
1475	COMB	comb	670	529
1476	CHAIR	seat	362	1234
1477	KEEP	keep	408	1039
1478	WITHOUT	without	273	1739
1479	DOLPHIN	dolphin	253	1919
1480	BODY	body	1047	267
1481	HAMMER	mallet	121	6644
1482	SHOULDER	shoulder	1397	125
1483	NINE	nine	1344	143
1484	OIL (ORGANIC SUBSTANCE)	oil	919	324
1485	BELOW OR UNDER	underneath	261	1841
1487	POUR	pour away	109	8277
1488	FAUCET	faucet	145	4760
1489	CLOUD	clouds	104	9072
149	ITCHY	itchy	128	5937
1490	RAT	rat	1334	149
1491	MOUSE	mouse	1092	236
1492	DUMB	dumb	326	1397
1493	ONE	one	1823	1
1494	DIE	pass away	156	4131
1495	HAPPY	glad	318	1446
1496	GRANDMOTHER	grandmother	782	425
1497	POSTCARD	postcard	126	6138
1498	TWO	two	1810	3
1499	JUICE	juice	258	1860
15	OTTER	otter	186	3048
150	WORRY	worry	359	1248
1500	FOUR	four	1624	68
1501	BORE	perforate	104	9152
1502	GOAT	she-goat	121	6674
1503	SALIVA	spittle	319	1442
1504	FLY (INSECT)	housefly	151	4367
1505	SPERM	sperm	238	2105
1506	MEASURE	measure	534	737
1507	FRUIT	fruit	1182	205
1508	KING	king	575	664
1509	MOSQUITO	gnat	334	1360
151	RAZOR	razor	414	1021
1510	CHIN	chin	1114	229
1511	ROOSTER	cockerel	137	5258
1514	HEN	hen	606	614
1515	TEN	ten	1474	107
1517	WASP	wasp	514	773
1518	STUPID	foolish	379	1151
1519	RUN	run	1145	219
152	HOOF	hoof	260	1846
1520	CRUSH	crush	492	816
1521	SEEM	seem	255	1902
1522	SOCK	socks	110	8134
1523	FORGET	forget	805	409
1524	WINE	wine	422	988
1525	COAST	coast	278	1690
1526	MEAL	meal	414	1018
1527	TICK	tick	379	1152
1528	FORGIVE	forgive	350	1284
1529	LAST (FINAL)	last	465	874
153	GREY	gray	207	2569
1530	BOWL	bowl	399	1068
1531	BRANCH	limb	152	4320
1532	SHEAR	shear	123	6432
1533	BE HUNGRY	be hungry	116	7172
1534	FEVER	fever	476	851
1535	SWORD	sword	520	766
1536	UNDERSTAND	understand	480	844
1537	SPRINGTIME	spring	692	505
1538	SCORPION	scorpion	704	489
1539	BASKET	basket	761	439
154	UDDER	udder	359	1247
1540	EYELASH	eyelashes	107	8539
1541	CULTIVATE	cultivate	407	1041
1542	ACCOMPANY	accompany	298	1563
1543	SNAIL	snail	596	630
1544	SOMETIMES	sometimes	332	1369
1545	HOST	host	288	1618
1546	TWICE	two times	176	3353
1547	SOUP	broth	378	1154
1548	UGLY	ugly	451	911
1549	TRIBE	tribe	318	1450
1550	PREVENT	prevent	332	1367
1551	FEMALE	female	1466	112
1552	GLOOMY	gloomy	134	5499
1553	MALE	male	1565	84
1554	MAN	men	126	6131
1555	CHAMELEON	chameleon	295	1585
1556	YOLK	egg yolk	202	2661
1557	BEGINNING	beginning	419	1002
1558	SIMILAR	alike	157	4050
1559	MONEY	money	672	526
156	RED	red	1591	74
1560	FACE	face	1087	239
1561	ARMY	army	336	1353
1562	MIND	mind	381	1141
1563	PYTHON	python	326	1400
1564	LAZY	lazy	542	717
1565	HEAVEN	heaven	445	924
1566	GUN	rifle	219	2366
1567	DOOR	doorway	203	2648
1568	ARRANGE	arrange	331	1372
1569	CHEESE	cheese	346	1308
157	DYE	dye	306	1514
1570	EQUAL	equal	237	2115
1571	SELL	sell	640	567
1572	SURPRISED	surprised	261	1839
1573	SWELL	swollen	186	3055
1574	FLOAT	float	581	647
1575	COCKROACH	roach	107	8605
1576	PILE UP	heap up	186	3040
1577	AND	and	920	323
1578	IGUANA	iguana	141	5031
1579	BE	will	257	1880
158	PUT ON	clothe	230	2197
1580	ONLY	only	596	629
1581	ALLIGATOR	alligator	597	628
1583	BRAIN	brains	436	946
1584	BLISTER	blister	329	1381
1585	SLEEP	sleep	1676	36
1587	SMELL (STINK)	stink	236	2134
1588	TURN	turn	1052	263
1589	HUMMINGBIRD	hummingbird	109	8238
159	SWEET POTATO	sweet potato	396	1081
1590	WAIT (FOR)	await	149	4463
1591	UP	upwards	130	5813
1592	CHEST	chest	1079	245
1593	DEEP	deep	642	565
1594	FLOUR	flour	571	670
1595	SOUTH	south	599	627
1596	LOCK	lock	367	1213
1597	AIRPLANE	plane	254	1912
1598	NORTH	north	581	648
1599	WORD	words	142	4992
16	SLED	sled	109	8295
160	SET (HEAVENLY BODIES)	set	431	961
1600	SKIRT	skirt	360	1243
1601	WEAK	feeble	165	3738
1602	WAKE UP	get up	274	1725
1603	MOSQUE	mosque	225	2273
1605	SKULL	skull	457	899
1606	INSIDE	interior	157	4076
1607	HATE	hate	595	631
1608	LISTEN	listen to	139	5160
1609	IDEA	idea	304	1527
161	MISS (A TARGET)	miss	402	1060
1610	PROSTITUTE	harlot	133	5579
1611	INVITE	invite	307	1510
1612	LETTER	letter	394	1083
1613	COLOR	colour	227	2238
1614	SUMMIT	summit	215	2446
1615	ESCAPE	escape	379	1150
1616	CLOTH	cloth	577	660
1617	GRANDCHILD	grandchild	340	1339
1618	GRANDSON	grandson	399	1070
1619	GRANDDAUGHTER	granddaughter	366	1216
162	HICCOUGH	hiccup	288	1617
1620	SON	son	839	380
1621	SNEEZE	sneeze	684	512
1622	SHIRT	shirt	457	898
1623	SPEAK	speak	1111	231
1624	EMPTY	empty	731	462
1625	DEAD	dead	1469	111
1626	EXPLAIN	explain	434	953
1627	CHAIN	chain	362	1232
1628	SQUIRREL	squirrel	507	786
1629	EVENING	evening	768	431
163	BLACK	black	1681	34
1631	FAST	swift	538	728
1632	FLOOR	floor	450	913
1633	FLAT	flat	458	895
1634	HUNDRED	one hundred	273	1735
1635	OBEY	obey	355	1263
1638	TRUTH	truth	432	958
1639	BEER	beer	502	794
164	KANGAROO	kangaroo	250	1952
1640	SIBLING	sibling	437	944
1641	SILK	fabric	196	2779
1642	NIECE	niece	385	1130
1643	COUSIN	cousin	386	1125
1644	RELATIVES	relative	337	1350
1645	SHORT	short	1472	109
1646	GIRL	young girl	100	9942
1647	FOAL	colt	249	1969
1648	ANVIL	anvil	258	1858
1649	SIT DOWN	sit down	239	2094
165	WALLABY	wallaby	350	1285
1650	WATCH	watch	514	774
1651	TEAR (OF EYE)	tears	452	910
1652	INSTEAD	instead	133	5583
1653	BLIND	blind	836	383
1654	LIGHTNING	lightning	1160	213
1655	BLINK	wink	203	2657
1656	NEVER	never	411	1030
1657	TRUE	real	215	2444
1659	DOLL	doll	198	2737
166	MAINLAND	mainland	201	2683
1661	STRAIT	strait	119	6897
1662	CAPE	headland	135	5411
1663	BED	bed	744	455
1664	RAFT	raft	259	1856
1665	BEAT	beat	1296	163
1666	MUTE	mute	375	1171
1667	HOLE	hole	984	295
1668	GRIEF	sorrow	417	1009
1669	ANCESTORS	ancestors	251	1939
167	MAIL	mail	198	2742
1670	RAPIDS	rapids	184	3112
1671	TOWER	tower	266	1792
1672	WRITE	write	578	658
1673	ARM	arms	213	2462
1674	POOR	poor	450	914
1675	PROMISE	promise	389	1110
1676	ALWAYS	always	644	563
1678	HUT	shelter	305	1522
1679	LOAD	burden	302	1539
168	REST	relax	160	3928
1680	HELMET	helmet	192	2897
1681	WAIST	waist	444	927
1682	GUILTY	guilty	229	2211
1683	BUSH	bush	439	938
1684	BUD	bud	225	2267
1685	AFTER	after	448	916
1686	BEHIND	behind	618	590
1687	PRAISE	praise	412	1027
1688	FATE	fate	197	2763
169	IT	it	816	401
1690	FENCE	fence	761	441
1691	FLEXIBLE	flexible	150	4415
1692	FRIDAY	friday	130	5780
1693	THURSDAY	thursday	132	5669
1694	WEDNESDAY	Wednesday	481	842
1695	TUESDAY	Tuesday	490	818
1696	SURRENDER	give up	156	4120
1697	MONDAY	monday	139	5166
1698	CURVED	curved	160	3908
1699	SUNDAY	sunday	130	5808
17	EYELID	eyelid	421	991
1700	SATURDAY	saturday	139	5181
1702	HOLY	sacred	248	1989
1703	SIX	six	1398	124
1704	SEVEN	seven	1366	131
1705	EIGHT	eight	1363	133
1706	ELEVEN	eleven	398	1074
1707	TWELVE	twelve	404	1053
1708	THIRTEEN	thirteen	266	1791
1709	FIFTEEN	fifteen	352	1278
1710	TWENTY	twenty	767	432
1711	TELL	tell story	153	4284
1712	OATH	oath	282	1659
1713	EIGHTEEN	eighteen	255	1897
1714	NINETEEN	nineteen	254	1910
1715	THIRTY	thirty	327	1395
1716	FORTY	forty	306	1515
1717	FIFTY	fifty	348	1295
1718	SIXTY	sixty	280	1675
1719	BURY	bury	882	347
172	SHOULDERBLADE	shoulderblade	240	2081
1720	SIGN	mark	279	1683
1721	SEVENTY	seventy	262	1829
1722	EIGHTY	eighty	287	1627
1724	NINETY	ninety	275	1714
1725	CORRECT (RIGHT)	correct	914	327
1726	WET	get wet	178	3264
1727	THRESHOLD	threshold	139	5188
1728	ROTTEN	rotten	1090	238
1730	CHEEK	cheek	944	314
1732	SKY	sky	1423	118
1733	RAINBOW	rainbow	712	478
1734	TWENTY ONE	twenty-one	139	5189
1735	TEAR (SHRED)	tear	895	337
1737	OKRA	okra	202	2667
1739	DECORATE	decorate	286	1633
174	PROUD	proud	333	1365
1740	PINE	pine tree	103	9343
1741	ABOVE	over	228	2228
1742	TRAVERSE	go through	137	5273
1743	JOIN	unite	268	1783
1744	SPLEEN	spleen	354	1270
1745	HIP	hip	579	653
1746	BLADDER	bladder	318	1443
1747	CUSTOM	ritual	126	6142
1748	RIDGE	ridge	205	2622
1749	TAKE	take	1055	259
175	BLOW (OF WIND)	blow	1240	182
1750	CHOOSE	choose	763	437
1751	BIRTHMARK	birthmark	112	7730
1752	LEAVE	go away	428	969
1753	TOP	top	577	662
1754	BRACELET	bracelet	377	1160
1755	UNDRESS	take off	303	1536
1756	WIDOW	widow	530	746
1757	TIRED	tired	542	718
1758	OLDER SISTER	elder sister	100	9823
1759	OLDER BROTHER	big brother	118	6934
176	BLOW (WITH MOUTH)	blow away	142	4944
1760	YOUNGER BROTHER	younger brother	478	850
1761	YOUNGER SISTER	younger sister	369	1204
1763	CLUB	club	399	1069
1764	OBSCURE	obscure	222	2324
1765	IN VAIN	in vain	192	2900
1766	FINISH	finish	800	413
1767	SCRAPE	scrape	627	584
1768	FOAM	foam	582	645
1769	AXLE	axle	185	3066
1770	CARCASS	carcass	166	3691
1771	TASTELESS	insipid	117	7100
1772	ELK	moose	159	3977
1773	GRAVE	tomb	379	1153
1774	STINGY	avaricious	217	2398
1775	TABLE	desk	148	4543
1776	SHAME	shame	515	771
1777	RESEMBLE	resemble	313	1474
1778	APPROACH	approach	380	1143
1779	DARE	dare	243	2041
178	RIPE	ripe	803	412
1780	BILE	gall	272	1741
1781	THUMB	thumb	730	465
1782	GUEST	guest	546	711
1783	PAIN	suffering	179	3237
1784	WANT	wish	369	1202
1786	DRY UP	dry up	248	1985
1787	LOOM	loom	207	2572
1788	TELEVISION	television	235	2143
1789	AGE	old age	185	3080
179	RIPEN	ripen	295	1589
1791	BUTTERFLY	butterfly	896	333
1792	PERJURY	perjury	144	4857
1793	BAT	bat	720	471
1794	FURROW	furrow	279	1681
1795	BANANA TREE	banana tree	169	3575
1796	SLAUGHTER	slaughter	324	1410
1797	HEDGEHOG	hedgehog	247	1994
1798	GUNPOWDER	gunpowder	193	2861
1799	HYENA	hyena	385	1128
18	EARLOBE	earlobe	187	3010
1801	CHILD (DESCENDANT)	offspring	405	1048
1802	SCREW	screw	208	2550
1803	WOOD	log	325	1404
1804	BOMB	bomb	197	2757
1806	BEGIN	start	439	940
1807	AFTERNOON	afternoon	714	476
1808	PUS	pus	538	727
1809	PIMPLE	pimple	313	1471
181	ANTEATER	anteater	159	3947
1810	DANGER	danger	327	1390
1812	TRY	try	531	743
1813	TASTY	delicious	197	2762
1814	ACCUSE	accuse	321	1423
1815	ACHE	ache	329	1378
1816	BESIDE	beside	355	1259
1817	WEST	west	653	550
1819	LOOK	look at	607	613
1820	BEAR	bear	719	472
1821	BRUSH	brush	341	1327
1823	BORROW	borrow	458	894
1825	COPPER	copper	435	951
1826	ANGRY	angry	393	1086
1828	ASK (REQUEST)	ask for	277	1703
1829	JUMP	jump	891	341
183	BAKE	bake	341	1325
1830	CRANE	crane	210	2501
1831	MEET	meet	616	595
1833	DINNER (SUPPER)	evening meal	102	9475
1834	SHE	she	1231	185
1835	MARROW	bone marrow	146	4670
1836	VAGINA	vagina	539	725
1837	VULVA	vulva	387	1123
1838	NAVEL	belly button	197	2755
1839	CRY	weep	939	315
184	MAST	mast	197	2767
1840	BUILD	build	715	474
1841	SUSPECT	suspect	250	1958
1842	OBSTINATE	obstinate	160	3924
1843	THOUSAND	one thousand	199	2720
1844	BOAT	boat	693	501
1845	BALL	sphere	247	2002
1846	RULE	rule	369	1201
1847	SICK	feverish	100	9833
1848	QUARREL	quarrel	499	801
1849	ROW	row	458	897
185	FIREPLACE	hearth	341	1329
1850	COTTON	cotton	464	878
1851	POCKET	pocket	372	1188
1852	OFTEN	frequently	170	3549
1853	DOVE	pigeon	478	847
1854	SPARROW	sparrow	207	2579
1855	BIRCH	birch	197	2756
1856	SOFT	softness	145	4791
1857	CROCODILE	crocodile	876	353
1858	FISHERMAN	fisherman	348	1296
1859	THIRD	third	390	1105
186	SHIN	shin	416	1010
1860	BEAD	beads	161	3866
1861	ACTIVE	active	180	3196
1862	DONKEY	donkey	679	520
1863	AMAZING	amazing	113	7568
1864	HUNGER	hunger	829	391
1865	BUZZARD	buzzard	127	6001
1866	STUTTER	stutter	378	1158
1867	COIN	coin	320	1429
1868	VISIBLE	visible	168	3644
1869	BUY	buy	878	351
187	LOIN	loin	106	8767
1870	ANCHOR	anchor	283	1647
1871	CAMEL	camel	414	1017
1872	DUIKER	duiker	100	9821
1873	ANTHILL	anthill	200	2697
1874	SAUSAGE	sausage	220	2351
1875	REGRET	be sorry	194	2830
1876	REINDEER	caribou	103	9252
1877	EAST	east	633	574
1879	DANCE	dance	1083	242
1880	PASSIONATE	passionate	104	9151
1881	ENOUGH	enough	423	979
1882	BEFORE	till	242	2061
1883	IN FRONT OF	in front	160	3919
1884	HARD	hardness	161	3874
1886	ARMPIT	armpit	816	399
1887	CHEAP	inexpensive	164	3772
1888	PAIR	couple	165	3732
1889	ARSON	arson	152	4298
189	HAIR (BODY)	body hair	445	922
1890	BELIEVE	believe	438	942
1892	TOUCH	touch	682	517
1893	QUAIL	quail	207	2576
1894	ASHAMED	ashamed	438	941
1895	CLOTHES	clothing	627	583
1896	FINGERNAIL OR TOENAIL	nail	1209	193
1897	HELP	help	610	605
1898	SPECTACLES	spectacles	193	2874
1899	MAD	insane	298	1567
19	FISHING LINE	fishing line	282	1656
190	MOW	reap	314	1463
1901	SHOVEL	shovel	316	1454
1902	BETRAY	betray	276	1707
1903	SWELLING	bump	213	2463
1904	DROWN	drown	318	1445
1905	EAGLE	eagle	630	578
1906	SOUR	acid	464	876
1907	MOLE	mole	255	1900
1908	ATTENTIVE	attentive	117	7047
1909	SHAKE	shake	664	541
191	NUT	nut	347	1303
1910	STINGRAY	stingray	191	2936
1911	DRAW (WATER)	draw water	130	5775
1913	PRESS	press down	101	9699
1914	DEBT	debt	392	1094
1915	FIR	fir	173	3439
1916	GILL	gills	113	7609
1917	TIE	bind	1110	232
1918	MANE	mane	193	2863
1919	TORCH	torch	404	1052
192	CORNER	corner	407	1040
1923	ROUGH	rough	472	858
1924	VEIN	vein	859	368
1925	ARTERY	artery	609	607
1926	OINTMENT	ointment	264	1807
1927	BAMBOO	bamboo	412	1026
1928	CEASE	cease	487	827
1929	STUDY	study	366	1218
193	SHALLOW	shallow	399	1073
1930	RAVINE	ravine	174	3417
1931	BEESWAX	beeswax	310	1486
1932	GUESS	guess	289	1612
1933	LOOSEN	loosen	226	2258
1934	BEGGAR	beggar	312	1477
1935	ANUS	rectum	127	6054
1936	DEER	deer	418	1005
1937	THERE	there	971	302
1938	FORTRESS	castle	165	3727
1939	SWEAR	swear	407	1043
194	FAMILY	family	520	763
1940	GUARD	guard	377	1162
1941	SOLDIER	soldier	414	1022
1942	NEAR	nearby	164	3779
1943	CROWN (OF HEAD)	crown	218	2382
1944	GOD	god	536	731
1945	IDOL	figure	211	2490
1947	BASTARD	bastard	158	4010
1948	SAW	saw	393	1090
1949	BEDBUG	bedbug	172	3469
195	MAT	mat	574	665
1950	BEECH	beech	147	4593
1951	PASS	pass	399	1071
1952	TORTURE	torture	157	4098
1953	ABUSE	abuse	291	1600
1954	GENTLE	meek	107	8574
1955	GRIEVE	mourn	183	3135
1956	SUNFLOWER	sunflower	147	4640
1957	GOITER	goiter	200	2703
1958	UNRIPE	unripe	530	745
1959	RAW	uncooked	356	1258
196	DONATE	donate	121	6611
1961	NECKLACE	necklace	471	859
1962	ROAST (SOMETHING)	roast	793	417
1963	IMMEDIATELY	at once	155	4148
1964	ALONE	alone	558	691
1965	LOINCLOTH	sarong	123	6429
1966	BUNCH	bunch	370	1192
1967	CALENDAR	calendar	211	2488
197	OTHER	another	285	1635
1970	CANOE	canoe	611	601
1971	FAN (OBJECT)	fan	474	854
1972	KID	kid	352	1279
1973	DEMON	evil spirit	220	2345
1974	CENTIPEDE	centipede	443	928
1975	CHECK	check	199	2714
1976	MERRY	merry	126	6132
1977	DEW	dew	777	428
1978	RECOVER	recover	302	1543
1979	CHISEL	chisel	307	1506
1981	WIDOWER	widower	353	1277
1982	WHIRLPOOL	whirlpool	242	2062
1983	SNORE	snort	225	2278
1986	DISEASE	illness	341	1330
1989	CALF	calf	760	442
199	FAMINE	famine	340	1337
1990	BECOME	become	418	1004
1991	INTESTINES	bowels	131	5695
1992	MORE	more	414	1019
1993	SELF	oneself	123	6414
1994	COLLARBONE	collarbone	282	1655
1995	DEFECT	defect	153	4261
1996	GET TIRED	tire	181	3191
1997	PRESERVE	preserve	304	1530
1998	COMMAND	command	383	1135
1999	OVERCOME	overcome	257	1875
2	DUST	dust	1175	208
20	SCYTHE	scythe	335	1357
200	SAME	same	318	1448
2001	PAINTING	draw	357	1253
2002	DITCH	ditch	323	1413
2003	FLOW	flow	834	385
2005	MASK	mask	181	3178
2006	FILL	fill	704	488
2007	BOLT (OF LIGHTNING)	bolt	191	2921
2008	RESCUE	save	413	1025
2009	DOG	dog	1788	4
201	FARM	farm	341	1328
2010	INVESTIGATE	investigate	152	4317
2011	COFFIN	coffin	222	2322
2012	COLLAR	collar	260	1845
2013	BAIT	bait	343	1319
2014	GO DOWN (DESCEND)	go down	611	603
2016	JEALOUSY	jealousy	382	1138
2017	MIX	mix	548	709
2018	GREEDY	greedy	320	1432
2019	HAMMOCK	hammock	142	4960
202	STRENGTH	strength	466	873
2020	PLAINTIFF	plaintiff	154	4230
2021	GRASP	grasp	864	364
2022	ADMIT	admit	274	1718
2023	CROWD	crowd	393	1088
2024	PLOT	plot	216	2427
2025	PEA	pea	252	1933
203	MARRY	marry	666	538
2030	DRAG	drag	735	460
2033	DELIVER	deliver	205	2618
2034	FROST	frost	240	2076
2035	POND	pond	347	1304
2036	JANUARY	January	402	1057
2037	FEBRUARY	February	397	1076
2038	DRAGON	dragon	157	4069
2039	MAGPIE	magpie	173	3445
204	AGAIN	again	585	641
2040	BUCKWHEAT	buckwheat	117	7058
2041	HEMP	hemp	169	3587
2042	WALNUT	walnut	164	3788
2043	PEACH	peach	249	1975
2045	COLUMN	column	160	3905
2046	APRON	apron	169	3574
2048	QUILT	quilt	134	5524
2049	CONGEE	porridge	288	1621
205	TROUGH	trough	265	1800
2052	BUCKET	bucket	307	1505
2057	DUNG (ANIMAL FAECES)	dung	320	1430
2058	STOOL	stool	406	1045
206	FIREFLY	firefly	295	1586
2060	STORY	story	426	976
2062	INTEREST	interest	187	3016
2064	SCATTER (SEEDS)	scatter	370	1198
2069	SOAK (VERB)	soak	245	2024
207	SPARSE	sparse	106	8817
2071	LAY (VERB)	lay	304	1528
2072	USE (VERB)	use	342	1324
2073	ROB (VERB)	rob	197	2769
2075	BROOD (VERB)	brood	208	2533
2076	SPROUT (VERB)	sprout	244	2035
2077	DILIGENT	diligent	158	4020
2078	TEN THOUSAND	ten thousand	103	9375
208	NASAL MUCUS (SNOT)	nasal mucus	107	8577
209	RARE	rare	162	3842
2090	MY	mine	250	1953
2093	AFTERWARDS	afterwards	198	2731
2099	CHILD	children	246	2007
21	TASTE (SOMETHING)	taste	740	458
210	LIFE	Life	106	8664
2102	BURN	burn	1590	75
2112	OLD (AGED)	aged	139	5138
2113	OLD (USED)	used	103	9389
2117	DESIRE	desire	602	620
2119	BOW STRING	bowstring	176	3334
212	FIELD	field	697	494
2124	SMELL	smell	1385	126
213	FIN	fin	283	1648
2134	RAISE (BRING UP)	bring up	274	1720
2137	MAGICIAN	magician	179	3229
214	STRETCH	stretch oneself	122	6544
2142	RUN AWAY	run away	217	2412
2148	PICK	pick	329	1385
2149	CHOP (INTO PIECES)	chop	637	570
215	LIE DOWN	lying	119	6872
2150	MATTER	matter	224	2298
2151	COARSE	coarse	145	4750
2152	THERE IS OR THERE ARE	there is	175	3393
2154	PLOUGH (INSTRUMENT)	plough	208	2545
2159	GROUND	ground	1320	156
216	MOVIE	movie	193	2864
2165	SLOWLY	slowly	525	755
2175	PATERNAL AUNT	paternal aunt	100	9881
2176	MATERNAL AUNT	maternal aunt	117	7107
2178	MATERNAL GRANDFATHER	maternal grandfather	116	7218
218	FINE (PENALTY)	fine	386	1126
2181	LIGHT (IN TASTE)	bland	125	6175
2182	LEFT HAND	left hand	1174	210
2183	RIGHT HAND	right hand	145	4784
219	TOILET	lavatory	151	4370
2190	TASTE	flavour	125	6195
2192	REJOICE	rejoice	179	3235
2194	FRONT (PART)	front	380	1145
220	INTACT	intact	110	8093
2200	SNOUT	muzzle	137	5281
2205	PEAK	peak	280	1673
2206	RABIES	rabies	111	7959
221	FIRE	fire	1776	9
2214	AFFAIR	affair	237	2110
2215	BECOME ANGRY	get angry	122	6503
2216	BECOME NUMB	numb	151	4375
2218	EXPERIENCED	experienced	106	8746
2219	LEAN (MEAT)	lean	347	1302
2224	BEND (SOMETHING)	bend	631	577
223	THRESHING-FLOOR	threshing-floor	140	5126
2230	UNTAMED OR WILD	wild	294	1591
2233	LOVELY	lovely	145	4770
2239	DENSE	dense	183	3128
224	MORTAR	mortar	453	908
2241	WILD CAT	wild cat	115	7393
2242	BEETLE	beetle	291	1601
2243	REPAIR	mend	212	2480
2244	METAL	metal	239	2090
2245	BELCH	belch	274	1719
2246	BELL	bell	344	1314
2247	CATERPILLAR	caterpillar	389	1108
2248	KNOW (SOMEBODY)	recognise	109	8285
225	PESTLE	pestle	517	768
2252	PATH	path	1719	24
2253	DRIP (EMIT LIQUID)	leak	329	1383
2259	FLESH	flesh	1163	212
227	FISH	fish	1787	5
2271	THINK	think	1216	191
2273	LEECH	leech	344	1315
2276	IDENTICAL	identical	140	5100
2277	WHOLE	entire	190	2948
2278	PERHAPS	perhaps	381	1142
228	CARVE	carve	353	1274
2283	SEMEN	semen	271	1753
2284	CLEARING	clearing	145	4748
2285	ECLIPSE	eclipse	176	3337
2286	ESTUARY	estuary	108	8386
2287	HORIZON	horizon	174	3410
2289	MILKY WAY	Milky Way	211	2484
229	MOVE AWAY	migrate	215	2439
2290	PUDDLE	puddle	177	3312
2291	VOLCANO	volcano	191	2939
2293	UVULA	uvula	146	4719
2294	WRINKLE	wrinkle	205	2628
2295	SUNSET	sunset	307	1512
2296	SUNRISE	sunrise	225	2279
2297	DUSK	twilight	190	2956
2298	VIRGIN	virgin	266	1793
2299	STRAW	straw	244	2037
23	RYE	rye	173	3453
230	SWEEP	sweep	692	506
2301	ME	me	513	775
2302	CIRCULAR (ROUND IN TWO DIMENSIONS)	circular	148	4535
2303	SPHERICAL (ROUND IN THREE DIMENSIONS)	spherical	121	6680
2308	THIN	thin	1156	214
231	SHAVE	shave	372	1189
2310	US (OBLIQUE CASE OF WE)	us	459	893
2313	BRONZE	bronze	206	2589
2314	BROTHER-IN-LAW	brother-in-law	371	1190
2316	FREE	free	276	1709
2317	SISTER-IN-LAW	sister-in-law	332	1368
2318	CHESTNUT	chestnut	147	4601
2319	LID (COVER, CAP)	lid	268	1781
232	FLEA	flea	602	621
2321	MAD PERSON	lunatic	117	7105
2329	LACK (NOT HAVE)	lack	234	2149
2334	MELT	melt	390	1104
2335	CUNNING	cunning	175	3371
2336	OF THIS KIND (SUCH)	so	249	1977
2339	NEED (SOMETHING)	need	458	896
234	PADDLE	paddle	537	729
2340	SUNNY	sunny	134	5538
2341	CLOUDY	overcast	123	6416
2342	LANDSCAPE	landscape	115	7348
2343	STEEL	steel	320	1436
2344	PETROL	petrol	143	4915
2348	CRAB	crab	526	751
2349	SHRIMP	shrimp	205	2625
235	FLYING FOX	flying fox	376	1166
2350	EARTHWORM	earthworm	964	306
2352	DRAGONFLY	dragon-fly	116	7191
2353	CICADA	cicada	162	3826
2354	CRICKET	cricket	307	1507
2355	GECKO	gecko	172	3481
236	STEPMOTHER	stepmother	240	2083
2362	BRAN	bran	128	5901
2363	CHAFF (HUSK)	chaff	177	3289
2365	RADISH	radish	135	5435
2366	ONION	onion	423	982
2367	MANDARINE	mandarin	108	8417
2368	GARLIC	garlic	291	1604
237	STEPFATHER	stepfather	249	1978
2371	BREADFRUIT	breadfruit	117	7057
2374	DREAM	dream	1227	186
2375	VERTICAL	vertical	127	6073
2376	HORIZONTAL	horizontal	122	6510
238	PRAWNS	prawn	130	5799
2386	TURKEY	Turkey	254	1904
239	FLOWER	flower	1190	201
2393	JOURNEY	journey	311	1483
2395	CONGEAL (BLOOD)	coagulate	176	3335
2396	KNOCK	knock	341	1332
2397	LOBSTER	lobster	249	1974
2398	MANGO	mango	229	2213
24	PRAY	pray	404	1051
240	ELECTION	election	178	3260
2400	THEIR	theirs	124	6339
2401	PICTURE	picture	283	1650
2402	ROBIN	robin	162	3844
2403	TOY	toy	201	2689
2405	CHRISTMAS	Christmas	216	2416
2406	HOME	home	456	901
2407	BIRTHDAY	birthday	211	2487
2408	CAKE	cake	239	2087
2409	BROWN	brown	374	1174
241	TREE STUMP	tree stump	323	1417
2410	GOOD-LOOKING	attractive	146	4666
2411	HURT (SOMEBODY)	hurt	360	1241
2412	THANK (SOMEBODY)	thank	249	1980
242	COST	cost	233	2158
2422	SOMEONE	others	134	5515
2423	CHANNEL	channel	182	3146
2424	MEMBER	member	221	2333
2425	PROBLEM	problem	228	2229
2426	CLIMATE	climate	137	5256
2427	FUTURE	future	232	2173
2428	LIBRARY	library	196	2783
2429	LOGIC	logic	114	7488
243	FRESH	fresh	287	1628
2430	OFFICE	office	217	2409
2431	REVOLUTION	revolution	161	3886
2432	MARRIAGE	marriage	417	1008
2433	THEORY	theory	143	4931
2434	TRAGEDY	tragedy	117	7141
2435	UNIVERSITY	university	214	2456
244	LEFT	left-hand	131	5723
2440	PINEAPPLE	pineapple	262	1826
2444	KINGFISHER	kingfisher	194	2838
2445	PAPAYA	pawpaw	108	8426
2446	SLOTH	sloth	236	2133
2447	WOODPECKER	woodpecker	228	2233
2449	FAT (OF MEAT AND FOOD)	fatty	126	6111
245	BROOM	broom	616	593
2451	FOURTEEN	fourteen	259	1854
2452	PURPLE	purple	200	2705
2453	SEVENTEEN	seventeen	227	2248
2454	SIXTEEN	sixteen	256	1891
2457	PATH OR ROAD	way	400	1066
2459	GRINDSTONE	grindstone	168	3626
246	THRUST	thrust	122	6552
2460	DINGO	dingo	114	7452
2462	WINNOWING	winnow	260	1851
2465	DISGUST	disgust	160	3909
2466	WEIGHT	weight	313	1476
2467	GAME	game	319	1439
2468	BAG	bag	515	770
2469	AGAINST	against	184	3099
2470	DEAR	dear	355	1262
2471	LADY	lady	237	2118
2472	SUCKLE (BREASTFEED, NURSE)	suckle	234	2153
2473	HIS (GENITIVE OF HE)	his	543	715
2474	HER (GENITIVE OF SHE)	her	543	714
2475	MALE GOAT	he-goat	339	1343
2477	YAK	yak	111	8000
248	HAPPEN	happen	257	1873
2482	TOGETHER	together	334	1363
2483	COLD (OF WEATHER)	cool	349	1287
2486	HIDE	hide	1656	46
2489	ABACUS	abacus	107	8491
249	FOG	mist	301	1548
2493	BOIL	boil	961	308
2497	RATTAN	rattan	121	6665
2498	OPIUM	opium	123	6415
25	DIRT	filth	259	1853
2500	GINGER	ginger	239	2089
2501	RICE HUSK	husk	197	2766
2502	GONG	gong	103	9294
2504	DIFFERENT	different	370	1194
2505	BEDROOM	bedroom	217	2399
2506	LOOSE	slack	152	4333
2507	DISGUSTING	disgusting	119	6843
2508	PANGOLIN	pangolin	109	8271
2509	EXCHANGE	swap	116	7254
251	SHARPEN (SOMETHING)	sharpen	467	872
2510	PORCUPINE	porcupine	427	973
2512	CHICK	chick	208	2535
2514	SPOUSE	spouse	321	1427
2516	WATER BUFFALO	water buffalo	118	7021
2517	CROWDED	crowded	144	4831
2518	HEARING (AURAL SENSE)	hearing	145	4766
2519	SEEING (VISUAL SENSE)	sight	171	3526
252	FRIGHTEN	frighten	257	1872
2521	FEELING (HAPTIC SENSE)	feeling	181	3172
2524	JOY	joy	246	2014
2526	POWER	power	370	1197
2527	ABILITY	ability	203	2647
253	CARE FOR	look after	390	1103
2530	SMART	intelligent	195	2804
2531	BROAD	broad	829	390
2532	TORNADO	tornado	142	4987
2534	DEPTH	depth	190	2945
2537	LENGTH	length	254	1907
2539	PIT (POTHOLE)	pit	326	1399
2540	LIME (MATERIAL)	lime	314	1461
2541	MIRACLE	miracle	278	1696
2542	HERB	herb	237	2117
2543	RAVEN	raven	260	1848
2544	SHEPHERD	shepherd	219	2369
2545	HARROW (TOOL)	harrow	121	6626
2546	BORDER	border	340	1335
2547	CITY	city	503	791
2548	BARREL	barrel	200	2699
2549	VEHICLE	vehicle	206	2608
255	SERVANT	servant	377	1164
2553	MISERY	misery	156	4127
2554	PRINCE (RULER)	prince	167	3671
256	FOOD	food	923	322
2560	PATERNAL GRANDFATHER	paternal grandfather	109	8272
2562	SEX (GENDER)	sex	158	4037
2564	PIGLET	piglet	143	4917
2568	BAKER	baker	150	4403
2569	BUTCHER	butcher	232	2169
257	WORSHIP	worship	322	1422
2570	BEEF	beef	178	3251
2571	TRY (TEST)	test	322	1420
2572	SENSE (PERCEIVE BY SENSES)	sense	246	2017
2573	FEELING (EMOTION)	emotion	132	5633
2576	ALREADY	already	286	1632
2577	YET	yet	229	2218
2578	PENCIL	pencil	280	1674
2579	TOOTHBRUSH	toothbrush	157	4097
258	CALM	calm	393	1087
2580	HELICOPTER	helicopter	147	4622
2581	OCTOPUS	octopus	227	2244
2584	BENCH	bench	209	2521
2587	DARTS	dart	111	7888
2588	GLOBE	globe	156	4121
2589	WREATH	wreath	111	7999
2591	RHINOCEROS	rhino	132	5658
2595	CACTUS	cactus	148	4532
2597	HARP	harp	142	4961
26	UNPLEASANT	unpleasant	125	6246
2600	PYRAMID	pyramid	109	8283
2602	FUNNEL	funnel	146	4688
2603	ACCORDION	accordion	111	7855
2604	NOOSE	noose	123	6412
2605	ASPARAGUS	asparagus	114	7422
2606	COMPASS	compass	183	3126
2617	BULB	bulb	143	4892
2618	CAMERA	camera	172	3471
2619	CARD	card	166	3692
2620	CARRIAGE	carriage	234	2148
2621	CURTAIN	curtain	206	2592
2622	ENGINE	engine	176	3338
2623	FLAG	flag	279	1680
2624	FRAME	frame	177	3303
2625	MAP	map	204	2637
2626	NERVE	nerve	185	3079
2627	ORANGE (FRUIT)	orange	334	1361
2628	PLANT STEM	stalk	244	2036
2629	TRAY	tray	140	5128
263	HERDSMAN	herdsman	195	2802
2630	WHIP	whip	323	1418
2631	WIRE	wire	270	1765
2638	FISHING	fishing	134	5492
2640	LARVA	larva	143	4906
2643	INK	ink	225	2271
265	FOWL	fowl	679	521
2651	BE IGNORANT	ignorant	178	3267
2655	JACKFRUIT	jackfruit	109	8248
2656	MIDNIGHT	midnight	320	1435
2657	LADLE	ladle	225	2272
2658	COAL	coal	290	1607
266	SCALE	fish scale	224	2297
2662	TOENAIL	toenail	192	2913
2663	UMBILICAL CORD	umbilical cord	188	2996
2664	SCAB	scab	199	2723
2665	WART	wart	226	2266
2666	SOLE (FOOT)	sole	323	1415
2667	TORSO	torso	106	8829
2668	SKELETON	skeleton	218	2389
2669	POINT (WITH FINGER)	point	493	813
267	NIT	nit	273	1734
2670	ACROSS	across	206	2587
2676	TWO HUNDRED	two hundred	138	5238
268	DRIBBLE	dribble	216	2420
2680	MACHETE	machete	169	3594
2685	CARP (FISH)	carp	131	5697
269	COOKED	boiled	106	8701
2691	PATERNAL AUNT (FATHER'S SISTER)	satisfy	242	2059
27	AIR	air	479	845
270	JUG	jug	293	1594
2704	FADE (LOOSE COLOR)	fade	269	1769
2705	INHALE	inhale	134	5506
2706	GNAW	gnaw	215	2437
2708	TALK	talk	977	300
2709	FLATTER	flatter	165	3740
271	SAUCER	saucer	206	2604
2715	DESPISE	despise	194	2833
2717	STEEP	steep	176	3350
272	TONGS	tongs	250	1959
273	DOUGH	dough	278	1692
274	KNEAD	knead	390	1101
275	PEEL	peel	557	695
2753	UNTIL	until	247	2004
2754	TOWARDS	toward	149	4509
2755	BUSY	busy	191	2922
2756	IDLE	idle	156	4122
2758	CAREFUL	cautious	117	7065
2759	RECOMMEND	recommend	132	5657
2762	BLOCK (THE WAY)	obstruct	279	1684
2765	CHERRY	cherry	229	2208
2766	WATERMELON	watermelon	236	2136
2769	PORK	pork	180	3209
277	SPINDLE	spindle	242	2060
2770	JACKET	jacket	187	3017
2771	SHAWL	shawl	157	4093
2774	LITTLE FINGER	little finger	191	2929
278	AWL	awl	272	1740
2783	SCALES (MEASURE INSTRUMENT)	scale	298	1570
279	THATCH	thatch	507	787
2791	THIS MONTH	this month	105	8999
2792	LAST MONTH	last month	124	6305
2793	NEXT MONTH	next month	127	6039
2795	MOSQUITO NET	mosquito net	115	7360
2797	SESAME	sesame	151	4384
28	MOISTEN	moisten	171	3521
280	RIDGEPOLE	ridgepole	167	3673
2804	AMULET	amulet	145	4736
2805	BIRTH (ACCOUCHEMENT)	childbirth	140	5081
2808	BLACKEN	blacken	112	7732
2809	BLUEBERRY	blueberry	105	8891
281	POST	post	385	1131
2810	BREASTBONE	breastbone	102	9449
2814	CUTTLEFISH	cuttlefish	113	7589
2815	DIALECT	dialect	176	3336
2816	ECHO	echo	198	2738
2817	EMU	emu	428	968
2818	FORD (CROSSING)	ford	146	4685
2819	GRASSLAND	prairie	108	8429
2821	JEALOUS	jealous	273	1731
2824	KNUCKLE	knuckle	173	3443
2825	LEFT HANDED	left-handed	120	6769
2826	LIE (FALSEHOOD)	untruth	103	9387
2827	MENSTRUATE	menstruate	117	7110
2828	MOTH	moth	288	1620
2829	MUSSELS	mussel	140	5107
2830	OYSTERS	oyster	183	3138
2831	PENGUIN	penguin	112	7807
2835	SHOOTING STAR	shooting star	170	3562
2837	SWAN	swan	249	1979
2838	TAME	tame	219	2371
2839	WHITE MAN	white man	193	2879
284	HOE	hoe	659	544
2843	CAULIFLOWER	cauliflower	139	5146
2845	SIZE (OF OBJECT)	size	280	1676
2846	MARCH	March	393	1084
2847	APRIL	April	391	1096
2848	MAY (MONTH)	May	389	1107
2849	JUNE	June	391	1097
285	THRESH	thresh	243	2049
2850	JULY	July	389	1106
2851	AUGUST	august	99	9988
2852	SEPTEMBER	September	394	1082
2853	OCTOBER	October	393	1085
2854	NOVEMBER	November	388	1115
2855	DECEMBER	December	392	1091
2856	CHANGE (SOMETHING)	alter	244	2028
2860	BOLT (MOVE IN HASTE)	rush	288	1623
2862	CONNECT	connect	172	3475
2863	DASH (OF VEHICLE)	dash	134	5482
2864	DECREASE	decrease	182	3152
2865	DIE (FROM ACCIDENT)	perish	150	4430
2867	CALCULATE	calculate	168	3621
2869	BOTHER (HARASS)	bother	219	2359
287	CONE	cone	137	5260
2870	RECOGNIZE (SOMEBODY)	recognize	208	2548
2871	SWING (MOVEMENT)	swing	299	1562
2872	IMPROVE (SOMETHING)	improve	186	3042
2877	RUSTLE (OF LEAVES)	rustle	125	6236
2879	SOUND (OF INSTRUMENT OR VOICE)	sound	570	674
288	FORGE	forge	376	1167
2880	HALT (STOP)	stop	554	699
2881	URGE (SOMEONE)	urge	180	3212
2882	ADD	add	263	1810
2883	DISTURB	disturb	210	2505
2884	HANG	hang	370	1195
2885	HERD (SOMETHING)	herd	246	2012
2886	PRODUCE	produce	278	1700
2887	THAW (DEW)	thaw	113	7664
2889	TWINKLE	sparkle	167	3676
289	MOLD	mold	247	1998
2890	WALK (TAKE A WALK)	take a walk	160	3935
2891	TIE UP (TETHER)	tether	118	7010
2892	MAKE ANGRY (ANNOY)	annoy	223	2306
2893	NOTICE (SOMETHING)	notice	238	2103
2894	TUMBLE (FALL DOWN)	tumble	115	7386
2896	CAUSE TO (LET)	let	282	1657
2898	CONVEY (A MESSAGE)	convey	170	3545
29	GELD	castrate	183	3125
290	ADZE	adze	287	1625
2900	PROTECT	protect	279	1685
2902	BRAWL (FIGHT)	brawl	108	8359
2903	CHAT (WITH SOMEBODY)	chat	222	2321
2904	RINSE	rinse	194	2843
2905	KNIT	knit	231	2190
2906	TRANSLATE	translate	223	2315
2907	ROT	decay	182	3151
2909	PREPARE	prepare	354	1267
2911	BACKWARD	backwards	171	3507
2912	FORWARD	forward	196	2780
2914	ONCE (IN THE PAST)	formerly	170	3548
2915	AT FIRST	at first	112	7722
2916	INSTANTLY (IMMEDIATELY)	instantly	113	7616
2917	NEXT TO	next to	165	3749
2918	BECAUSE OF	because of	179	3221
2919	STILL (CONTINUING)	still	300	1556
292	RUG	carpet	185	3068
2920	SUDDENLY	suddenly	210	2514
2921	THEN	then	332	1370
2923	THITHER (THERE TO)	thither	118	7013
2924	A LITTLE	a little	176	3330
2925	HITHER (HERE TO)	hither	114	7480
2926	HARDLY	hardly	125	6198
2927	FROM HERE	hence	114	7478
2929	BENEFIT	profit	233	2160
293	NETBAG	netbag	116	7222
2930	BOSS	boss	284	1641
2931	BUSINESS	business	254	1905
2932	COLD (CHILL)	chill	122	6486
2933	CONVERSATION	conversation	227	2239
2934	CUCKOO	cuckoo	178	3257
2935	CURRENT (STREAM)	current	301	1545
2936	ELEVATION	elevation	118	6952
2937	FAIRY TALE	tale	208	2556
2938	FLAVOR	odour	192	2902
2939	FLOCK (OF ANIMALS)	flock	268	1777
2940	GATE	gate	570	672
2941	HAPPINESS	happiness	262	1825
2942	HOARFROST	hoarfrost	108	8405
2943	BUNDLE	bundle	360	1239
2946	CRADLE	cradle	157	4064
2947	DAMAGE (INJURY)	injury	246	2013
2948	GAP (DISTANCE)	gap	218	2385
2949	LAIR	den	163	3804
295	WHETSTONE	whetstone	171	3533
2950	MEANING	meaning	223	2311
2951	POUCH	pouch	149	4495
2953	SLEEVE	sleeve	225	2277
2954	SLICE	slice	270	1762
2955	STATE (POLITICS)	state	220	2353
2956	TUBE	tube	163	3818
2958	LAUGHTER	laughter	726	467
296	CROUCH	squat	308	1502
2961	MESSAGE	message	259	1855
2962	MOORLAND	moor	119	6879
2963	NET	net	461	888
2964	NEWS	news	324	1409
2965	PAW	paw	206	2601
2966	PERCH (FISH)	perch	202	2669
2967	PIKE (FISH)	pike	153	4277
2968	REASON	tune	144	4874
2969	RIBBON	ribbon	155	4182
297	CROOKED	bent	291	1602
2970	RIDDLE	riddle	189	2970
2971	SIN	sin	306	1519
2973	STRAP	strap	165	3756
2974	SWARM (OF BIRDS)	swarm	181	3190
2975	THOUGHT	thought	281	1669
2976	VIOLENCE	violence	136	5362
2977	WORKER	worker	230	2207
2978	DISTANCE	distance	217	2401
298	SHRIEK	shriek	203	2653
2980	AREA	area	242	2054
2981	ITEM	item	137	5278
2982	GIFT	present	301	1550
2983	COMPANIONSHIP	company	230	2199
2984	HEAP	pile	313	1470
2985	HEIGHT	height	232	2175
2987	AMOUNT	amount	194	2828
2988	PATTERN	pattern	169	3601
2989	FRINGE	fringe	134	5495
299	SCOLD	scold	346	1310
2990	SACK	sack	250	1956
2991	SKI	ski	114	7521
2992	TIP (OF OBJECT)	tip	310	1492
2993	STROKE (OF PEN)	stroke	210	2513
2995	TONE (MUSIC)	tone	128	5974
2996	WEALTH	wealth	233	2165
2998	DAMP	damp	1055	258
2999	EVERYWHERE	everywhere	237	2116
3	BRAVE	courageous	169	3579
30	DISPEL	chase away	228	2223
300	RATTLE	rattle	281	1666
3001	POWERFUL	powerful	671	528
3002	PRECIOUS	precious	174	3416
3003	SOLID	solid	207	2578
3004	FORMER	former	163	3806
3005	FAMILIAR	familiar	111	7907
3006	SPACE (AVAILABLE)	space	265	1799
301	CHIEFTAIN	headman	180	3204
3010	WAGTAIL	wagtail	106	8839
3011	GRUB	grub	175	3379
3017	MONITOR LIZARD	monitor lizard	121	6650
3018	NATIVE CAT	civet cat	102	9453
302	CLAN	clan	421	990
3020	BREAK (BREAKING)	burst	252	1929
3025	BARN OR SHED	shed	200	2707
3028	GRAVEL	gravel	299	1558
303	ABSTAIN FROM FOOD	abstain	207	2562
3032	STARFISH	starfish	126	6146
3033	SCARED	scared	124	6327
304	PREACH	preach	256	1889
3044	BOVINE	bovine	131	5694
3046	FODDER	fodder	126	6114
3049	COURAGE	courage	224	2291
305	GRANDPARENTS	grandparent	218	2386
3050	SEEDLING	seedling	114	7517
3053	TIGHT	tense	127	6069
3054	BEAR FRUIT	bear fruit	152	4300
3055	SWINDLE	cheat	249	1968
3058	GRAZE	graze	268	1778
3059	MALARIA	malaria	185	3077
3060	PHEASANT	pheasant	144	4858
3061	PHLEGM	phlegm	194	2840
3062	TURNIP	turnip	151	4390
3064	RUST	stain	172	3492
3065	SADDLE	saddle	199	2722
3066	SCARF OR TURBAN	turban	129	5884
3069	FALSE	fraud	134	5494
307	HAWK	kite	341	1331
3071	INSERT	insert	210	2507
3072	MISPLACE	lose	547	710
3073	MANAGE	manage	169	3595
3074	FIX	patch	215	2441
3076	SLOPE	slope	305	1523
3078	IRRIGATE	irrigate	130	5784
3080	SPLIT OPEN	cut open	616	594
3083	BALLOON	balloon	166	3689
3084	BLACKBOARD	blackboard	156	4111
3085	CARROT	carrot	230	2196
3086	COMPUTER	computer	208	2537
3088	ENVELOPE	envelope	177	3299
3089	GIRAFFE	giraffe	320	1431
309	OPOSSUM	opossum	329	1384
3090	GUITAR	guitar	193	2860
3091	LEMON	lemon	253	1921
3092	LIGHTER	lighter	146	4694
3093	LIPSTICK	lipstick	113	7623
3094	PAINTBRUSH	paintbrush	105	8971
3095	POSTMAN	postman	110	8116
3096	RACKET	racket	114	7507
3097	SEWING MACHINE	sewing machine	118	6999
3099	SOFA	couch	148	4538
31	PAN	frying pan	167	3667
310	HEAD LOUSE	head louse	1035	272
3100	SUNGLASSES	sunglasses	106	8822
3102	TANK	tank	159	3988
3104	THERMOMETER	thermometer	132	5667
3105	UMBRELLA	umbrella	238	2107
3106	WARDROBE	wardrobe	137	5306
311	BODY LOUSE	body louse	100	9797
3110	CLAP	clap	188	2979
3111	CONDUCT	conduct	180	3198
3112	ERUPT	erupt	114	7466
3114	GRATE (SOMETHING)	grate	244	2031
3116	HATCH (OUT)	hatch	220	2347
3119	MASSAGE (SOMEBODY)	massage	206	2597
3120	MOP (SOMETHING)	mop	115	7358
3121	OPERATE (MEDICINE)	operate	153	4276
3122	PAINT (SOMETHING)	paint	519	767
3123	PHOTOGRAPH (SOMETHING)	photograph	206	2603
3128	SHOWER (ACTION)	shower	191	2935
3129	SKATE	skate	137	5297
3130	SPILL (SOMETHING)	spill	261	1838
3132	SURF	surf	102	9533
3134	TYPE (ON SOMETHING)	type	222	2326
3135	VACUUM (SOMETHING)	vacuum	107	8644
3137	OAR	oar	471	860
3138	STRAWBERRY	strawberry	204	2640
3139	LADYBUG	ladybird	105	8949
3140	VEST	vest	141	5063
3142	BISON	bison	220	2343
3143	POLAR BEAR	polar bear	117	7120
3144	GORILLA	gorilla	123	6393
3145	HIPPOPOTAMUS	hippo	116	7203
3146	CHEETAH	cheetah	166	3694
3147	HAMSTER	hamster	111	7917
3153	LORD	lord	190	2951
3154	WILD BOAR	wild boar	163	3820
3160	SLAP	slap	331	1374
3166	TWENTY TWO	twenty-two	112	7833
3167	SERMON	sermon	134	5533
3168	DOWRY	dowry	125	6189
3169	TREATY	treaty	129	5883
3171	RINGWORM	ringworm	141	5049
3172	SCABIES	scabies	168	3638
3174	WAKE UP (SOMEONE)	wake	326	1403
3176	RACK (FOR STORING FOOD)	rack	147	4634
3179	CORAL ROCK	coral	152	4305
318	FOOTPRINT	footstep	100	9836
3181	MUSTARD	mustard	159	3978
3187	DROWNED	drowned	244	2029
3188	MIGHTY OR POWERFUL OR STRONG	mighty	540	723
319	LICK	lick	683	513
3197	SUSPICION	suspicion	122	6548
32	EARWAX	earwax	303	1532
320	LAME	be lame	115	7291
3200	COUNTRYSIDE	countryside	129	5838
3202	CANNON	cannon	253	1915
3204	INSULT	insult	268	1780
321	CHEW	chew	806	408
3213	HIRE OR RENT	hire	256	1886
3215	CREEP	creep	450	912
322	FIG	fig	238	2100
3220	MATERNAL UNCLE	maternal uncle	143	4908
3222	TWIG	twig	195	2819
323	FAT (ORGANIC SUBSTANCE)	grease	1068	247
3230	DECEIVE	deceive	296	1580
3231	DEITY	deity	172	3476
3232	PELT	pelt	241	2070
3241	CORIANDER	coriander	107	8525
3248	MAPLE TREE	maple	132	5648
325	FELT	felt	149	4476
3252	PANCREAS	pancreas	137	5285
3257	CLITORIS	clitoris	266	1789
3258	FALCON	falcon	161	3871
326	CLOAK	cloak	262	1823
3261	HORNET	hornet	177	3305
3262	HORSEFLY	horsefly	127	6025
3263	LAP	lap	219	2362
3267	PULSE	pulse	142	4975
3268	QUESTION	question	601	624
3269	PORCH	platform	232	2178
3274	ENCIRCLE	surround	345	1312
3276	SUNSHINE	sunlight	121	6682
3279	MANTIS	praying mantis	154	4235
3280	TUSK	tusk	171	3529
3282	GROOM	bridegroom	186	3033
3283	CAGE	cage	150	4406
3284	GRAVEYARD	graveyard	180	3202
3287	BLOOM	bloom	321	1424
3288	WEED	weeds	159	3993
329	STOCKING	stocking	227	2250
3299	KIND	kind	305	1521
33	NETTLE	nettle	226	2259
330	HEADBAND	headband	226	2257
3300	POLITE	polite	127	6049
3302	QUARREL (VERB)	argue	253	1914
3303	PICTURE (PAINTING)	painting	169	3599
3304	PICTURE (PHOTOGRAPH)	photo	168	3634
331	HEADDRESS	headdress	202	2665
3313	JACKAL	jackal	200	2704
3314	LYNX	lynx	151	4372
3315	FLAX	flax	168	3623
3317	ELM	elm	126	6106
332	RAG	rag	326	1401
3320	SNARE (TRAP)	snare	256	1892
3325	PEARL	pearl	199	2721
3327	AUTUMN OR HARVEST SEASON	harvest	393	1089
3329	YEARLING (HORSE)	yearling	130	5818
333	PLAIT	plait	568	676
3330	LENTILS	lentil	121	6639
3333	BELIEF (RELIGIOUS)	belief	219	2358
3334	RITE	rite	108	8440
3336	FUNERAL	funeral	193	2859
334	COOKHOUSE	cookhouse	134	5480
335	MEETING HOUSE	meeting house	124	6310
3353	SIEVE (TOOL)	sieve	308	1501
3356	INCENSE	incense	167	3668
3357	CUPBOARD	cabinet	146	4671
336	PADLOCK	padlock	164	3781
3361	OFFICIAL	official	170	3558
3368	POWDER	powder	243	2047
3372	GALL BLADDER	gall bladder	194	2836
3373	HAN CHINESE	Chinese	262	1820
3374	TIBETAN	Tibetan	120	6715
3375	PATIENT (SICK PERSON)	patient	229	2215
3376	ROBBER	robber	185	3083
3377	EMPEROR	emperor	149	4474
338	RAKE	rake	298	1569
3380	HUNTING DOG	hound	318	1447
3382	PEACOCK	peacock	154	4227
3384	WEASEL	weasel	174	3426
3385	ALUMINIUM	aluminum	190	2941
3386	SULPHUR	sulphur	214	2455
3387	MIDDLE FINGER	middle finger	174	3412
3388	PLACENTA	placenta	207	2574
3389	MEASLES	measles	170	3554
3396	BUILDING	building	296	1578
3399	WAREHOUSE	warehouse	124	6344
34	STAIRS	stairs	185	3087
3401	HENHOUSE	coop	119	6839
3403	HORSE BARN	stable	260	1850
3404	TILE	tile	118	7014
3405	RULER	ruler	363	1229
3407	FILE (TOOL)	file	257	1871
341	SICKLE	sickle	420	1000
3411	OVER THERE	over there	204	2638
3416	EVERY (EACH)	each	237	2113
342	HAY	hay	306	1517
3423	DRILL	drill	230	2201
3424	SHEATH	sheath	193	2872
3425	JOKE	joke	278	1695
3426	SURNAME	surname	180	3210
3427	DIRECTION	direction	230	2200
3429	COMPARE	compare	208	2536
343	VINE	vine	366	1220
344	TREE TRUNK	trunk	541	721
3446	PINK	rose	229	2216
345	SAP	sap	497	805
3452	MUCH	much	1206	194
3458	SILENCE	silence	319	1441
346	BANYAN	bough	129	5830
3460	BEACH	beach	419	1001
3463	RIVERBANK	river bank	116	7237
3466	DANGEROUS	dangerous	206	2593
3468	KINDNESS	kindness	171	3517
3469	LEVEL	level	253	1923
347	SORGHUM	sorghum	165	3755
3470	LIAR	liar	238	2101
3471	OBLIGATION (DUTY)	obligation	166	3704
3473	LONG (FOR SOMETHING)	long for	135	5421
3475	SUFFICE	suffice	120	6799
35	TAMARIND	tamarind	192	2911
350	MANGROVE	mangrove	100	9864
351	TARO	taro	151	4387
3513	THREE HUNDRED	three hundred	119	6900
3515	FOUR HUNDRED	four hundred	146	4686
3516	FIVE HUNDRED	five hundred	147	4614
3519	EIGHT HUNDRED	eight hundred	123	6384
352	UNTIE	untie	542	719
3520	NINE HUNDRED	nine hundred	117	7115
353	STRIKE	strike	1176	207
3533	ONE MILLION	million	170	3555
3534	BEG	beg	313	1466
3535	BE DEFEATED	defeated	101	9619
354	POUND	pound	751	447
3545	WATERY	watery	141	5065
355	CUT DOWN	fell	165	3739
3551	FETCH	fetch	298	1566
3552	GREET	greet	264	1803
3553	HELLO	hello	287	1629
3554	GOODBYE	farewell	159	3962
356	SHEARS	scissors	400	1065
357	HANG UP	hang up	324	1406
359	POTTER	potter	207	2575
3599	BILLION	billion	127	5999
36	PUBIC HAIR	pubic hair	314	1462
3608	WARRIOR	warrior	188	2997
361	PEG	peg	216	2426
3610	MALLARD	mallard	128	5945
3612	INDIGENOUS PEOPLES OF THE AMERICAS	Indian	149	4458
3614	PANT	pant	169	3600
3615	BLEED	bleed	257	1867
3616	FAINT (PASS OUT)	faint	324	1405
3617	STUMBLE	stumble	285	1638
362	STRING	string	667	536
3620	SLEEPY	sleepy	217	2413
3621	DISABLED PERSON	cripple	246	2008
3624	LEPROSY	leprosy	253	1922
3625	HEADACHE	headache	203	2650
3626	KNOW	know	1474	106
3628	HONOR (SOMEBODY)	honor	256	1887
3629	HESITATE	hesitate	176	3342
363	DWELL (LIVE, RESIDE)	dwell	390	1099
3630	PLAN	plan	253	1925
3631	PRETEND	pretend	196	2785
3632	GENEROUS	generous	232	2174
3633	CURIOUS	curious	146	4677
3634	STUBBORN	stubborn	195	2816
3635	ADULT	adult	224	2287
3636	CO-WIFE	co-wife	128	5907
3637	WEAVER	weaver	145	4797
3638	ASSEMBLE (GET TOGETHER)	assemble	338	1345
3639	AVOID	avoid	334	1359
3640	GOSSIP	gossip	256	1884
3642	COMPLAIN	complain	223	2307
3643	AGREE	agree	294	1590
3644	AGREEMENT	agreement	224	2288
3645	PERSUADE	persuade	193	2869
3646	PROVERB	proverb	208	2546
3647	TICKLE (SOMEBODY)	tickle	270	1764
3648	SERVE (SOMEONE)	serve	237	2121
3649	PUNISH	punish	232	2179
365	SPLASH	splash	303	1535
3653	COOKING POT	cooking vessel	257	1870
3654	TAKE OUT	take out	269	1771
3657	GRANARY	barn	157	4053
3658	BELLOWS	bellows	159	3950
3659	POLISH (SOMETHING)	polish	270	1760
366	LIMP	limp	409	1036
3664	INHERIT	inherit	187	3015
3665	TRAVEL	travel	357	1255
3666	WANDER	wander	205	2627
3667	LOST	lost	242	2056
367	RIDE	ride	387	1121
3670	PLUNDER	plunder	211	2493
3673	MOURNING	mourning	250	1954
3674	ANTELOPE	antelope	243	2039
3675	ZEBRA	zebra	229	2220
3676	SHREW	shrew	129	5875
3677	MONGOOSE	mongoose	128	5949
3679	GROWL	growl	245	2020
3680	RUMINATE	ruminate	115	7374
3681	PARTRIDGE	partridge	193	2866
3683	CACKLE	cackle	120	6733
3684	PECK	peck	193	2868
3685	HISS	hiss	138	5214
3687	DESERT	desert	338	1347
3688	MARSH	marsh	217	2406
3689	BUBBLE	bubble	236	2128
369	OWE	owe	248	1987
3690	FULL MOON	full moon	233	2159
3691	NEW MOON	new moon	221	2335
3695	MOVEMENT	movement	254	1909
3696	THROW AWAY	throw out	106	8828
3697	DIP	dip	293	1593
3698	SINGE	singe	216	2428
370	BARTER	barter	277	1704
3700	LENGTHEN	lengthen	243	2043
3701	HOLLOW	hollow	227	2242
3702	SLIPPERY	slippery	275	1715
3703	STICKY	sticky	213	2469
3704	ODOR (SMELL)	odor	186	3047
3709	BRILLIANT	brilliant	140	5080
371	PICK UP	pick up	530	744
3712	RAINCOAT	raincoat	129	5868
3713	PHARYNX	pharynx	106	8788
3714	LARYNX	larynx	164	3773
3716	OVARY	ovary	108	8423
3717	BADGER	badger	181	3166
3719	MARMOT	marmot	122	6522
372	POINTED	pointed	293	1596
3721	FINCH	finch	102	9479
3723	NIGHTINGALE	nightingale	170	3556
3724	STORK	stork	158	4038
3725	AVOCADO	avocado	137	5248
3727	CELERY	celery	158	4013
3729	LETTUCE	lettuce	149	4483
373	LONG AGO	long ago	215	2438
3730	APRICOT	apricot	159	3948
3732	POMEGRANATE	pomegranate	142	4974
3733	FERRY	ferry	143	4898
3734	CHIMPANZEE	chimp	120	6738
3739	MARTEN	marten	145	4771
374	ONE TIME	once	243	2045
3740	WHIRLWIND	whirlwind	218	2392
3743	BRASS	brass	220	2344
3744	INTERPRETER	interpreter	159	3970
3746	VASE	vase	129	5885
3747	SHAPE	form	231	2188
375	SNIFF	sniff	851	371
3754	TRANSPARENT	transparent	147	4642
3758	WINDY	windy	121	6691
3759	FOGGY	foggy	129	5850
376	FRAGRANT	fragrant	291	1603
3760	THUNDERY	thunderbolt	125	6243
3762	SAFE	safe	189	2971
3763	PATERNAL UNCLE	paternal uncle	110	8112
377	LOUD	loud	297	1576
3777	CATFISH	catfish	157	4060
378	PINCH	pinch	562	686
3780	PET	pet	148	4562
379	BLUNT	blunt	817	398
3797	OSTRICH	ostrich	270	1758
38	SPREAD OUT	spread out	376	1169
380	WRINKLED	wrinkled	332	1371
3800	IVORY	ivory	223	2310
3801	DATE (FRUIT)	date	224	2294
3802	FERN	fern	174	3408
3803	RASPBERRY	raspberry	155	4180
3804	GRAPEFRUIT OR POMELO	grapefruit	135	5407
3807	EYEBALL	eyeball	167	3663
3808	JUNGLE	jungle	198	2741
3809	SCREAM (PRODUCE A CRY)	scream	235	2142
381	BLAME	blame	301	1544
3812	COWARDLY	cowardly	141	5015
3813	DISOBEDIENT	disobedient	135	5396
3814	HANDSOME	handsome	192	2896
3815	ALMOND	almond	141	5000
382	GOVERN	govern	261	1834
3821	BROOK	brook	874	356
383	MASTER	master	432	957
384	FREEMAN	freeman	123	6390
3840	CRANBERRY	cranberry	109	8205
3841	WINDMILL	windmill	102	9545
3843	BUT	but	355	1260
3844	CONTEMPT	contempt	133	5562
3845	DISAPPOINTMENT	disappointment	126	6103
3846	EXCITEMENT	excitement	118	6954
3848	SURPRISE (FEELING)	surprise	233	2163
3849	TRIUMPH	triumph	121	6686
385	RESPECT (SOMEBODY)	respect	283	1651
3854	SADNESS	sadness	322	1419
3855	ITCH (CAUSE ITCHING OR FEEL ITCHY)	itch	558	693
3857	EGGSHELL	eggshell	184	3104
3858	CONFUSED	confused	182	3149
3859	MIDWIFE	midwife	273	1732
3860	POSSESSIONS	belongings	157	4056
3861	FAIL	fail	217	2403
3866	ABORTION	abortion	155	4146
3867	ALCOHOLIC (PERSON)	alcoholic	119	6821
3869	ANXIOUS	anxious	155	4147
387	SLING	sling	228	2232
3870	RUSTY	rusty	117	7127
3871	MURDERER	killer	178	3268
3872	BLOND	blond	106	8700
3873	CHOCOLATE	chocolate	186	3034
3874	KNOWLEDGE	knowledge	298	1568
3875	CRIMINAL	criminal	152	4306
3876	DENTIST	dentist	158	4018
3877	DEPRESSION	depression	147	4606
3878	DIAMOND	diamond	224	2295
3879	IMAGINE	imagine	241	2069
388	FISHNET	fishing net	115	7330
3881	PISTOL	pistol	157	4086
3883	NOISY	noisy	171	3522
3885	IMPATIENT	impatient	143	4903
3887	NOBODY	nobody	158	4028
3888	SKUNK	skunk	149	4502
389	FISH TRAP	fish trap	214	2450
3892	ACQUIRE (SOMETHING)	acquire	168	3617
3893	AFFORD	afford	107	8496
3894	ATTACH	attach	208	2532
3895	DETECT	detect	117	7076
3896	ROAR	roar	283	1652
39	KEEN	keen	124	6304
390	PUNISHMENT	punishment	311	1484
3902	TRUST (SOMEBODY)	trust	253	1926
3904	ENCOUNTER (MEET)	encounter	174	3406
391	BLESS	bless	310	1488
3915	PRIDE	pride	198	2751
3916	PLEASURE	pleasure	193	2870
392	MAGIC	witchcraft	354	1272
393	CIRCUMCISION	circumcision	173	3434
394	SHAMAN (FOLK HEALER)	medicine man	173	3447
395	PILL	pill	184	3110
398	PIERCE	pierce	968	303
399	PLANTAIN	plantain	204	2639
4	COURTYARD	courtyard	271	1747
40	ENVY	envy	349	1288
402	SURPASS	surpass	289	1615
404	ALCOHOL (FERMENTED DRINK)	fermented drink	152	4311
406	OLD MAN	old man	721	470
409	FORKED BRANCH	forked branch	162	3834
41	IGNORE	ignore	165	3745
410	YAM	yam	731	464
411	GOURD	calabash	319	1438
412	CARRY IN HAND	carry-in-hand	107	8514
413	CARRY ON SHOULDER	carry-on-shoulder	124	6277
417	THREE TIMES	three times	207	2582
418	FOR A LONG TIME	for a long time	110	8072
419	SEVERE	severe	154	4240
42	STINKING	stinking	358	1252
420	FOREST	woods	1001	291
421	RETREAT	retreat	252	1936
423	GET LOST	get lost	203	2649
424	MARRIED MAN	married man	186	3045
425	BE LATE	be late	110	8037
426	MARRIED WOMAN	married woman	198	2744
427	YOUNGER SIBLING	younger sibling	109	8324
43	LEAD (GUIDE)	guide	246	2011
430	TWIST	twist	667	537
431	UPPER ARM	upper arm	257	1879
44	INJURE	harm	309	1497
446	LOWER ARM	forearm	162	3833
45	EVIL	wicked	246	2018
452	DRY SEASON	dry season	241	2066
453	RAINY SEASON	wet season	147	4645
456	GUINEA FOWL	guinea fowl	307	1509
457	BLIND PERSON	blind person	196	2777
459	SNAP (OF STICK)	snap	264	1809
46	HOLLOW OUT	hollow out	284	1643
467	CRAYFISH	crayfish	308	1499
470	POSSUM	possum	258	1861
471	UPPER LEG (THIGH)	thigh	1119	226
472	PELICAN	pelican	159	3979
474	DRESS	dress	417	1007
476	CUP	drinking vessel	177	3296
477	LATE	later	255	1899
478	LIP	lips	177	3307
479	GROW	grow	909	329
48	BE SILENT	silent	344	1316
480	PLATE	plate	443	931
481	DISH	dish	368	1207
482	NOBLE	noble	217	2407
483	COMPOUND	compound	167	3657
484	CONDEMN	condemn	208	2539
485	DISAPPEAR	disappear	461	886
486	MINISTER	minister	212	2481
487	SHY	timid	148	4574
488	MANNER	manner	293	1595
489	KIDNEY	kidney	762	438
49	REFUSE	refuse	549	707
490	DESCENDANTS	descendant	185	3069
491	CENTER	center	329	1382
492	THREE	three	1668	40
493	FIVE	five	1571	82
494	FLIRT	flirt	118	6957
495	REVENGE	revenge	192	2907
496	CUCUMBER	cucumber	296	1579
497	SCAR	scar	529	747
498	CALF OF LEG	calf of the leg	120	6734
5	GAZELLE	gazelle	191	2926
500	CRUEL	cruel	177	3292
501	LIFT	lift	592	635
503	FROG	frog	1073	246
504	LEARN	learn	692	504
505	PARENTS	parents	299	1560
506	MAIZE	maize	501	798
507	MELON	melon	236	2130
508	PERIOD	period	232	2177
509	CERTAIN	certainly	187	3005
51	SORE	sore	884	345
513	THIS YEAR	this year	197	2772
514	LAST YEAR	last year	234	2150
515	NEXT YEAR	next year	179	3230
518	SPARK	spark	358	1251
52	SHIVER	tremble	382	1140
522	WOLF	wolf	400	1067
523	BACK OF HEAD	rear	237	2119
525	BLOOD VESSEL	blood vessel	147	4598
526	HOWL	howl	348	1299
528	DREADFUL	fearful	136	5332
53	SPIRIT	spirit	609	609
530	FRECKLE	freckle	112	7774
531	HOW MUCH	how much	264	1805
533	GLUTTON	glutton	159	3965
534	HUMP	hump	252	1932
539	NEST	nest	709	484
54	SHRINK	shrink	208	2552
540	PALATE	palate	223	2312
541	POETRY	poetry	154	4231
543	SHUTTLE	shuttle	106	8812
544	SPICY	spicy	128	5964
545	SPRUCE	spruce	135	5443
547	SURFACE	surface	204	2641
549	COPULATE	sexual intercourse	141	5052
55	WHISPER	whisper	432	959
550	DILUTE	dilute	133	5568
552	GROW UP	grow up	261	1835
554	HINDER	hinder	278	1693
557	OFFEND	offend	142	4971
558	PASS BY	pass by	158	4029
56	BAD LUCK	bad luck	237	2111
568	RISE (MOVE UPWARDS)	rise	517	769
569	SPOIL (BECOME SPOILED)	rot	850	373
57	ATOP	upon	158	4044
570	STAND UP	stand up	558	694
571	STING	sting	334	1362
573	SWAY	sway	161	3892
575	TREAD	tread	157	4099
576	DANDRUFF	dandruff	287	1626
577	FOREFINGER	index finger	175	3381
578	KISS	kiss	585	643
579	BATTLE	battle	379	1148
58	LIQUID	liquid	249	1973
580	FUR	fur	578	656
581	COME BACK	come back	480	843
582	LEND	lend	453	907
584	DIFFICULT	difficult	433	955
585	BOOT	boot	282	1654
586	GARDEN	vegetable garden	111	7991
587	ANT	ant	895	334
588	BROKEN	broken	349	1286
589	CLOSED	closed	175	3368
59	ELECTRICITY	electricity	241	2067
590	NAKED	naked	503	793
592	PISS	piss	191	2932
593	POTATO	potato	531	741
594	PIECE	piece	426	974
595	GROUNDNUT (PEANUT)	groundnut	168	3627
596	POSTAGE STAMP	stamp	206	2606
597	PHYSICIAN	physician	363	1227
598	SHELL	shell	640	568
6	EARTHQUAKE	earthquake	429	963
60	OAT	oat	117	7116
600	STRANGE	odd	150	4427
602	HIDE (CONCEAL)	conceal	521	760
603	COAT	coat	318	1444
604	GLASS	glass	448	917
605	GRAIN	grain	427	972
606	GRASS	grass	1325	152
607	GRASSHOPPER	grasshopper	523	758
608	GULF	gulf	180	3203
609	HAIL	hail	373	1180
610	PORT	harbor	216	2421
611	HARVEST	crop	274	1722
612	HEAT	hotness	123	6398
613	HIGH TIDE	high tide	173	3442
614	HILL	hill	1447	116
615	HORSE	horse	870	363
616	HOSPITAL	hospital	289	1613
617	ICE	ice	484	832
618	PRECIPICE	precipice	291	1605
619	ANIMAL	animal	990	293
620	INSECT	insect	402	1058
621	IRON	brand	160	3902
622	ISLAND	island	682	514
623	LAGOON	lagoon	196	2782
624	LAKE	lake	1061	251
625	LAMP	lamp	484	833
626	LAND	land	1197	200
628	LEAF	leaf	1628	65
629	LEATHER	leather	368	1210
63	RUMOUR	rumour	126	6143
630	LIGHT (RADIATION)	daylight	765	436
631	LIVESTOCK	livestock	244	2032
632	LIZARD	lizard	696	496
633	MARKET	marketplace	168	3632
634	MEAT	meat	1634	59
635	MILK	milk	1004	289
636	MILL	mill	273	1733
637	MOSS	moss	263	1817
638	MOTORCYCLE	motorbike	117	7113
639	MOUNTAIN	mountain	1566	83
64	PIN	pin	284	1645
640	MUD	mud	871	362
641	MUSHROOM	fungus	198	2739
642	MUSIC	music	304	1529
644	OAK	oak	238	2104
645	OCEAN	ocean	895	335
646	ASH	ash	1411	121
648	PAPER	paper	537	730
649	PASTURE	pasture	278	1698
65	AMBUSH	ambush	238	2099
650	PETROLEUM	petroleum	206	2602
651	SEAL	seal	241	2072
652	PLAIN	plain	441	935
653	PLANT (VEGETATION)	vegetation	109	8315
654	PLASTIC	plastic	153	4278
655	POISON	poison	604	617
656	POLICE	police	244	2034
657	PRICE	price	428	971
658	RAIN (PRECIPITATION)	rain	1661	45
659	REED	reed	367	1214
66	KNEEL	kneel	511	778
660	REEF	reef	181	3183
661	RELIGION	religion	343	1320
662	BATTERY	battery	194	2829
663	BAY	bay	251	1940
664	RESIN	pitch	157	4087
665	BEE	honey-bee	104	9110
666	RIVER	river	1148	218
667	ROAD	road	1590	77
668	ROCK	rock	1633	60
67	EMBERS	embers	379	1149
670	ROOT	tuber	140	5129
671	SAND	sand	1630	62
672	EARLY	early	389	1109
673	SCHOOL	school	453	909
674	MOUTH	mouth	1710	25
675	FAECES (EXCREMENT)	shit	213	2468
676	SHIT (DEFECATE)	defecate	576	663
677	AXE	hatchet	236	2129
678	BEARD	beard	958	310
679	BRIGHT	bright	470	863
68	TATTOO	tattoo	261	1840
680	BREAK (DESTROY OR GET DESTROYED)	break	1020	281
681	DESTROY	demolish	167	3661
682	SIDE	side	680	519
683	PERSON	human being	1379	128
684	OWN	own	323	1414
685	DECIDE	decide	251	1941
686	EASY	simple	197	2770
687	NOTHING	nothing	428	970
688	LUNG	lungs	488	826
689	BETWEEN	between	331	1373
69	SOBER	sober	132	5662
690	BOTTOM	bottom	449	915
691	SEASON	season	399	1072
692	BRING	bring	749	452
693	FROM	from	283	1649
694	GET	obtain	456	902
695	GO	going	110	8077
696	STIR	stir	543	716
698	WISE	wise	351	1283
699	SAD	unhappy	158	4043
7	GATHER	gather	705	486
70	BRACKISH	brackish	161	3868
700	CARRY	carry	812	404
701	SLOW	slow	667	535
702	CATCH	catch	715	475
703	SOON	soon	382	1139
704	CLEAN	cleanness	116	7180
705	GO UP (ASCEND)	mount	307	1511
706	DARK	dark	810	407
707	REMEMBER	remember	697	495
708	SHINE	shine	573	667
709	TEACH	teach	649	555
710	WHEEL	wheel	380	1147
711	TALL	tall	593	633
712	RICH	wealthy	171	3532
713	STEAL	stealing	102	9531
714	SEED	seed	1226	188
715	SHOUT	yell	224	2304
716	GROAN	groan	429	965
717	SWEET	sweetness	182	3159
718	PAY	pay	578	657
719	FIND	found	160	3915
72	CLAW	claw	923	321
720	GOOD LUCK	luck	295	1587
721	LOW	low	374	1176
722	ATTACK	attack	329	1379
723	PLACE (POSITION)	place	908	330
724	READ	read	550	703
725	OLD PERSON	old person	247	2001
726	WHILE	while	219	2373
727	WHICH	which	443	932
728	FIRST	first	628	581
729	DAWN	daybreak	232	2171
73	BEAK	beak	439	937
730	SNAKE	snake	1644	51
731	BEVERAGE	beverage	249	1966
732	YOUR (SINGULAR)	yours	229	2219
733	EARN	earn	237	2114
734	MAKE	make	859	367
735	OWL	owl	622	587
736	YARD	yard	334	1364
737	LIGHT (IGNITE)	ignite	360	1242
738	THING	thing	813	403
739	FEED	feed	302	1541
74	PUPPY	cub	103	9267
740	SHIP	ship	416	1011
741	DRIVE	drive	437	943
742	END (OF SPACE)	end	710	480
744	EGG	egg	1669	38
745	SHELF	shelf	300	1555
746	SHOP	shop	333	1366
747	BICYCLE	bicycle	298	1564
748	SOW SEEDS	sow	461	890
749	ENTER	go in	454	905
75	DISGRACE	disgrace	204	2633
750	DROP	drop	947	312
751	SHRUB	shrub	214	2453
752	STORE	store	388	1119
753	PUPIL (STUDENT)	pupil	368	1212
754	HURRY	hasten	281	1664
755	DENY	deny	411	1029
756	DEPEND	depend	127	6011
757	BUTTON	button	366	1215
758	HERON	egret	159	3958
759	SILVER	silver	435	952
76	YOUNG MAN	young man	614	600
760	KNOT	knot	577	661
761	COVER	cover	741	457
762	OUTSIDE	outside	640	566
763	SKIN	skin	1759	14
765	MOVE	move	526	753
766	MENSTRUATION	menstruation	178	3271
767	CORPSE	corpse	701	492
768	LUNCH	lunch	282	1658
769	ROOF	roof	823	396
77	YOUNG WOMAN	young woman	369	1203
770	EARRING	earring	368	1209
771	HAT	hat	600	625
772	BELT	belt	510	779
773	HAVE	have	494	810
774	CABBAGE	cabbage	260	1843
775	TRUMPET	trumpet	276	1712
777	FLUTE	flute	365	1222
778	SMOKE (EXHAUST)	smoke	1696	30
779	PART	part	409	1037
78	THAT	that one	120	6802
780	OUR	ours	209	2523
782	DEFEAT	defeat	293	1592
783	VICTORY	victory	258	1865
784	SNOW	snow	470	866
785	STRONG	strong	797	415
787	SAIL	sail	340	1341
788	SOAP	soap	462	885
789	PEOPLE	nation	221	2334
79	WASTE	waste	269	1772
790	READY	ready	422	987
791	STRANGER	stranger	478	849
792	BOIL (OF LIQUID)	boiling	127	6000
794	PEN	pen	373	1181
795	TROUT	trout	136	5361
796	NIPPLE	teat	320	1437
797	TESTICLES	scrotum	198	2752
798	JAW	jawbone	117	7103
799	WRIST	wrist	463	883
8	CURSE	curse	410	1033
80	DOORPOST	doorpost	144	4838
801	RIB	ribs	135	5439
803	ANKLE	ankle	578	654
804	WOMB	womb	465	875
805	SPINE	backbone	415	1013
806	BLANKET	blanket	442	933
807	SKILLED	skilled	120	6796
808	DRIP (FALL IN GLOBULES)	drip	431	960
809	TROUSERS	pants	272	1744
81	FATHOM	fathom	231	2187
810	LOCUST	locust	432	956
811	SOUL	soul	515	772
812	SLAVE	slave	571	671
813	DO	done	151	4359
815	GOVERNMENT	government	269	1770
816	HALF	half	504	789
817	THEY	they	1288	165
818	WILLOW	willow	168	3647
819	STOMACH	stomach	1033	274
82	ANGER	anger	609	606
820	LAMB	lamb	369	1200
821	POPLAR	poplar	132	5652
822	HOW MANY	how many	684	510
823	SORCERER	sorcerer	423	984
824	WITCH	witch	349	1292
825	AWAKE	awake	218	2377
827	ROLL	roll	421	994
828	RACCOON	raccoon	141	5044
829	RAFTER	rafter	271	1750
83	FORBID	forbid	348	1297
830	SOOT	soot	310	1491
831	BASE	basis	145	4742
832	BEAN	beans	151	4352
833	ENDURE	endure	280	1671
834	BUTTOCKS	ass	501	797
835	CHAPTER	chapter	171	3509
836	SCREWDRIVER	screwdriver	148	4571
837	BLUE	blue	669	531
838	REMAINS	remains	225	2275
84	JUST	just now	148	4553
840	CORMORANT	cormorant	137	5262
842	LIQUOR	liquor	178	3270
843	SPIDER	spider	1138	221
844	KIND (THING)	sort	214	2454
845	MURDER	homicide	106	8756
846	TIGER	tiger	285	1639
847	THIRSTY	be thirsty	104	9062
848	THIRST	thirst	645	562
849	SPRING (OF WATER)	fountain	155	4168
85	GIVE BACK	give back	262	1824
850	SQUARE	square	298	1571
851	STABLE	stall	223	2314
852	PRIEST	priest	363	1228
853	ALTAR	altar	238	2098
854	KETTLE	kettle	306	1518
855	SEIZE	grab	377	1161
857	STONE	stone	1768	11
858	STORM	storm	509	783
859	STOVE	stove	288	1624
860	CAUSE	lawsuit	108	8413
861	JUDGE	judge	478	846
862	SUGAR	sugar	493	814
863	EDGE	edge	467	870
864	PUMPKIN	squash	348	1300
865	FAME	fame	163	3805
866	WIN	win	344	1318
867	GLOVE	glove	231	2189
868	BANANA	banana	492	815
869	BLADE	blade	310	1487
870	BREATH	breath	1001	290
871	RATTLESNAKE	rattlesnake	101	9709
873	TAX	tax	323	1416
874	CANDY	candy	221	2330
875	SHOEMAKER	shoemaker	205	2624
876	ARCH	arc	102	9441
877	MASON	mason	190	2952
878	HELL	hell	324	1407
879	COUGH	cough	1037	270
88	BEEHIVE	hive	121	6627
880	REPEAT	repeat	234	2151
881	TAILOR	tailor	258	1864
882	PARROT	parrot	455	903
883	TERMITE	termite	569	675
884	SHARE	share	423	983
885	OPPOSITE	opposite	179	3231
887	BITTER	bitterness	207	2564
888	POISONOUS	poisonous	132	5651
889	FLAME	flame	509	782
890	MULE	mule	257	1874
891	TIDE	tide	199	2725
892	TIME	time	609	610
893	TIN (METAL)	tin	337	1351
894	TOAD	toad	310	1493
895	TORTOISE	tortoise	501	800
897	SWALLOW	swallow	957	311
898	TRADE	trade	354	1271
899	PRESIDENT	president	195	2806
9	ANNOUNCE	announce	339	1342
90	INNOCENT	innocent	247	1995
900	TRAIN	train	303	1537
901	ADOBE	adobe	127	5988
902	ADULTERY	adultery	267	1785
904	BERRY	berry	200	2700
905	BORING	bored	109	8188
906	TREE	tree	1635	57
907	OLD WOMAN	old lady	160	3926
908	DRUM	drum	750	449
909	GARBAGE	rubbish heap	110	8124
91	INSOLENT	insolent	106	8762
910	DEATH	death	691	507
911	TEMPLE	temple	377	1165
912	COYOTE	coyote	163	3802
913	CROW	crow	723	469
914	SCULPTOR	sculptor	155	4186
915	SINK (BASIN)	basin	183	3122
916	LINEN	linen	172	3485
917	ORNAMENT	adornment	209	2520
919	CHILI PEPPER	hot pepper	116	7204
92	SPOIL (SOMEBODY OR SOMETHING)	spoil	347	1305
920	GRAPE	grapes	118	6961
921	VALLEY	valley	540	724
922	PEAR	pear	232	2176
923	LOVE	love	812	405
924	VEGETABLES	vegetables	231	2194
925	CASSAVA	cassava	358	1249
926	RICE	rice	512	777
928	EMBRACE	embrace	487	828
93	DRAW MILK	to milk	107	8633
930	VILLAGE	village	1013	287
931	MILLET	millet	285	1637
932	BARLEY	barley	288	1616
933	WALL (OF HOUSE)	wall	714	477
934	BUFFALO	buffalo	463	880
935	WAR	war	693	503
936	STALLION	stallion	226	2262
937	BIRD	bird	1687	33
938	MARE	mare	281	1665
940	STRAIN	strain	396	1080
941	MEAD	mead	155	4174
942	HONEY	honey	884	344
943	WATERFALL	waterfall	357	1256
944	SALMON	salmon	150	4436
945	SPEAR	spear	1059	256
946	BLOOD	blood	1772	10
947	STREAM	stream	1012	288
948	WATER	water	1818	2
95	SANDFLY	sandfly	195	2808
950	SEAGULL	gull	144	4845
951	WEAPONS	weapon	233	2166
952	WEATHER	weather	375	1173
953	RAPE	rape	266	1790
954	WELL	well	767	433
955	GREASY	greasy	145	4762
956	FLEE	flee	378	1156
957	WHALE	whale	321	1428
958	WILD ANIMAL	beast	247	1992
96	CRAWL	crawl	592	634
960	WIND	wind	1629	63
961	PEBBLES	pebble	186	3050
962	WOMAN	women	142	4991
963	BOOK	book	560	688
964	WOOL	wool	374	1177
965	WORLD	world	484	837
966	BRAKE	brake	165	3724
967	YEAST	ferment	241	2068
968	ACORN	acorn	200	2696
969	CIGARETTE	cigarette	243	2040
97	THROUGH	through	210	2516
970	COCONUT	coconut	346	1309
971	MUST	must	197	2768
972	BE ABLE	able	239	2086
974	TOBACCO	tobacco	624	585
975	SPINACH	spinach	141	5056
976	WEAR	wear	384	1134
977	ARROW	arrow	1050	264
978	WAVE	wave	606	615
979	FARMER	peasant	139	5170
98	ALL	everything	208	2541
980	HEEL	heel	731	463
981	ELBOW	elbow	1013	286
983	CONVICT	convict	179	3223
984	WORK (LABOUR)	labour	183	3131
985	VINEGAR	vinegar	249	1981
986	TOMATO	tomato	378	1159
987	REMAIN	stay	614	599
988	ACQUIT	acquit	169	3573
989	CLEAR	clear	443	929
99	HUNCHBACK	hunchback	127	6026
990	CREEK (TIDAL)	creek	222	2323
991	FRY	fry	739	459
992	CLIFF	cliff	368	1206
994	BOW	bow	944	313
995	QUIVER (FOR ARROWS)	quiver	276	1710
996	DEAF	deaf	695	497
998	PUT	put down	291	1606
999	JOINT	joint	245	2022
