CONCEPTICON_ID	CONCEPTICON_GLOSS	ENGLISH	SENSES	LINE_IN_SOURCE
1097	ABANDON	abandon (V)	to stay;to destroy	1
1251	BELLY	abdomen	belly	2
2527	ABILITY	ability	able;to know;strong;luck	4
972	BE ABLE	may	able;to know	3807
3866	ABORTION	abortion	sick	12
1741	ABOVE	over	top	4262
303	ABSTAIN FROM FOOD	abstain (V)	obstacle;to endure	21
1953	ABUSE	abuse (V)	to curse	27
1542	ACCOMPANY	accompany (V)	to follow;to help;together	37
1814	ACCUSE	accuse (V)	to curse;to deceive	46
1815	ACHE	ache (V)	sick;to die	49
1906	SOUR	acid	gall;sour;bitter;to rot	52
968	ACORN	acorn	to paint;tree;grain	56
3892	ACQUIRE (SOMETHING)	acquire (V)	to take	58
2670	ACROSS	across	to bend;side	59
1861	ACTIVE	active	quick;to know	63
802	ADAM'S APPLE	adam's apple	throat;neck	64
2882	ADD	add (V)	layer;many;to count;two;together;to bind	65
2022	ADMIT	admit (V)	to think	81
917	ORNAMENT	adornment	cloth	87
902	ADULTERY	adultery	to play	88
290	ADZE	adze	knife;to beat	93
2214	AFFAIR	affair	to work;to make	96
1419	FEAR (BE AFRAID)	fear (V)	to fear;to shake;to praise;to follow	2252
1685	AFTER	after	back;time;behind;to follow	106
2093	AFTERWARDS	afterwards	to follow;time	108
204	AGAIN	again	big;to follow;two;to roll;many	109
2469	AGAINST	against	obstacle	110
1789	AGE	age	time;year;moon;old	111
2112	OLD (AGED)	aged	old;to tire	112
3643	AGREE	agree (V)	to speak;true;to think;together	120
3644	AGREEMENT	agreement	debt	123
27	AIR	air	wind;to blow;face;sky	131
404	ALCOHOL (FERMENTED DRINK)	fermented drink	beer	2282
3867	ALCOHOLIC (PERSON)	alcoholic	beer	137
1558	SIMILAR	alike	similar;together	143
1422	BE ALIVE	alive	to live	144
98	ALL	everything	all	2078
1003	PERMIT	permit (V)	to give;to speak	4433
1964	ALONE	alone	one;pronoun	158
2576	ALREADY	already	time	161
853	ALTAR	altar	chair	163
1676	ALWAYS	always	shape;time	166
65	AMBUSH	ambush	trap;to hide	169
2987	AMOUNT	amount	time	170
1669	ANCESTORS	ancestor	to praise;time	175
1577	AND	and	big;time;many	178
82	ANGER	anger	anger;lung;silly;gall;to curse	181
1826	ANGRY	angry	anger;grief;to curse;war;strong;to fear	183
619	ANIMAL	animal	deer;elephant;meat;horse;marten;sheep	185
803	ANKLE	ankle	foot;bone	188
9	ANNOUNCE	announce (V)	to speak;to call	191
2892	MAKE ANGRY (ANNOY)	annoy (V)	devil;heavy;grief;to tire;to curse	193
2223	BE ANGRY	annoyed	grief	195
197	OTHER	another	pronoun	197
1275	ANSWER	reply (V)	to speak	5011
587	ANT	ant	insect;worm	199
3674	ANTELOPE	antelope	deer	200
1935	ANUS	anus	genitals;behind;below;hole	201
1648	ANVIL	anvil	metal	202
1000	ANXIETY	anxiety	to fear;shame	203
3869	ANXIOUS	anxious	grief;to think	204
1076	EMERGE (APPEAR)	emerge (V)	big;top;high;side;to make;to swell;wide;to wake;to grow	7069
1017	APPEARANCE	appearance	face;shape;to shine;to measure	213
1320	APPLE	apple	fruit	215
1778	APPROACH	approach (V)	near;to go;to reach	221
3730	APRICOT	apricot	grain	223
2046	APRON	apron	to cover;cloth	224
876	ARCH	arc	bow;to bend	226
1673	ARM	arms	sharp	236
3149	ARMLET	armlet	clothes	233
1061	ARMOUR	armour	skin;war	234
1886	ARMPIT	armpit	hand;hole	235
1561	ARMY	army	war;many	237
1568	ARRANGE	arrange (V)	to carry;to make;to put;to want;to follow;together;shape;to take	240
1387	ARRIVE	reach (V)	to reach;to go;to touch;to bind	4894
977	ARROW	arrow	bow;sharp;stick;edge;to cut;war	246
3997	ARTICHOKE	artichoke	vegetable	249
705	GO UP (ASCEND)	mount (V)	top;vehicle;to run	3962
646	ASH	ash	tree	257
1894	ASHAMED	ashamed	red;shame	259
1309	ASK (INQUIRE)	question (V)	to speak	4828
834	BUTTOCKS	ass	horse	266
3638	ASSEMBLE (GET TOGETHER)	assemble (V)	group;to swell;together	271
3837	ASTRINGENT	astringent	bitter;sour	280
1461	AT	at	to be	282
2915	AT FIRST	at first	face	286
1963	IMMEDIATELY	at once	quick	288
3894	ATTACH	attach (V)	to bind;to put;similar;to meet;to adhere	294
3899	ATTACKING	attack (V)	thief;together;to take;to follow;to curse	296
1908	ATTENTIVE	attentive	grief;to think;to learn	300
2410	GOOD-LOOKING	attractive	to want	303
2851	AUGUST	august	to praise	305
1272	AUNT	mother's younger sister	relative	3953
1637	AUTHORITY	authority	to praise	308
1276	AUTUMN	autumn	time;rain	309
3639	AVOID	avoid (V)	shame;obstacle;to fear	312
1590	WAIT (FOR)	await (V)	to wait	313
825	AWAKE	awake	to wake;shape	314
278	AWL	awl	stick;thorn;needle	319
677	AXE	hatchet	knife	2902
1769	AXLE	axle	to roll;sharp	324
1291	BACK	back	back;body;side;breast;belly;end;behind;middle	326
2323	BACK (PART)	back part	back	328
805	SPINE	backbone	back;mountain	331
1292	BAD	bad	bad;rough;thief;to deceive;anger;sick;to tire;big	334
3717	BADGER	badger	marten;wolf	341
2468	BAG	bag	basket;sack;vessel;clothes	342
2013	BAIT	bait	to eat	343
183	BAKE	bake (V)	to roast;to burn	344
1125	BALD	bald	naked;to wither;head	349
1845	BALL	sphere	circle	5776
1927	BAMBOO	bamboo	grass;joint	353
868	BANANA	banana	fruit	356
1284	BANK	bank	big;shore;mountain;side;earth;to break;edge;valley	361
1204	BARK	bark	grass;skin;leaf;vessel	372
1206	BARKING	bark (V)	noise;to curse	373
3152	MUNTJACS	barking deer	deer	375
932	BARLEY	barley	grain	376
3025	BARN OR SHED	shed	house;fence;stick;obstacle	5443
2548	BARREL	barrel	vessel	378
2565	CASTRATED BOAR	barrow	vessel	382
370	BARTER	barter (V)	to move;debt;to give	383
915	SINK (BASIN)	basin	vessel;pool	386
1539	BASKET	basket	basket;net;vessel;measure;to bind;fence	387
1947	BASTARD	bastard	new;child;relative	392
1793	BAT	bat	marten;frog	394
138	BATHE	bath	to wash	395
579	BATTLE	battle	war;hunt	399
386	BATTLE-AXE	battle-axe	knife	400
663	BAY	bay	to bend;river	402
1579	BE	exist (V)	to be;to sit	2115
1860	BEAD	beads	circle;ornament	417
73	BEAK	beak	mouth;nose;edge;face;head;neck	418
832	BEAN	beans	vegetable;grain	422
1820	BEAR	bear	wolf;hair;marten	423
678	BEARD	beard	hair;tail;soft	426
958	WILD ANIMAL	beast	meat;wolf	428
1665	BEAT	beat (V)	foot;to beat;to throw;to shake;to destroy;to break;to pierce;wound;to cut	430
1427	BEAUTIFUL	beautiful	beautiful;to shine;good;strong;healthy;to love	436
1194	BEAVER	beaver	marten	440
1157	BECAUSE	because	to make;shape	441
1990	BECOME	become (V)	to be;to stand;to open;to put;to make;able	442
1663	BED	bed	chair;to lie;to sit;place	444
665	BEE	bee	insect;sweet;wax	446
88	BEEHIVE	beehive	wax	447
2570	BEEF	beef	to eat	448
1639	BEER	beer	beer	449
1882	BEFORE	before	side;face;nose;front;old	456
3534	BEG	beg (V)	to deceive;luck	458
1152	BEGET	beget	to make	459
1934	BEGGAR	beggar	to bend	460
1806	BEGIN	start (V)	to make;to throw;to start;one	5888
1557	BEGINNING	beginning	head;to start;old;front;root	462
1686	BEHIND	behind	back;side;behind;below;end;to stay	464
2245	BELCH	belch (V)	to vomit	467
1890	BELIEVE	believe (V)	to think;to want	468
2246	BELL	bell	music	469
3658	BELLOWS	bellows	to blow;bubble;sack	471
2470	DEAR	beloved	to love;relative;child	476
1485	BELOW OR UNDER	under	below;to sink	6597
772	BELT	belt	liver;to bind;belly;rope;clothes;back;to sew;obstacle	478
2584	BENCH	bench	chair	479
2224	BEND (SOMETHING)	bend	to bend;to roll;edge	480
2929	BENEFIT	profit	grief	4701
297	CROOKED	bent	crooked;to bend;bow	490
904	BERRY	berry	fruit	494
177	BETEL PEPPER VINE	betel	grain	501
689	BETWEEN	between	middle;to divide	503
731	BEVERAGE	beverage	to drink;beer	506
3858	CONFUSED	bewildered	silly	508
1202	BIG	great	big;many;to love;strong;thick;good;high;old	2762
1780	BILE	gall	gall;dense;liver	2592
1081	BILL	bill	edge	519
1917	TIE	bind (V)	to bind;to cover;saddle;together;clothes;to adhere;to twist;obstacle;to sew;rope	523
1855	BIRCH	birch	tree	526
937	BIRD	bird	bird;feather;to cry;to fly;high;child	527
2805	BIRTH (ACCOUCHEMENT)	birth	to bear	531
1751	BIRTHMARK	birth-mark	spot	532
3142	BISON	bison	cow	533
2481	FEMALE DOG	bitch	dog	534
1403	BITE	bite (V)	mouth;to bite;to cut;to eat;to destroy;to drink	536
887	BITTER	bitter	bitter;liver;to scrape;sour;to rot	540
163	BLACK	black	dark;red;black;to paint;coal	541
1001	BLACKSMITH	blacksmith	to work	548
1746	BLADDER	urinary bladder	bubble;genitals;urine	6653
381	BLAME	blame	to curse	552
2716	BLAME (SOMEBODY)	blame (V)	to curse;to laugh	553
806	BLANKET	blanket	to cover;skin	555
3615	BLEED	bleed (V)	bad	561
391	BLESS	bless (V)	luck;to praise	563
1653	BLIND	blind	dark;silly;white	566
1655	BLINK	wink (V)	hair;wrinkle	6934
1584	BLISTER	blister	wart;to swell;bubble	570
946	BLOOD	blood	blood;red;sinew;healthy	576
3287	BLOOM	blossom	flower;tree;wet	578
175	BLOW (OF WIND)	blow	to cut;wind	584
2679	BLOW (WITH NOSE)	blow nose	pus	586
837	BLUE	blue	blue;red;white;vegetable;grass	588
379	BLUNT	blunt	blunt;circle	590
1348	BOAR (MALE PIG)	boar	pig;marten	591
1227	BOARD	plank	flat;stick;chair	4535
101	BOAST	brag (V)	to praise	657
1844	BOAT	boat	boat;vessel;stick;skin	596
1480	BODY	body	back;belly;body;thing;side;strong;person;skin;shape	600
2213	BODY PART	body part	joint	602
1145	SWAMP	bog	dirt;grass;valley	603
2493	BOIL	boil	to boil;wart	605
2007	BOLT (OF LIGHTNING)	bolt	obstacle;stick	611
1394	BONE	bone	bone;cheek;foot;brain;ornament	614
963	BOOK	book	to speak	617
585	BOOT	boot	shoe;clothes	618
2546	BORDER	border	edge;side;obstacle;shore	621
905	BORING	bored	to fear;bad	626
1090	BE BORN	suffering	hard;hunger;sick;to tire;to endure;heavy;bad	6082
1823	BORROW	borrow	debt	628
1402	BREAST	bosom	breast;side;liver;hand	630
2869	BOTHER (HARASS)	bother (V)	grief;to think	634
1321	BOTTLE	bottle	beer;vessel	635
690	BOTTOM	bottom	root;side;below;earth;foot;end;deep	638
346	BANYAN	bough	tree;sharp;stick	639
1010	BOUNDARY	boundary	edge;place;mountain;obstacle;field	642
994	BOW	bow	bow;to bend;sharp;knife;stick;sack;war;obstacle	644
2119	BOW STRING	bow-string	rope;sinew	648
1991	INTESTINES	bowels	belly	649
1530	BOWL	bowl	vessel	650
1366	BOY	boy	child;new	654
1754	BRACELET	bracelet	to bend;circle;to twist	656
1043	BRAID	braid	to twist;hair	658
1583	BRAIN	brain	brain;head;naked;to think	660
2362	BRAN	bran	skin	661
1531	BRANCH	limb	foot;thing;tree	3582
621	IRON	brand	fire	665
3743	BRASS	brass	metal	668
3	BRAVE	courageous	wide;strong	1327
2902	BRAWL (FIGHT)	brawl (V)	to beat	670
1368	BREAD	bread	grain	674
680	BREAK (DESTROY OR GET DESTROYED)	break (V)	to break;to divide;to destroy;to tear;to cut;to beat	676
870	BREATH	breath	dense;smoke;to blow;blood;good;to live;sky	689
1407	BREATHE	breathe (V)	noise;to blow;to live;to smell	690
3982	BREEZE	breeze	wind	693
1006	BRICK	brick	brick	696
1266	BRIDE	bride	woman;debt;relative	697
3282	GROOM	bridegroom	person;relative;host	698
1011	BRIDGE	bridge	bridge	699
679	BRIGHT	bright	to burn;to shine;clean;white	703
3709	BRILLIANT	brilliant	to burn;to shine	706
692	BRING	bring (V)	to carry;to take	710
2134	RAISE (BRING UP)	rear (V)	to learn	4907
2531	BROAD	broad	wide;flat	724
588	BROKEN	broken	to break;to destroy;to beat	727
2313	BRONZE	bronze	metal	730
2075	BROOD (VERB)	brood (V)	host	731
3821	BROOK	brook	valley;water;liquid	732
245	BROOM	broom	hair;to sweep;stick;grass	733
1547	SOUP	broth	to eat	734
1262	BROTHER	brother	relative	735
2314	BROTHER-IN-LAW	brother-in-law	relative	739
1173	EYEBROW	brow	face	740
2409	BROWN	brown	red;dark	741
1148	BRUISE	bruise (V)	to scrape;bad	743
3109	BRUSH (TEETH)	brush (V)	to rub;to sweep;to comb	744
3689	BUBBLE	bubble	foam;bubble	751
2052	BUCKET	bucket	vessel;to scoop	756
2040	BUCKWHEAT	buckwheat	grass;grain	761
1684	BUD	bud	grain;leaf;to swell;tree;egg;thorn	762
2076	SPROUT (VERB)	bud (V)	tree	763
934	BUFFALO	buffalo	cow	764
1027	BUG	bug	insect	766
1840	BUILD	build (V)	house;to put;to make	767
3396	BUILDING	building	house;fence;door	768
2617	BULB	bulb	end	770
1008	BULL	bull	cow;meat;person	773
1114	BULLET	bullet	bow	776
1966	BUNCH	bunch	hair;to bind;to adhere;fruit	782
2943	BUNDLE	bundle	hair;to twist;to bind;together;grass	783
1679	LOAD	burden	back;to carry	789
3336	FUNERAL	burial	grave	792
2102	BURN	burn (V)	fire;to burn;warm;to boil;to shine	793
1428	BURNING	burning	to burn	795
2949	LAIR	burrow	hole;to pierce	799
3020	BREAK (BREAKING)	burst (V)	to break;to cut;to pierce	801
1719	BURY	cover up (V)	to cover	1334
1683	BUSH	bush	root;tree;thorn;grass;fruit	804
2755	BUSY	busy	to make;to work;strong;to want	807
2569	BUTCHER	butcher	meat	808
1245	BUTTER	butter	fat;milk	811
1791	BUTTERFLY	butterfly	insect	812
757	BUTTON	button	obstacle	816
1869	BUY	buy (V)	debt;to move;to search	817
774	CABBAGE	cabbage	vegetable	822
3283	CAGE	cage	obstacle;sheath;fence;net	824
2408	CAKE	cake	grain	826
2867	CALCULATE	calculate (V)	to think;to count;to write	830
1967	CALENDAR	calendar	to write	831
1989	CALF	calf	deer;sheep;child;cow	832
498	CALF OF LEG	calf of leg	foot;bone;hand	833
1084	CALL	call (V)	name;to speak;to call;noise;relative	834
715	SHOUT	call out (V)	noise	835
258	CALM	calm	light;luck;to make	838
1871	CAMEL	camel	pig;deer	840
1105	CAMP	camp	house;place	841
1273	CANDLE	candle	to shine	845
874	CANDY	candy	dense	846
146	SUGAR CANE	sugar-cane	sweet;grass	6086
1970	CANOE	canoe	boat	849
1288	CAP	cap	clothes;to cover;top	854
1662	CAPE	cape	edge	856
1072	PRISONER	captive	war	861
1770	CARCASS	carcass	body	866
2758	CAREFUL	careful	to love;to know	869
2685	CARP (FISH)	carp	fish	874
292	RUG	carpet	chair;to cover	876
2620	CARRIAGE	carriage	vehicle	877
3085	CARROT	carrot	vegetable	878
700	CARRY	carry (V)	sheath;to carry;vehicle;to reach;to change;to pull;to take	879
465	CARRY ON BACK	carry on back (V)	to carry;back	882
413	CARRY ON SHOULDER	carry on shoulder (V)	to carry;sheath	883
228	CARVE	carve (V)	to cut;sign;knife	885
1938	FORTRESS	fortress	house;stick;to guard	2499
29	GELD	castrate (V)	to cut	898
1208	CAT	cat	wolf;marten	899
702	CATCH	catch (V)	to take;to pinch;trap;net	901
2247	CATERPILLAR	caterpillar	snake;to crawl;worm	908
1153	CATTLE	cattle	cow;cattle	909
860	CAUSE	lawsuit	to curse;to fear;debt	3477
1155	CAVE	cave	hole;mouth;mountain	915
1928	CEASE	cease (V)	end;obstacle;bad;old	918
3929	BRAZILIAN CEDAR	cedar	tree	920
769	ROOF	ceiling	house;stick	922
3284	GRAVEYARD	cemetery	to die	926
1974	CENTIPEDE	centipede	insect;snake	927
491	CENTER	centre	middle;hole	929
509	CERTAIN	certainly	big	935
2363	CHAFF (HUSK)	chaff	dust;straw;skin;grain;to throw	937
1627	CHAIN	chain	circle	939
1476	CHAIR	seat	to sit;chair	5336
1264	CHANGE	change (V)	to change;to move;debt	944
2423	CHANNEL	channel	ravine;valley;river;obstacle	946
1024	CHARACTER	character	to think	948
1188	CHARCOAL	charcoal	coal;smoke	949
3953	CHARITY	charity	luck	953
1047	PURSUE	chase	hunt;to go	955
2903	CHAT (WITH SOMEBODY)	chat (V)	to speak	958
1887	CHEAP	cheap	good	960
3055	SWINDLE	cheat (V)	to deceive	961
1975	CHECK	check	obstacle	962
1730	CHEEK	cheek	cheek;face;side	964
1976	MERRY	cheerful	luck;to love;to play	967
1569	CHEESE	cheese	beer;milk	969
2765	CHERRY	cherry	fruit	972
1592	CHEST	chest	belly;breast;vessel	975
2318	CHESTNUT	chestnut	nut	976
321	CHEW	chew (V)	to bite;to eat;to drink;to swallow;cheek	977
1318	CHICKEN	chicken	bird	978
301	CHIEFTAIN	chief	host	979
2099	CHILD	children	child	984
2483	COLD (OF WEATHER)	chilly	cold;sick;wind	986
1305	CHIMNEY	chimney	hole	987
1510	CHIN	chin	face;mouth	988
1979	CHISEL	chisel	knife;to break;stick	994
129	CHOKE	choke	obstacle;sick	997
1750	CHOOSE	choose (V)	to take;to want;to know	999
155	CHOP	chop (V)	knife;to break;to measure;to cut;to destroy;to beat	1000
2772	KITCHEN KNIFE	chopper	to cut	1002
1987	CHOPSTICKS	chopsticks	stick;to pinch;plough;handle	1004
2353	CICADA	cicada	insect	1008
1467	CIRCLE	circle	circle;to twist;place;to adhere	1011
2302	CIRCULAR (ROUND IN TWO DIMENSIONS)	circular	circle	1012
2547	CITY	city	to take;house	1016
302	CLAN	clan	person;group;relative	1024
3110	CLAP	clap (V)	to beat	1025
72	CLAW	claw	hand;finger-nail;to take;to scrape	1030
1399	CLAY	clay	dirt;earth	1032
704	CLEAN	clean	clean;to wash;white	1034
2235	CLEAN (SOMETHING)	clean (V)	clean;to wash;to scrape;to sweep;to shine	1035
989	CLEAR	clear	clean;to shine;to see;empty;sky;straight;white	1039
2284	CLEARING	clearing	clean;field	1045
1310	CLEVER	clever	to know;to love	1050
992	CLIFF	cliff	ravine;mountain;edge;stone	1052
1102	CLIMB	climb (V)	top	1053
3257	CLITORIS	clitoris	genitals	1061
326	CLOAK	gown	clothes	2737
1046	SHUT	close (V)	to close;near;to twist;to cover;to take;obstacle	1064
1616	CLOTH	cloth	big;cloth;clothes;to weave;to bind;rope;to cover;skin	1072
158	PUT ON	clothe (V)	clothes	1074
1895	CLOTHES	clothing	clothes	1076
1489	CLOUD	cloud	dark;sky;shadow;smoke	1077
2341	CLOUDY	overcast	shadow	4268
1763	CLUB	club	stick	1083
2395	CONGEAL (BLOOD)	coagulate (V)	hard;thick	1088
2658	COAL	coal	coal;to roast;to burn;hot	1090
2151	COARSE	coarse	thick;rough	1091
1525	COAST	coast	river	1092
603	COAT	coat	clothes;cloth	1093
1065	SPIDER WEB	cobweb	cloth;trap	1101
1511	ROOSTER	cock (V)	rope	1105
1575	COCKROACH	cockroach	insect	1108
970	COCONUT	coconut	fruit	1109
2011	COFFIN	coffin	grave;skin;to cover;vessel	1112
1867	COIN	coin	to change;debt	1117
1287	COLD	cold	cold;snow;to shake;sick;wind	1118
3986	COLLAPSE	collapse (V)	to fall;to shake	1120
2012	COLLAR	collar	neck;hair;back	1121
1994	COLLARBONE	collarbone	hand	1122
1613	COLOR	colour	face;to paint;shame;body;skin;shape;front	1126
1647	FOAL	colt	child	1129
2045	COLUMN	column	stick	1131
1475	COMB	comb	hat;to comb;to scrape;hair	1132
2070	COMB (VERB)	comb (V)	to comb;to scrape	1133
1446	COME	come (V)	to go;to be	1136
581	COME BACK	return (V)	to go;to roll;to take;to twist;end	5060
1107	GO OUT	come out (V)	to go;to flow	1143
1998	COMMAND	command	to speak	1151
102	COMMON COLD (DISEASE)	common	many;together	1157
3978	COMPANION	companion	side;together;one;to follow;to help;similar	1162
2983	COMPANIONSHIP	company	to follow	1164
3429	COMPARE	compare (V)	similar;to measure;together	1165
2606	COMPASS	compass	to press	1168
3642	COMPLAIN	complain (V)	to curse;debt;anger	1176
602	HIDE (CONCEAL)	conceal (V)	shadow;to destroy;to hide;to cover;to take;to sink;to put;thief	1189
1087	CONCEIVE	conceive (V)	heart	1192
3966	CONCEPT	concept	shape	1196
484	CONDEMN	condemn (V)	anger;to curse	1203
3111	CONDUCT	conduct (V)	to follow	1207
287	CONE	cone	nut;grain;tree;fruit	1208
2862	CONNECT	connect (V)	to bind;together;to meet;strong	1228
3844	CONTEMPT	contempt	to curse	1249
3967	CONTENT	content	luck	1252
2898	CONVEY (A MESSAGE)	convey (V)	to carry	1275
1100	COOK (SOMETHING)	cook (V)	to boil;to burn	1278
269	COOKED	cooked	ripe	1279
3653	COOKING POT	cooking pot	vessel	1282
1825	COPPER	copper	metal;red;dirt	1286
549	COPULATE	copulate (V)	to want;to play	1287
1218	ROPE	cord	rope;to bind	1290
840	CORMORANT	cormorant	bird	1292
506	MAIZE	maize	grain	3726
192	CORNER	corner	edge;to bend;horn;side;end;thorn	1294
449	CORN FIELD	cornfield	side	1296
767	CORPSE	corpse	body;grave;old;to break	1299
1725	CORRECT (RIGHT)	correct	straight;true	1301
242	COST	cost	debt	1306
1850	COTTON	cotton	grass;cloth	1309
3099	SOFA	couch	chair	1312
879	COUGH	cough	noise;mucus	1313
1420	COUNT	count (V)	to count;to write;to praise;to think;to speak;to know	1317
1300	COUNTRY	country	place;house;forest;field;earth;edge;to take	1323
1888	PAIR	couple	together;two;to press	1324
3049	COURAGE	courage	heart	1326
1068	COURT	court	house;obstacle	1329
1643	COUSIN	cousin	relative	1331
761	COVER	cover	skin;to cover;to hide;to take;vessel;house;to guard;to bind;chair;obstacle;bridge;stick	1332
1007	COW	cow	cow;meat	1340
2348	CRAB	crab	shellfish	1342
3080	SPLIT OPEN	crack	to break;middle;hole	1343
2946	CRADLE	cradle	vessel	1347
1830	CRANE	crane	bird	1355
96	CRAWL	crawl (V)	to crawl;to move	1360
467	CRAYFISH	crayfish	insect	1361
1899	MAD	insane	silly;sick	3238
990	CREEK (TIDAL)	creek	to bend	1366
3215	CREEP	creep (V)	wide;slippery;to crawl	1367
2354	CRICKET	cricket	insect	1375
1066	CRIME	crime	bad;to curse;to deceive;thief	1376
3875	CRIMINAL	criminal	thief	1377
3621	DISABLED PERSON	cripple	sick	1379
574	TRANSIT	cross (V)	obstacle;to bend;to meet;to pass;bridge	1387
3193	CROSSBOW	cross-bow	bow;stick;obstacle;to cut;sharp	1391
296	CROUCH	squat (V)	to bend	5848
913	CROW	crow	bird	1396
2023	CROWD	crowd	many;group;together;to press	1398
1943	CROWN (OF HEAD)	crown	top	1401
2784	CRUCIAN CARP	crucian	fish	1403
500	CRUEL	cruel	bad;to curse;to endure;strong	1404
1520	CRUSH	crush (V)	to cut;to destroy;to press;to grind;to rub;to break;to beat	1413
1839	CRY	weep (V)	tear;to weep;to cry;to pour	6835
74	PUPPY	cub	child;marten	1422
2934	CUCKOO	cuckoo	bird	1424
496	CUCUMBER	cucumber	vegetable	1425
1541	CULTIVATE	cultivate (V)	grass;to plough	1432
2335	CUNNING	cunning	to deceive;to know;to curse	1437
476	CUP	cup	vessel	1439
499	CURE	cure (V)	healthy;sick	1443
2935	CURRENT (STREAM)	current	to flow	1450
8	CURSE	curse	to curse;to praise	1453
2621	CURTAIN	curtain	fringe;cloth	1456
1698	CURVED	curved	to bend	1458
1044	PILLOW	cushion	chair;foot;to cover	1461
1747	CUSTOM	custom	shape;to fear	1463
1432	CUT	cut	road;wound	1464
355	CUT DOWN	fell (V)	to cut;to fall	2267
3243	CYPRESS	cypress	tree;grass	1476
2947	DAMAGE (INJURY)	injury	bad	3231
1116	DAMAGE	damage (V)	to destroy;to break;bad;to die	1483
2998	DAMP	damp	wet;dirt	1487
1879	DANCE	dance	to dance;to play;devil	1489
1800	DANDELION	dandelion	grass	1491
576	DANDRUFF	dandruff	skin;dirt;to rot	1492
1810	DANGER	danger	war	1493
3466	DANGEROUS	dangerous	to fear	1494
1779	DARE	dare	able	1496
706	DARK	dark	black;dark;night;shadow;to sleep;red;time;white;cold	1498
11	DARKNESS	darkness	dark;night;to sleep;shadow	1505
1357	DAUGHTER	daughter	child;woman;to bear	1510
1057	DAUGHTER-IN-LAW	daughter-in-law	relative;woman	1512
729	DAWN	dawn	time;white	1513
1225	DAY (NOT NIGHT)	daylight	time	1517
1179	DAY AFTER TOMORROW	day after tomorrow	time	1516
1625	DEAD	dead	old;to die;hunger	1520
996	DEAF	deaf	silly;to deceive	1522
910	DEATH	death	to die	1526
1914	DEBT	debt	debt;to move;to give;to change;luck	1528
2907	ROT	decay (V)	to rot	1529
13	DECEIT	deceit	to deceive;to pass	1534
3230	DECEIVE	deceive (V)	to deceive;bad;to curse;thief	1535
685	DECIDE	decide (V)	to make;to think	1536
1739	DECORATE	decorate (V)	beautiful	1545
2864	DECREASE	decrease (V)	little;short;bad	1548
1593	DEEP	deep	deep;hole;middle;pool;to sink;edge	1550
1936	DEER	deer	deer;pig;sheep	1552
782	DEFEAT	defeat (V)	to win	1555
3535	BE DEFEATED	defeated	to win;thief;bad;to tire	1556
676	SHIT (DEFECATE)	shit (V)	dirt	7064
1995	DEFECT	defect	bad;sick	1558
1330	DEFEND	defend (V)	skin;to cover	1560
3231	DEITY	deity	god;host	1570
425	BE LATE	delayed	to wait	1572
1813	TASTY	delicious	sweet	1576
1271	DELIGHT	delight	luck	1577
2033	DELIVER	deliver (V)	free;to give;to help	1580
681	DESTROY	demolish (V)	to destroy;to cut;to grind;to break	1590
1973	DEMON	evil spirit	devil	2082
2239	DENSE	dense	dense;heavy;wide;thick;narrow	1597
755	DENY	deny (V)	to meet;to curse	1600
1752	LEAVE	leave (V)	many;to divide;to go;to stay;free;to want;to put;weak	3513
756	DEPEND	depend (V)	to help	1603
3973	DEPRESSED	depressed	grief	1607
3877	DEPRESSION	depression	hole	1608
2534	DEPTH	depth	edge	1610
2014	GO DOWN (DESCEND)	go down (V)	below;little;to fall;to go	2700
490	DESCENDANTS	descendant	to follow;grain	1615
3687	DESERT	desert	field	1616
2960	LONGING (WISH)	desire	hunger;to want;to love;taste	1618
2117	DESIRE	desire (V)	to love;to think;to search;to want;to speak;to praise	1619
1775	TABLE	desk	chair	1621
2715	DESPISE	despise (V)	anger;to deceive;to curse	1622
3917	DEVIL	devil	devil	1643
1977	DEW	dew	liquid;wet;ice	1647
3878	DIAMOND	diamond	stone	1649
1177	DIARRHEA	diarrhoea	urine;dirt	1652
1494	DIE	die (V)	old;to die;end;to go;hunger;bad;to stay	1655
2504	DIFFERENT	different	bad;to divide;two;foreign	1659
584	DIFFICULT	difficult	heavy;bitter;hard;bad;to deceive	1661
1418	DIG	dig	grave	1666
339	DIGGING STICK	digging stick	to cut	1671
2077	DILIGENT	diligent	good;to tire;to work;strong;to love;light	1678
550	DILUTE	dilute (V)	to pour	1679
1184	DIMINISH	diminish (V)	little;to destroy;short;to cut;bad	1681
1833	DINNER (SUPPER)	dinner	to eat	1686
3697	DIP	dip (V)	to paint;to sink;dirt;wet	1687
3427	DIRECTION	direction	side;straight	1694
25	DIRT	filth	dirt;liquid	2318
1230	DIRTY	dirty	dirt;wet;earth	1697
485	DISAPPEAR	disappear (V)	grave;to stay;empty;free;dark	1700
1986	DISEASE	illness	sick;wart;bad;to rot	3153
75	DISGRACE	disgrace	to curse;to laugh	1716
2465	DISGUST	disgust	grief	1718
481	DISH	dish	vessel	1720
3956	DISPUTE	dispute (V)	to curse	1732
2978	DISTANCE	distance	middle;to divide;to measure;wide;measure	1738
1406	FAR	distant	far;wide;to divide	1739
2883	DISTURB	disturb (V)	obstacle;to mix;to deceive;silly	1751
2002	DITCH	ditch	empty;hole;pool;shallow;liquid;mountain	1752
119	DIVE	dive (V)	to go;to sink	1753
1119	DIVIDE	divide (V)	to cut;to destroy;to tear;edge;to divide;to make;to open;to stay	1758
3672	DIVORCE (SEPARATE)	divorce (V)	to divide	1765
2712	GET DIZZY	dizzy	dark;to deceive	1767
813	DO	do (V)	to make	1768
2009	DOG	dog	dog;child;wolf;hunt	1776
1659	DOLL	doll	to play;ornament;child	1779
1479	DOLPHIN	dolphin	pig	1780
1862	DONKEY	donkey	horse	1784
1567	DOOR	door	door;to open;house	1785
80	DOORPOST	door-post	face	1787
1308	DOUBT	doubt	to know;name;to think;to curse	1793
273	DOUGH	dough	grain	1794
1853	DOVE	pigeon	bird	4475
1326	DOWN	downwards	below	1800
3168	DOWRY	dowry	debt;to give;to work	1802
2030	DRAG	drag (V)	to beat;to rub;to pull;to change	1804
2038	DRAGON	dragon	snake;fish;bird	1806
2352	DRAGONFLY	dragon-fly	insect	1807
2001	PAINTING	draw (V)	to beat;to write;to rub;to scoop;to bend;to scrape	1809
1911	DRAW (WATER)	draw water (V)	to scoop;vessel	1816
2374	DREAM	dream	dream;to sleep	1823
1920	DREAM (SOMETHING)	dream (V)	dream;to sleep	1824
474	DRESS	dress	clothes	1827
814	DRESS UP	dress (V)	clothes;to press	1828
3423	DRILL	drill	knife	1831
1501	BORE	perforate (V)	to pierce;knife	4426
1401	DRINK	drink (V)	beer;to drink;to eat;to sink;vessel;to suck;to pour	1834
808	DRIP (FALL IN GLOBULES)	drip (V)	drop;to flow	1835
741	DRIVE	drive (V)	to drive;shape;to meet;to run	1836
30	DISPEL	drive away (V)	to drive	1838
1016	DRIZZLE	drizzle	sky;snow	1842
750	DROP	drop	drop;rain;to fall;to flow;spot	1845
1904	DROWN	drown (V)	to sink;to die	1850
1372	MEDICINE	drug	beer;devil;grass;liquid	1852
908	DRUM	drum	music	1853
1463	DRUNK	intoxicated	to tire	3287
1398	DRY	dry	dry;hunger;to roast;to break;to wither	1857
1786	DRY UP	dry up (V)	dry;to roast;bad;little	1862
452	DRY SEASON	dry season	time	1861
1360	DUCK	duck	bird	1865
1492	DUMB	dumb	dark;blunt;grief;dumb;bad;silly	1873
2057	DUNG (ANIMAL FAECES)	manure	dirt;mucus	3758
2297	DUSK	twilight	dark	6572
2	DUST	dust	dust;coal;earth;smoke;wind;dirt	1881
3471	OBLIGATION (DUTY)	duty	debt;able	1884
363	DWELL (LIVE, RESIDE)	dwell (V)	to put;to be;to sit	1887
157	DYE	dye (V)	to paint;to sink	1890
3416	EVERY (EACH)	each	pronoun;all;one;together	1891
1905	EAGLE	eagle	bird	1893
3244	EAR (OF GRAIN)	ear of grain	fruit;thorn	1896
770	EARRING	ear-ring	ornament;to bend	1899
672	EARLY	early	time;quick	1902
733	EARN	earn (V)	to take;to tire	1904
1228	EARTH (SOIL)	soil	dust;field;earth;dirt	5703
1877	EAST	east	side;top;mountain;front	1913
686	EASY	simple	naked;one;right;particle	5543
1336	EAT	eat (V)	to drink;to eat;to bite;grain;to suck;belly	1915
2285	ECLIPSE	eclipse	dark	1918
863	EDGE	edge	edge;side;fringe;mouth;sharp;head;end;stick;shore;thorn;front	1919
1013	FRESHWATER EEL	eel	fish	1926
744	EGG	egg	egg;nit;circle;skin;grain;nest;child;stone	1930
1146	AUBERGINE	egg-plant	vegetable	1933
1705	EIGHT	eight	eight	1935
981	ELBOW	elbow	joint;to bend;bone;hand	1939
1759	OLDER BROTHER	elder brother	host;relative	1941
1758	OLDER SISTER	elder sister	relative	1945
1290	ELEPHANT	elephant	elephant	1954
2936	ELEVATION	elevation	top	1957
1772	ELK	elk	goat;deer	1959
3317	ELM	elm	tree	1960
67	EMBERS	embers	to burn	1969
928	EMBRACE	embrace (V)	to carry;to take;to bind;to love;to cover	1970
2573	FEELING (EMOTION)	feeling	to fear;to love;to think	2262
3377	EMPEROR	emperor	god;devil	1981
1624	EMPTY	empty	empty;hole;hunger;dry;bad;naked	1985
3904	ENCOUNTER (MEET)	encounter (V)	to meet	1997
742	END (OF SPACE)	end	below;mouth;end;sign;edge;side;back	2000
833	ENDURE	endure (V)	sick;to endure;to stand;anger;to love	2008
1358	ENEMY	enemy	devil;together;war;to meet;to take;bad	2010
1881	ENOUGH	enough	good;many;end;full	2021
749	ENTER	go in (V)	deep;to go	2701
2277	WHOLE	entire	body;end;full;together	2029
3088	ENVELOPE	envelope	to cover	2036
40	ENVY	envy	grief	2039
1570	EQUAL	equal	one;two;straight;similar;together	2046
1293	MISTAKE	error	bad;to deceive;to divide	2054
1615	ESCAPE	escape (V)	free;to flow;to divide;to go	2055
1629	EVENING	evening	dark;time;to sink;night	2074
2999	EVERYWHERE	everywhere	to twist;together	2079
45	EVIL	wicked	bad;thief;rough;war;silly	6895
1345	EWE	ewe	sheep	2083
1466	EXACT	exact	good	2084
2509	EXCHANGE	exchange (V)	to change;to move;debt	2100
675	FAECES (EXCREMENT)	faeces	dirt	2178
1426	EXPENSIVE	expensive	end;expensive;to love;little	2124
2218	EXPERIENCED	experienced	to know	2127
1626	EXPLAIN	explain (V)	to speak;to see;to know;sign	2130
3976	EXPLODE	explode (V)	to pierce	2133
127	EXTINGUISH	extinguish (V)	to destroy;end;time;to hide	2147
1248	EYE	eye	eye;to see	2161
3807	EYEBALL	eyeball	eye;to see	2163
1540	EYELASH	eyelash	head;hair	2165
17	EYELID	eyelid	skin;head;shadow	2166
1641	SILK	fabric	hair;skin;cloth	2168
1560	FACE	face	cheek;face;body;skin;nose;similar;front	2172
2704	FADE (LOOSE COLOR)	fade (V)	to wither;end;skin;old;to drive;sick	2175
3861	FAIL	fail (V)	bad;to deceive;thief	2180
3616	FAINT (PASS OUT)	faint (V)	dark;to tire;silly;to sleep;to pull;to forget;weak	2181
3258	FALCON	falcon	bird	2187
2234	FALL (OF SNOW AND RAIN)	fall (V)	rain;to fall;to sink;to roll;snow;to move;to lie;to put	2188
1106	FALL ASLEEP	fall asleep (V)	to sleep	2189
1280	FALL	fall down (V)	to fall	2191
2894	TUMBLE (FALL DOWN)	tumble (V)	to fall	6536
3069	FALSE	fraud	to deceive	2520
865	FAME	fame	to know;to speak	2208
194	FAMILY	family	group;house;grain;village	2209
199	FAMINE	famine	hunger	2210
1971	FAN (OBJECT)	fan	to shake	2211
360	FAN (ACTION)	fan (V)	to shake;to throw	2212
1159	FART	fart	to smell	2222
1631	FAST	swift	quick;heavy;good;to run;time;strong	6158
3331	FASTING	fast (V)	hunger	2228
1094	FASTEN	tighten (V)	to bind	6383
323	FAT (ORGANIC SUBSTANCE)	grease	fat	2760
1688	FATE	fate	name;road;shape;good	2232
1217	FATHER	father	father;relative	2234
1985	PATERNAL UNCLE (FATHER'S BROTHER)	father's brother	relative	2235
2691	PATERNAL AUNT (FATHER'S SISTER)	satisfy (V)	to eat;to want	5259
1055	FATHER-IN-LAW	father-in-law	relative	2240
81	FATHOM	fathom	measure;hand;wide;long	2242
1140	FATIGUE	fatigue	to tire	2243
134	FAULT	guilt	bad;debt;to curse	2816
131	FESTIVAL	feast	to play;to make;to give;face;luck;ornament;god	2253
1201	FEATHER	feather	hair;feather;wing;to fly;skin;bird;neck	2254
1601	WEAK	feeble	slow;to tire	2259
739	FEED	feed (V)	to eat;to guard;grain;to lick;belly;to love	2260
1079	FEEL	feel (V)	to know;to think;to beat;to touch	2261
1301	FOOT	feet	foot	2263
325	FELT	felt	clothes;to sew;to cover;to work	2268
1551	FEMALE	female	mother;woman;relative;person;dog	2270
1690	FENCE	fence	edge;obstacle;circle	2276
967	YEAST	ferment	sour;beer;liquid;to rot	2280
3802	FERN	fern	grass;vegetable	2284
3551	FETCH	fetch (V)	to take	2286
1534	FEVER	fever	sick;to swell	2290
1847	SICK	feverish	sick	2291
1242	FEW	few	little;one	2292
212	FIELD	field	earth;field;meadow;valley;side;to grow;flat	2297
1423	FIGHT	fight	war;to curse	2302
1945	IDOL	figure	god;shape;to write;ornament	2306
3407	FILE (TOOL)	file	to scrape;to rub;knife	2307
3113	FILE (SOMETHING)	file (V)	to pierce;to touch;to rub;sharp;to scrape	2308
2006	FILL	fill (V)	full;group;obstacle	2311
213	FIN	fin	flat;clothes;tail	2320
719	FIND	found (V)	to melt	2506
218	FINE (PENALTY)	fine (V)	war	2323
1303	FINGER	finger	finger;hand;to pinch;to bend;vessel	2327
1374	RING	finger-ring	circle	2330
1766	FINISH	finish	end	2331
1915	FIR	fir	tree;thorn	2334
221	FIRE	fire	fire;hearth;to burn;warm	2336
206	FIREFLY	firefly	insect;to shine	2339
185	FIREPLACE	hearth	hearth;to roast;house	2942
10	FIREWOOD	firewood	tree;stick;thorn;fire	2341
728	FIRST	first	head;to start;one;front	2344
227	FISH	fish	fish;meat;hunt;wet	2345
2638	FISHING	fish (V)	fish;net	2346
389	FISH TRAP	fish-trap	obstacle	2355
1074	FISHHOOK	fish-hook	to bend	2352
388	FISHNET	fish-net	net	2353
1473	FIST	fist	hand;to take;to pinch	2359
493	FIVE	five	five	2368
3074	FIX	patch	hair;spot	4360
2623	FLAG	flag	cloth;snake	2374
889	FLAME	flame	to burn;to lick;tongue;to shine	2377
1633	FLAT	flat	flat;to bend;wide;to press	2385
2709	FLATTER	flatter (V)	grief	2388
2190	TASTE	flavour	to smell;taste	2390
232	FLEA	flea	flea;insect	2393
956	FLEE	flee (V)	to fly;to run;to follow	2394
2259	FLESH	flesh	dense;meat;kidney	2397
1691	FLEXIBLE	flexible	soft;slow;to tire	2399
494	FLIRT	flirt (V)	to love	2404
1574	FLOAT	float	boat	2406
613	HIGH TIDE	flood	to flow;river	2412
1632	FLOOR	floor	earth;layer;field;house;obstacle;below;place	2413
1594	FLOUR	flour	dust;grain	2417
2003	FLOW	flow	to flow;to swim;liquid;to go	2420
239	FLOWER	flower	flower;leaf;to open;tree;root;grass	2424
1441	FLY (MOVE THROUGH AIR)	fly (V)	light;to throw;to fly;feather;to swim;to fall;high;top;to jump	2433
3271	FLYING SQUIRREL	flying squirrel	marten	2435
1768	FOAM	foam	foam;liquid	2437
3046	FODDER	fodder	to eat	2438
249	FOG	mist	sky;dark;liquid;smoke	3900
1470	FOLD	fold	house	2442
1085	FOLLOW	follow (V)	back;to follow;shape;similar;near;to take;to twist;hunt;to search;to run	2448
256	FOOD	food	to eat;grain;fat;belly;fruit	2454
1518	STUPID	foolish	silly;to laugh;dumb;bad;anger;grief	2457
318	FOOTPRINT	track	back;to go;foot	6454
83	FORBID	forbid (V)	obstacle;to fear;silly;to guard	2466
2818	FORD (CROSSING)	ford	river;shallow;to go;wet	2472
446	LOWER ARM	forearm	joint;bone;foot	2475
123	FOREHEAD	forehead	face;head;top;front;horn	2477
109	FOREIGN	foreign	foreign;to meet;far;relative	2478
791	STRANGER	foreigner	foreign;relative	2479
420	FOREST	woods	field;forest;tree;thorn;mountain;back	7051
288	FORGE	forge (V)	to beat;metal	2486
1523	FORGET	forget (V)	to forget	2487
1302	FORK	fork	fork;tree;to divide	2489
3747	SHAPE	form	shape;thing;face;side;to measure	2493
3004	FORMER	former	old	2495
2912	FORWARD	forward	to run;front	2502
1500	FOUR	four	four	2508
265	FOWL	fowl	bird;feather	2509
1312	FOX	fox	wolf;marten	2511
376	FRAGRANT	fragrant	taste;to smell	2517
2624	FRAME	frame	obstacle;fence;door;vessel;circle;stick	2518
530	FRECKLE	freckle	rust;spot	2522
2316	FREE	free	free;clean;hunger	2523
1431	FREEZE	freeze (V)	cold;dense;hard;ice	2528
243	FRESH	fresh	new;to live;to bear;wet;vegetable;time	2531
1325	FRIEND	friend	to help;to meet;relative;war;similar	2535
252	FRIGHTEN	frighten (V)	to fear;shame	2538
2989	FRINGE	fringe	fringe;ornament	2540
503	FROG	frog	frog	2542
2194	FRONT (PART)	front	face;side;top;nose;front;head;straight;right	2546
2034	FROST	frost	liquid;snow;cold;sky	2549
1507	FRUIT	fruit	fruit;grain;leaf;to hang;to mow;vegetable;grass	2553
991	FRY	fry (V)	to boil;to roast;to burn	2557
1429	FULL	full	full;end;to eat;many;to pour;wide	2561
641	MUSHROOM	fungus	mushroom;sour;grass	2571
2602	FUNNEL	funnel	door;vessel	2572
580	FUR	fur	hair;skin;thorn	2574
1794	FURROW	furrow	river;sign;obstacle	2579
2427	FUTURE	future	time	2586
2948	GAP (DISTANCE)	gap	hole;ravine;middle	2598
1028	YAWN	gape (V)	to open;hole	2599
586	GARDEN	garden	garden;fruit;field	2600
2368	GARLIC	garlic	grass;onion	2601
2940	GATE	gate	door;to open;house;obstacle	2607
7	GATHER	gather up (V)	to take	2611
198	GENITALIA	genitalia	genitals	2623
1954	GENTLE	meek	to guard	3830
694	GET	obtain (V)	to take;to be;to give;to see	4174
570	STAND UP	get up (V)	top	2632
1175	GHOST	ghost	devil;shape	2634
2511	GIBBON	gibbon	monkey	2635
2982	GIFT	present (V)	to give;to take;to change	4665
1916	GILL	gill	cheek;mouth;skin;fringe;tail;face	2638
2500	GINGER	ginger	grass	2640
1646	GIRL	girl	woman;grain;child	2646
1447	GIVE	give (V)	sacrifice;to give;debt;to take;many;to put;to change;to send	2648
1696	SURRENDER	give up (V)	particle;end;shame	2650
1495	HAPPY	glad	luck;heart;to love	2653
604	GLASS	glass	ice;ornament	2659
1069	GLUE	glue	liquid;to adhere;to swell;dirt;beer	2679
2750	GLUTINOUS RICE	glutinous rice	grain	2681
1509	MOSQUITO	gnat	insect	2684
2706	GNAW	gnaw (V)	mouth;to bite;to scrape;to grind;to swallow	2685
695	GO	go (V)	to follow;to go;to be;to move;to drive	2688
1742	TRAVERSE	go through (V)	to flow;to pierce;wide;to pass	2707
1502	GOAT	she-goat	goat	5437
1944	GOD	god	devil;god;shape;sky	2718
1957	GOITER	goitre	throat	2719
1369	GOLD	gold	metal;red	2720
2502	GONG	gong	music	2722
1035	GOOD	good	able;good;new;near;thing;big;healthy;to think;to love	2724
3406	MERCHANDISE	goods	expensive;thing;house;to carry;to guard;to take;debt	2725
1187	GOOSE	goose	bird	2726
3640	GOSSIP	gossip	to speak;to curse	2733
411	GOURD	gourd	vegetable	2735
382	GOVERN	govern (V)	host;to meet	2736
855	SEIZE	snatch (V)	thief;to take;to pinch	5673
605	GRAIN	grain	grain;to eat;tree;fruit;stone	2741
3657	GRANARY	granary	house;obstacle	2742
1617	GRANDCHILD	grandchild	relative;child	2743
1619	GRANDDAUGHTER	granddaughter	relative	2744
1383	GRANDFATHER	grandfather	relative;father	2745
1496	GRANDMOTHER	grandmother	mother;relative	2746
1618	GRANDSON	grandson	relative;child	2747
920	GRAPE	grape	grass;fruit	2748
2021	GRASP	grasp (V)	to take;to touch;to scrape	2749
606	GRASS	grass	grass;meadow;rope;grain;wet;vegetable;tree	2750
607	GRASSHOPPER	grasshopper	insect	2751
3114	GRATE (SOMETHING)	grate	obstacle	2752
1773	GRAVE	tomb	grave;hole	6420
3028	GRAVEL	gravel	earth;stone	2756
153	GREY	gray	variegated	2757
3058	GRAZE	graze (V)	to touch;to scrape;to rub;to guard	2759
955	GREASY	greasy	fat	2761
2018	GREEDY	greedy	to love;hunger;to suck;to endure;to swallow;luck	2765
1425	GREEN	green	blue;soft;sour;to live;grass;vegetable;dirt	2766
3552	GREET	greet (V)	to speak;shame	2767
1668	GRIEF	sorrow	grave;grief	5731
1033	GRIND	grind (V)	to grind;to rub;to beat;to scrape;to destroy;to break	2775
2459	GRINDSTONE	grindstone	sharp;knife	2777
2159	GROUND	ground	earth;field;grave;root;road	2788
479	GROW	grow (V)	flat;wide;to grow;to be;many;to bear;high;big;wet;forest	2796
3679	GROWL	growl (V)	noise	2797
3011	GRUB	grub	worm	2800
1167	GRUEL	gruel	to eat;grain;to swell;to adhere;fat	2806
1940	GUARD	guard	to guard	2809
1932	GUESS	guess (V)	to measure;to guard;sign	2813
1782	GUEST	guest	guest;far;relative;to meet	2814
43	LEAD (GUIDE)	guide (V)	to take	2815
1682	GUILTY	guilty	bad	2817
950	SEAGULL	gull	bird	2818
1798	GUNPOWDER	gunpowder	salt	2823
1040	HAIR	hair	hair;skin;head;fringe;thorn;to pinch	2838
816	HALF	half	to divide;two;middle	2846
1481	HAMMER	mallet	hammer;to beat;to press;metal	3743
3115	HAMMER (SOMETHING)	hammer (V)	to beat	2853
1277	HAND	hand	bone;hand;handle;foot	2855
1020	HANDKERCHIEF	kerchief	rope;cloth	3373
1254	HANDLE	handle	handle;to beat;to take;to bend;hammer;stick;to bind;top	2862
3814	HANDSOME	handsome	to work	2863
2884	HANG	hang (V)	to hang;to bend;to adhere;to bind;to pull;rope	2864
357	HANG UP	hang up (V)	to hang;to measure;wide;to bind	2868
248	HAPPEN	happen (V)	time	2872
2941	HAPPINESS	happiness	big;luck;heart	2873
1884	HARD	hard	dry;hard;heavy;thick;strong;to deceive;to press;big;quick;stone	2875
2926	HARDLY	hardly	particle	2878
1190	HARE	hare	marten;to run	2879
1610	PROSTITUTE	harlot	woman	2881
44	INJURE	harm	to destroy;bad	2882
2597	HARP	harp	music	2888
2545	HARROW (TOOL)	harrow	plough	2890
3327	AUTUMN OR HARVEST SEASON	harvest	time;year;to mow;to take	2894
1827	HARVEST CROPS	harvest (V)	to take	2895
754	HURRY	hasten (V)	quick;to run	2897
771	HAT	hat	hat;to cover;clothes	2900
3116	HATCH (OUT)	hatch (V)	egg;grain	2901
1607	HATE	hate	grief;anger;to think;bad	2903
773	HAVE	have (V)	to be;to take	2910
307	HAWK	kite	bird	3398
1168	HAWTHORN	hawthorn	tree	2918
342	HAY	hay	grass	2919
1211	HE	he	pronoun	2926
2475	MALE GOAT	he-goat	sheep;goat	2927
1256	HEAD	head	hair;head;top;naked;horn;face;neck	2928
1364	HEALTHY	healthy	healthy;body;blood	2935
2984	HEAP	heap	earth;grave;to swell;many;mountain;group	2936
1576	PILE UP	heap up (V)	to put;together	2938
1408	HEAR	hear (V)	ear;to know;to hear	2939
1223	HEART	heart	heart;liver;to pierce;breast;middle	2940
612	HEAT	heat	to roast;to burn;hot;coal	2945
1341	HEAT UP	heat (V)	to burn;warm;hot	2946
1565	HEAVEN	heaven	rain;sky;place	2948
1210	HEAVY	heaviness	heavy;to rot	2950
1797	HEDGEHOG	hedgehog	marten	2955
980	HEEL	heel	foot;below	2957
2985	HEIGHT	height	high	2959
1680	HELMET	helmet	hat;to cover	2960
1897	HELP	help (V)	to help;together;to know;host	2963
2041	HEMP	hemp	grass;vegetable	2965
1514	HEN	hen	bird	2966
2474	HER (GENITIVE OF SHE)	her	pronoun	2967
2542	HERB	herb	devil;grass	2968
2885	HERD (SOMETHING)	herd	to guard;many;deer;horse	2969
263	HERDSMAN	herdsman	meadow	2971
758	HERON	heron	bird	2973
3629	HESITATE	hesitate (V)	obstacle;grief	2976
162	HICCOUGH	hiccup	noise	2981
2486	HIDE	hide (V)	grave;to bend;to cover;to hide;to destroy;shadow;to close;to put;hole	2984
1265	HIGH	high	field;high;long;ripe;to grow;thick;big;top	2985
614	HILL	hill	edge;high;top;mountain;to swell	2990
554	HINDER	hinder (V)	obstacle;to meet;to deceive;to bind	2998
1745	HIP	hip	foot;below;back	3000
3213	HIRE OR RENT	hire (V)	debt;to work;to give	3002
2473	HIS (GENITIVE OF HE)	his	pronoun	3003
1433	HIT	hit (V)	to beat;to press;to touch;to break;to shake;to cut	3006
2942	HOARFROST	hoar-frost	cold;snow;ice	3009
3987	HOARSE	hoarse	noise	3011
284	HOE	hoe	to dig;knife;to scrape;plough;handle	3015
1448	HOLD	hold	to take;to give;to hang	3017
1667	HOLE	opening	hole;to open;to divide	4226
3701	HOLLOW	hollow	empty;hole;middle	3027
1702	HOLY	holy	god	3033
2406	HOME	home	house;village	3034
1120	HONEST	honest	true;heart;straight	3035
942	HONEY	honey	sweet;liquid;beer	3036
3947	HONEYCOMB	honeycomb	wax	3037
152	HOOF	hoof	foot;finger-nail;below;finger;hand	3045
1071	HOOK	hook	to bend;to hang;thorn;obstacle	3046
1092	HOPE	hope	to see	3052
2376	HORIZONTAL	horizontal	to bend;to fall	3054
1393	HORN (ANATOMY)	horn	horn;head;top;sheep;hair;vessel	3055
615	HORSE	horse	horse;deer;goat	3060
3262	HORSEFLY	horsefly	insect	3064
1545	HOST	host	together;war;many;host;guest	3065
1286	HOT	hot	hot;bitter;warm;to burn;to roast;fire	3068
3380	HUNTING DOG	hound	dog	3072
1353	HOUR	hour	time;year	3073
1252	HOUSE	house	house;village;door	3074
1239	HOW	how	pronoun	3080
822	HOW MANY	how many	pronoun	3081
526	HOWL	howl (V)	to cry;to weep;noise	3082
683	PERSON	human being	thing	3090
534	HUMP	hump	back;little;to bend	3101
1634	HUNDRED	hundred	hundred;many;ten	3105
1864	HUNGER	hunger	hunger	3106
1533	BE HUNGRY	hungry	hunger;sick;to want;to eat;bad;grief;fish;weak	3107
1435	HUNT	hunt (V)	hunt;war;to search	3109
1053	HUNTER	hunter	to want	3111
2411	HURT (SOMEBODY)	hurt (V)	sick;to pierce;to break;to destroy;grief	3117
1200	HUSBAND	husband	person;relative;host	3118
2254	FATHER-IN-LAW (OF WOMAN)	husband's father	relative	3121
2501	RICE HUSK	husk	dust;straw;empty;to cut;skin;to throw	3124
926	RICE	husked rice	grain	3126
1678	HUT	shelter	hole;shadow;to cover	5453
1799	HYENA	hyena	wolf	3129
1209	I	i	pronoun	3133
617	ICE	ice	cold;dry;ice	3134
2276	IDENTICAL	identical	one	3138
2756	IDLE	idle	slow;free	3140
737	LIGHT (IGNITE)	ignite (V)	to burn	3144
2651	BE IGNORANT	ignorant	dark;silly	3146
1578	IGUANA	iguana	snake	3147
3879	IMAGINE	imagine (V)	to think	3159
117	IMITATE	imitate (V)	shape	3161
1285	IMPORTANT	important	big	3177
2872	IMPROVE (SOMETHING)	improve (V)	many	3181
1460	IN	within	middle	6955
3356	INCENSE	incense	to smell	3190
1041	INCREASE	increase (V)	big;healthy;many;to bear;to swell;to take	3200
1289	BABY	infant	child;to bear	3212
2705	INHALE	inhale (V)	to drink;to suck;to live;taste	3225
3664	INHERIT	inherit (V)	to follow	3226
2643	INK	ink	liquid;to paint	3232
620	INSECT	insect	insect;worm;bird	3239
3071	INSERT	insert (V)	to pierce;to sit;to press;hole;to close;rope	3243
1606	INSIDE	interior	middle;valley	3273
1771	TASTELESS	insipid	sweet	3247
91	INSOLENT	insolent	rough;anger	3249
2916	INSTANTLY (IMMEDIATELY)	instantly	time;quick	3253
1361	TOOL	instrument	thing	3258
3204	INSULT	insult (V)	to curse	3260
2530	SMART	intelligent	to think;to know	3263
1162	INTENTION	intention	to speak;to think;to want	3268
2062	INTEREST	interest	to want	3271
3623	INTESTINAL WORM	intestinal worm	worm	3282
2010	INVESTIGATE	investigate (V)	to know;devil;to speak;to want	3295
1611	INVITE	invite (V)	to speak;relative	3297
3118	IRON (CLOTHES)	iron (V)	flat	3300
622	ISLAND	island	earth;field;valley;shallow;mountain;obstacle	3305
169	IT	it	pronoun	3308
3855	ITCH (CAUSE ITCHING OR FEEL ITCHY)	itch	to scrape	3309
3800	IVORY	ivory	tooth	3313
3313	JACKAL	jackal	wolf	3314
2770	JACKET	jacket	clothes;skin	3316
1281	PRISON	jail	net	3319
1462	POT	jar	vessel	3323
798	JAW	jaw	cheek;face;mouth;to suck;to bite	3324
2821	JEALOUS	jealous	sick;name;to want	3326
2016	JEALOUSY	jealousy	grief	3327
1029	JEWEL	jewel	stone	3335
1743	JOIN	put together (V)	together;to bind;layer;to make;to take	4811
999	JOINT	joint	joint;to bind;wart;bone	3338
3425	JOKE	joke	to play;to laugh;shame;name	3340
2760	MAKE A JOKE	joke (V)	to laugh;to play;to love	3341
2393	JOURNEY	journey	to go	3343
2524	JOY	joy	beautiful;luck;heart;ornament	3345
1818	ADJUDICATE	judge (V)	to know;sign	3347
270	JUG	jug	vessel	3348
1499	JUICE	juice	fat;liquid;wet;to suck	3349
1829	JUMP	jump (V)	to jump;to run;to fly	3352
3808	JUNGLE	jungle	forest;field	3355
84	JUST	just	true	3358
39	KEEN	keen	sharp	3363
1477	KEEP	keep (V)	to guard;to press;to carry;to stay;to bind	3365
854	KETTLE	kettle	vessel;metal	3375
1472	KEY	key	to bend;obstacle;metal	3377
1135	KICK	kick (V)	foot;to beat	3378
1972	YOUNG GOAT (KID)	kid	goat;child	3380
489	KIDNEY	kidney	kidney;liver;belly	3381
1417	KILL	kill (V)	meat;to destroy;to die;to press;war;hunger	3382
3468	KINDNESS	kindness	to love;to endure	3389
1508	KING	king	big;host	3390
2444	KINGFISHER	kingfisher	bird	3392
578	KISS	kiss	to eat	3395
1365	KITCHEN	kitchen	house;hole	3397
274	KNEAD	knead (V)	soft;to press	3399
1371	KNEE	knee	joint;bone;foot;to bend;hole	3400
66	KNEEL	kneel (V)	joint;to sit;to bend	3405
1352	KNIFE	knife	knife;metal;sharp;to cut;to scrape	3406
2905	KNIT	knit (V)	to bind;to twist;net;to weave	3407
2396	KNOCK	knock (V)	foot;to beat;to break;to cut	3410
760	KNOT	knot	to bind;wart;joint;circle	3413
3626	KNOW	know (V)	to know;to see;to speak;heart;to think	3416
3874	KNOWLEDGE	knowledge	to know	3417
2824	KNUCKLE	knuckle	foot	3418
984	WORK (LABOUR)	labour	strong;to work	3422
2329	LACK (NOT HAVE)	lack (V)	hunger;bad	3427
1464	LADDER	ladder	bridge;obstacle	3428
2657	LADLE	ladle	spoon;vessel	3429
2471	LADY	lady	woman	3432
624	LAKE	lake	pool;swamp;river;water;valley	3435
820	LAMB	lamb	sheep;child	3436
320	LAME	lame	lame;sick	3437
626	LAND	land	dry;field;earth;valley;shore	3440
1307	LANGUAGE	language	tongue	3445
3263	LAP	lap	clothes;rope;to sew;belly	3448
116	LARCH	larch	tree;skin	3451
1282	FAT (FROM ANIMALS)	animal oil	fat	7092
2640	LARVA	larva	insect	3457
3714	LARYNX	larynx	neck;hole	3458
340	LASSO	lasso	to bind;rope	3461
1529	LAST (FINAL)	last	end	3462
514	LAST YEAR	last year	year;old	3466
1012	LATCH	latch	metal;obstacle;to bend	3467
477	LATE	late	long;night;time;slow;to wait	3468
1355	LAUGH	laugh	to laugh	3474
1062	LAW	law	shape;to fear;similar;sign	3476
2071	LAY (VERB)	lay aside (V)	to stay	3480
1564	LAZY	lazy	slow;shame;bad;sick;weak;light	3488
628	LEAF	leaf	grass;leaf;skin;vegetable	3493
2253	DRIP (EMIT LIQUID)	leak (V)	to flow;drop	3495
2219	LEAN (MEAT)	lean	hunger;to tire;to pull;bad;light;little	3496
3619	LEAN	lean (V)	side;to bend	3497
504	LEARN	learn (V)	to learn;to know;to praise	3506
2959	LEASH	leash	rope;circle	3508
629	LEATHER	leather	skin	3509
2273	LEECH	leech	insect;snake;worm	3518
244	LEFT	left side	left	3522
2182	LEFT HAND	left hand	left	3521
1297	LEG	leg	foot;brain;joint;stick	3523
3091	LEMON	lemon	fruit	3528
582	LEND	lend (V)	debt	3529
2537	LENGTH	length	long;measure;wide	3530
3330	LENTILS	lentil	vegetable	3532
1139	LEOPARD	panther	wolf	4322
3624	LEPROSY	leprosy	sick	3536
2896	CAUSE TO (LET)	let (V)	to give;free;to stay	3539
1095	LET GO OR SET FREE	let go (V)	free;to go;to put	3542
1612	LETTER	letter	shape;name;to scrape;sign	3545
3469	LEVEL	level	flat;soft;straight;wide;layer;to bend;slippery;field;low;similar	3546
319	LICK	lick (V)	to lick;tongue;to swallow;to smear	3556
2319	LID (COVER, CAP)	lid	chair;to cover	3557
1411	LIE (REST)	lie	to deceive;to pass	3558
215	LIE DOWN	lie down (V)	to lie;to sleep	3561
210	LIFE	life	time;to be;to live;blood	3562
501	LIFT	lift (V)	to take;top;to put;to prop;wide	3563
1052	LIGHT (WEIGHT)	light in weight	light	3572
1654	LIGHTNING	lightning	to burn;to shine;white	3577
1117	LIKE	like	similar;together;two;to follow;face	3578
2540	LIME (MATERIAL)	lime	dirt	3583
366	LIMP	limp	lame;slow;soft	3586
1048	LINE	line	edge;road;shape;to write;to scrape;shore;rope;spot	3590
916	LINEN	linen	cloth	3593
478	LIP	lip	nose;mouth;to eat;mushroom;cheek;face	3596
58	LIQUID	liquid	wet;liquid	3597
842	LIQUOR	liquor	beer;to flow;to drink	3599
1608	LISTEN	listen (V)	to hear;to know;to speak	3602
1246	SMALL	little	little;thin;child	3608
1224	LIVER	liver	liver;belly	3613
631	LIVESTOCK	livestock	debt	3614
632	LIZARD	lizard	lizard;worm;snake;fish	3616
3669	LOAD (SOMETHING)	load (V)	back;to carry	3618
1596	LOCK	lock (V)	obstacle	3630
810	LOCUST	locust	insect;worm	3631
1803	WOOD	log	stick;tree	3635
187	LOIN	loins	body;liver;foot	3636
1203	LONG	long	far;high;long;to stand;wide;big	3639
3473	LONG (FOR SOMETHING)	long for (V)	to love;to want	3641
1819	LOOK	look at (V)	to see	3649
253	CARE FOR	look after (V)	to love;to guard;to think	3647
1468	LOOK FOR	search for (V)	to search;to want	5332
2506	LOOSE	slack	soft;free;silly;to tire	5594
1933	LOOSEN	loose (V)	free	3658
3153	LORD	lord	relative;host;to praise;head;person	3664
3072	MISPLACE	lose (V)	grave;to drive;thief;to bend;to tire;bad;to deceive;to stay;free	3665
3667	LOST	lost	grave;to drive;thief;to bend;to tire;bad;to deceive;to stay;free	3679
2359	LOTUS	lotus	flower	3681
377	LOUD	loud	noise;to speak	3682
1392	LOUSE	louse	louse;nit;insect;flea	3684
923	LOVE	love	to love;beautiful	3686
2233	LOVELY	lovely	to love	3688
721	LOW	low	below;low;little;hole;to fall;thin;flat;bad	3690
720	GOOD LUCK	luck	good;luck;devil;road;healthy;hunt	3698
688	LUNG	lung	lung;soft;bubble	3702
3314	LYNX	lynx	wolf;marten	3710
392	MAGIC	sorcery	devil	5727
2137	MAGICIAN	magician	devil	3719
2039	MAGPIE	magpie	bird	3722
167	MAIL	mail	metal	3723
734	MAKE	make (V)	to make;to know;to carry;to put;to be;strong	3729
3059	MALARIA	malaria	sick;to swell	3733
1553	MALE	male	genitals;person;father;to bear;relative	3734
1554	MAN	man	person;father;to bear;relative	3747
3073	MANAGE	manage (V)	to think;to work	3749
1918	MANE	mane	back;hair	3750
488	MANNER	manner	shape	3754
1198	MANY	several	little;many	5402
3248	MAPLE TREE	maple	tree	3760
938	MARE	mare	horse;deer	3763
1720	SIGN	mark	shape;sign;spot;to cut	3764
633	MARKET	market	obstacle	3769
3719	MARMOT	marmot	marten	3772
2432	MARRIAGE	marriage	to bind;relative;shape	3773
1835	MARROW	marrow	brain;foot;bone;neck;coal;to adhere;back;middle	3774
203	MARRY	marry (V)	to play;shape;relative	3775
3688	MARSH	marsh	dirt;swamp;meadow;valley;wet;pool	3776
3739	MARTEN	marten	marten	3778
2005	MASK	mask	body	3784
184	MAST	mast	stick	3787
383	MASTER	master	host;to praise	3788
195	MAT	straw mat	chair;grass;to bind;stick;to filter	7087
1133	MATCH	match	to meet	3792
3220	MATERNAL UNCLE	maternal uncle	relative	3797
2150	MATTER	matter	pus;dirt	3800
105	MATTRESS	mattress	chair	3803
2301	ME	me	pronoun	3809
2819	GRASSLAND	meadow	earth;meadow;field	3810
1526	MEAL	meal	grain;to eat	3813
2950	MEANING	meaning	true	3816
1506	MEASURE	measure	basket;measure;to count;together;wide;vessel;middle;to reach;to bend	3817
634	MEAT	meat	meat;to eat;new;body;mushroom;deer	3824
1831	MEET	meet (V)	group;obstacle;to meet;to reach;to go;shape;together;side	3831
507	MELON	melon	vegetable	3835
2334	MELT	melt (V)	to boil;to melt;to pour;warm	3836
2424	MEMBER	member	joint	3837
1018	MEMORY	memory	to love	3841
2243	REPAIR	mend (V)	to make;to roll	3844
766	MENSTRUATION	menstruation	dirt	3845
1082	MERCHANT	merchant	debt	3848
2961	MESSAGE	message	to send;to speak	3857
2244	METAL	metal	metal;red	3858
3971	METHOD	method	shape;body	3860
12	MIDDAY	midday	time	3862
1093	MIDDLE	middle	middle	3863
3188	MIGHTY OR POWERFUL OR STRONG	mighty	strong	3867
229	MOVE AWAY	migrate	to go	3868
635	MILK	milk	breast;milk;liquid	3873
93	DRAW MILK	milk (V)	milk;to filter;to pour	3874
636	MILL	mill	to grind;stone	3875
931	MILLET	millet	grain;to grow;grass	3877
1562	MIND	mind	to think;to know;to love	3882
2090	MY	mine	hole	3883
486	MINISTER	minister	host	3885
1171	MIRROR	mirror	moon;circle	3891
161	MISS (A TARGET)	miss (V)	bad;to tire;to deceive;grief;anger;light;dark	3899
867	GLOVE	mitten	hand;clothes	3904
2017	MIX	mix (V)	spoon;to eat;to mix;to destroy;to deceive;to press;boat	3905
143	HUMID	moist	wet;swamp	3919
28	MOISTEN	moisten (V)	to sink;wet;to wash;swamp;dirt	3920
1049	MOLAR TOOTH	molar	cheek;tooth;thorn	3922
1559	MONEY	money	debt	3930
3677	MONGOOSE	mongoose	marten	3931
1350	MONKEY	monkey	monkey	3932
1370	MONTH	month	moon;time	3934
1313	MOON	moon	moon;to shine	3938
1992	MORE	more	big;many;high	3941
1339	MORNING	morning	time;to shine;sun	3944
224	MORTAR	mortar	sharp;to beat;to destroy;to press;vessel	3945
637	MOSS	moss	grass	3947
2828	MOTH	moth	insect;worm	3949
1216	MOTHER	mother	mother;relative;woman	3950
2692	MATERNAL UNCLE (MOTHER'S BROTHER)	mother's brother	relative	3951
2693	MATERNAL AUNT (MOTHER'S SISTER)	mother's sister	relative	3952
1050	MOTHER-IN-LAW	mother-in-law	relative;woman	3954
1166	MOULD	mould	black;dirt;shape;to boil;earth;mushroom;sour;rust	3958
289	MOLD	mould (V)	to boil	3959
639	MOUNTAIN	mountain	edge;mountain;grave;top;high;forest;to pass;field	3963
3673	MOURNING	mourning	grave;to fear;to die	3965
1491	MOUSE	mouse	marten	3966
1165	MOUSTACHE	whiskers	hair	6872
674	MOUTH	mouth	mouth;face;to open;hole;to speak;vessel;to suck;cheek;throat;wart	3968
765	MOVE	move (V)	to move;to shake;to pull;to roll;to go;to flow;to jump	3972
3452	MUCH	much	big;strong;many	3984
208	NASAL MUCUS (SNOT)	snivel	mucus	5681
640	MUD	mud	brick;dirt;swamp;to adhere	3987
890	MULE	mule	barren	3993
845	MURDER	murder (V)	to die	3997
1004	MUSCLE	muscle	meat;sinew;hand	4000
642	MUSIC	music	music	4002
3181	MUSTARD	mustard	grass	4008
1666	MUTE	mute	dumb	4009
2200	SNOUT	snout	nose	5685
502	NAIL (TOOL)	nail	stick;finger-nail;to pinch;tree;obstacle;sharp	4017
590	NAKED	naked	naked;slippery;to scrape;to wither	4018
1405	NAME	name	name;shape;devil;to speak	4019
180	CALL BY NAME	name (V)	name	4020
1347	NAPE (OF NECK)	nape of neck	neck	4024
1267	NARROW	narrow	long;narrow;little;to press	4028
789	PEOPLE	nation	foreign	4034
3897	NATURE	nature	shape	4035
1838	NAVEL	navel	belly;middle;hole	4038
1942	NEAR	near	near;shore;to reach;below;middle;side;face;to touch	4039
1030	NECESSARY	necessary	able;to endure	4044
1333	NECK	neck	back;neck;throat;hand;breast;head	4046
1961	NECKLACE	necklace	neck	4048
2339	NEED (SOMETHING)	need	to know;to endure	4050
1382	NEEDLE (FOR SEWING)	needle	needle;finger-nail;sharp;thorn	4051
1332	NEIGHBOUR	neighbour	relative;similar;to meet	4056
1063	NEPHEW	nephew	relative;child	4057
2626	NERVE	nerve	sinew	4058
3975	NERVOUS	nervous	to fear;anger	4059
539	NEST	nest	house;egg;hole;chair;place	4060
2963	NET	net	cloth;net;obstacle;vessel;to filter;trap	4062
33	NETTLE	nettle	grass	4066
1231	NEW	new	new;to be;time	4068
2964	NEWS	news	to speak;to know	4071
1354	NEXT	next	to follow	4072
515	NEXT YEAR	next year	time	4074
1233	NIGHT	night	sky;time;night;black;shadow	4082
3723	NIGHTINGALE	nightingale	bird	4083
1483	NINE	nine	nine	4085
796	NIPPLE	teat	breast	6251
267	NIT	nit	nit;louse;insect;egg	4089
1269	NO	no	to destroy	4090
482	NOBLE	noble	god;high;to praise	4091
1182	NOISE	noise	noise;to curse	4092
3883	NOISY	noisy	noise;to play	4093
973	NOODLE	noodles	grain	4096
2604	NOOSE	noose	circle;rope;obstacle	4099
1598	NORTH	north	back;below;end;snow;behind;left	4101
1221	NOSE	nose	mucus;nose;to smell;horn;cheek	4103
1178	NOSTRIL	nostril	nose	4104
1240	NOT	not	particle;to destroy;one	4105
687	NOTHING	nothing	particle	4133
2893	NOTICE (SOMETHING)	notice	to speak	4134
1376	NOW	now	time	4139
2216	BECOME NUMB	numb	blunt;dense;sick;bad;to shake;grief	4143
1356	NUMBER	number	good;together;shape;to know	4144
2472	SUCKLE (BREASTFEED, NURSE)	nurse (V)	to love	4147
191	NUT	nut	nut;tree;vegetable;brain;stone	4149
644	OAK	oak	tree	4153
3137	OAR	oar	spoon;boat;stick;vessel;to mix	4155
1712	OATH	oath	anger;to curse;to meet	4156
60	OAT	oats	grain;vegetable	4157
1635	OBEY	obey (V)	slave;to endure;to follow	4159
1764	OBSCURE	obscure	dark	4166
1842	OBSTINATE	obstinate	hard;to make;bad;to want	4171
2762	BLOCK (THE WAY)	obstruct (V)	fence;obstacle;hole;to take;to close;bad;to cover	4172
645	OCEAN	ocean	water	4180
2581	OCTOPUS	octopus	shellfish	4181
600	STRANGE	odd	one	4182
3704	ODOR (SMELL)	odor	to smell;dirt	4183
557	OFFEND	offend (V)	grief;to curse;shame	4188
1103	SACRIFICE	offering	sacrifice;to give;to love	4192
2430	OFFICE	office	house;to make;person	4193
3361	OFFICIAL	official	person;slave	4195
1801	CHILD (DESCENDANT)	offspring	child;to follow;wet;grain;root	4197
1852	OFTEN	often	time	4198
1484	OIL (ORGANIC SUBSTANCE)	oil	fat	4199
1229	OLD	old	old;to tire;year;relative;front;light;to wait	4201
406	OLD MAN	old man	father	4202
107	OMEN	omen	luck;good	4204
1031	ON PURPOSE	on purpose	grief	4208
1493	ONE	one	one;front	4211
374	ONE TIME	one time	time	4214
1993	SELF	oneself	body;pronoun	4219
2366	ONION	onion	onion;grass	4220
1580	ONLY	only	to divide	4221
1156	OPEN	open (V)	to open;flower;to swell;mouth;to divide;hole	4225
885	OPPOSITE	opposite	obstacle;to meet;war	4229
1128	ORDER	order	to follow;to speak;shape;thing;to take	4235
1149	ORPHAN	orphan	one;relative;slave	4248
15	OTTER	otter	marten	4251
780	OUR	our	pronoun	4252
762	OUTSIDE	outside	face;side	4259
1999	OVERCOME	overcome (V)	to win;hunt;anger;to want	4270
735	OWL	owl	bird	4283
684	OWN	own	pronoun	4284
1036	OWNER	owner	relative	4285
1169	OX	ox	cow;elephant	4286
2830	OYSTERS	oyster	shellfish;skin	4287
234	PADDLE	paddle	flat;stick	4296
3668	PADDLE (MOVEMENT)	paddle (V)	to beat	4297
140	PADDY FIELD	paddy	grain;to grow	4298
1783	PAIN	pain	bitter;sick;weak	4302
3122	PAINT (SOMETHING)	paint (V)	to paint;to write;liquid;red;to smear;to rub	4305
3303	PICTURE (PAINTING)	painting	to write	4306
540	PALATE	palate	throat;neck	4309
1183	PALM OF HAND	palm of hand	hand;flat	4314
31	PAN	pan	vessel;metal	4316
3614	PANT	pant (V)	noise;sick;to bind	4320
648	PAPER	paper	shape;leaf;grass;skin	4325
882	PARROT	parrot	bird	4333
779	PART	part	to cut;to divide;body;together	4334
3681	PARTRIDGE	partridge	bird	4342
1951	PASS	pass	road;shore;hole	4343
1880	PASSIONATE	passionate	strong	4354
649	PASTURE	pasture	field;meadow;place;to eat	4358
2175	PATERNAL AUNT	paternal aunt	relative	4363
3763	PATERNAL UNCLE	paternal uncle	father	4366
2252	PATH	path	road;sign;obstacle	4367
3375	PATIENT (SICK PERSON)	patient	sick;to stand	4368
2988	PATTERN	pattern	ornament;similar;shape;sign;face;to follow	4371
2965	PAW	paw	hand;foot;below	4373
718	PAY	pay (V)	debt;to count;to move;to give;to take	4375
2025	PEA	pea	vegetable	4381
1338	PEACE	peace	luck;to think;light;to wait	4382
2043	PEACH	peach	grain;grass;nut;fruit	4384
3382	PEACOCK	peacock	bird;feather	4385
2205	PEAK	peak	mountain;top;end;high	4386
922	PEAR	pear	fruit	4388
3325	PEARL	pearl	circle;ornament;debt	4389
961	PEBBLES	pebble	sand;shallow;earth	4390
3684	PECK	peck (V)	to beat;to bite;to break;to cut	4391
275	PEEL	peel	skin	4397
361	PEG	peg	stick;finger-nail;finger;obstacle;thorn;root;sharp	4403
472	PELICAN	pelican	bird	4404
3232	PELT	pelt	skin	4407
794	PEN	pen	house;obstacle;fence	4408
1222	PENIS	penis	genitals;person;urine;edge;thorn	4413
1385	PEPPER	pepper	bitter	4417
544	SPICY	peppery	bitter	4418
3682	PERCH (OF BIRD)	perch (V)	to be	4420
508	PERIOD	period	time;year	4429
2865	DIE (FROM ACCIDENT)	perish (V)	to die;bad;old	4431
2044	PERSIMMON	persimmon	fruit	4436
125	SWEAT (SUBSTANCE)	perspiration	sweat;mucus	4441
126	SWEAT (PERSPIRE)	perspire (V)	dirt	4442
3645	PERSUADE	persuade (V)	to want	4443
225	PESTLE	pestle	to beat;stick	4447
3060	PHEASANT	pheasant	bird	4456
3061	PHLEGM	phlegm	dirt;mucus;to rot	4457
2148	PICK	pluck (V)	to pinch;to take;to mow;to scrape	4564
371	PICK UP	pick up (V)	to take	4462
2401	PICTURE	picture	god;to write;shape;face	4466
594	PIECE	piece	to break;to cut;to divide	4468
398	PIERCE	pierce (V)	thorn;to pierce;knife;to grow;bow;to cut;to sew;sharp	4471
1337	PIG	swine	pig	6162
1809	PIMPLE	pimple	wart;wound;spot;breast	4489
378	PINCH	pinch	to pinch;to take	4492
1740	PINE	pine-tree	tree	4497
3446	PINK	pink	dark;red	4500
1124	PIPE	pipe	vessel;hole;sinew	4503
2539	PIT (POTHOLE)	pit	empty;hole;grave;obstacle	4505
664	RESIN	pitch	to burn;to adhere	4506
120	PITCHER	pitcher	vessel	4507
337	PITCHFORK	pitchfork	fork	4508
1141	PITY	pity	to love;good;sick;grief	4511
723	PLACE (POSITION)	place	door;to put;place;pronoun;earth;edge;village	4514
3388	PLACENTA	placenta	genitals;fat	4525
333	PLAIT	plait	hair;to bind;head;fringe	4530
1729	PLAIT OR BRAID OR WEAVE	plait (V)	to bind;to twist;to cover;net;to weave	4531
3630	PLAN	plan (V)	to love;to want;to make;to think;to know	4532
1597	AIRPLANE	plane	to scrape	4533
653	PLANT (VEGETATION)	plant	grass;fruit;leaf;to bear;tree;flower;to pierce;to plough;wet;onion	4536
1486	PLANT (SOMETHING)	plant (V)	stick;to pierce;to make;to put;to plough;to throw;to sit;grain;hole	4537
399	PLANTAIN	plantain	fruit	4538
480	PLATE	plate	vessel	4541
3988	PLATEAU	plateau	field	4542
3269	PORCH	platform	chair;stick	4543
1413	PLAY	play	to play	4544
3916	PLEASURE	pleasure	free;luck;to make;to help	4552
2024	PLOT	plot	house;field	4559
2154	PLOUGH (INSTRUMENT)	plough	plough;to plough;to cut;knife;vehicle	4560
1921	PLOUGH	plough (V)	to plough;plough;to scrape	4561
3670	PLUNDER	plunder	thief	4571
1851	POCKET	pocket	clothes	4578
541	POETRY	poetry	name	4580
2669	POINT (WITH FINGER)	point	mouth;spot;top;sharp;front;edge	4581
372	POINTED	pointed	long;sharp	4584
655	POISON	poison	grass;bitter;worm;sour	4586
888	POISONOUS	poisonous	sour	4588
281	POST	post	stick;mountain	4620
3659	POLISH (SOMETHING)	polish (V)	to rub;to scrape;to touch	4593
3300	POLITE	polite	to love	4595
2035	POND	pond	pool;swamp	4599
1674	POOR	poor	little;hunger;rough;bad;grief	4603
821	POPLAR	poplar	tree	4605
2510	PORCUPINE	porcupine	marten;wolf	4610
114	PORPOISE	porpoise	fish	4611
2049	CONGEE	porridge	to eat;grain;to swell	4612
593	POTATO	potato	vegetable	4626
2951	POUCH	pouch	clothes;vessel	4630
354	POUND	pound (V)	to beat;to rub;to destroy	4632
1487	POUR	pour (V)	to melt;to pour;to flow;rain;to wash;to sink;to scatter;to shake	4633
3368	POWDER	powder	grass;dust	4637
2526	POWER	power	able;strong;heavy	4639
3001	POWERFUL	powerful	able;strong	4640
3455	COMMEND	praise (V)	to praise;to curse;to love;grief	4643
238	PRAWNS	prawn	shellfish	4644
24	PRAY	pray (V)	devil;luck	4645
304	PREACH	preach (V)	to speak	4647
3002	PRECIOUS	precious	expensive;to love;luck	4648
618	PRECIPICE	precipice	ravine;shore;road;mountain;to break;low	4651
2717	STEEP	precipitous	high;ravine;shore	4652
1123	PREGNANT	pregnant	genitals;belly;child	4658
2909	PREPARE	prepare (V)	to make;to know;to send;to want	4662
1997	PRESERVE	preserve (V)	to cover;to guard;to think	4668
1913	PRESS	press down (V)	to press;flat	4672
3631	PRETEND	pretend (V)	to deceive	4675
1550	PREVENT	prevent (V)	obstacle;to fear	4677
657	PRICE	price	debt;expensive;to give	4678
1434	STAB	prick	to pierce;edge	4680
3915	PRIDE	pride	to praise	4683
852	PRIEST	priest	devil	4684
2554	PRINCE (RULER)	prince	to praise;host;relative	4685
2886	PRODUCE	produce (V)	to bear;to make;to learn;strong	4697
1675	PROMISE	promise (V)	debt;to speak;devil;to think	4711
2900	PROTECT	protect (V)	to cover;to give;to love;to see;obstacle;to help;to think;to guard	4729
174	PROUD	proud	luck;to praise	4735
36	PUBIC HAIR	pubic hair	hair;meat	4748
1455	PULL	pull (V)	to beat;free;to pull	4758
2325	PULL OUT	pull out (V)	to take	4762
864	PUMPKIN	squash (V)	to beat;to press	5847
3649	PUNISH	punish (V)	to curse;slave;to beat;to endure	4772
390	PUNISHMENT	punishment	to curse;to destroy;debt	4773
1147	PURE	pure	clean;to wash;white	4779
2452	PURPLE	purple	red	4783
1808	PUS	pus	liquid;pus;swamp;wart;to rot;dirt	4789
1452	PUSH	push (V)	to beat;to destroy	4790
998	PUT	put down (V)	to bend;to fall	4800
1893	QUAIL	quail	bird	4819
2945	COUNT (QUANTITY)	quantity	edge;many;wide	4821
3302	QUARREL (VERB)	quarrel (V)	to beat;to curse;war;to destroy;anger;obstacle	4822
1306	QUEEN	queen	head;woman;host	4826
3268	QUESTION	question	to speak	4827
1314	QUIET	quiet	luck;good;to think;soft;light;to tire;dark	4832
2048	QUILT	quilt (V)	to sew	4833
995	QUIVER (FOR ARROWS)	quiver	sack;vessel;basket	4838
1136	RABBIT	rabbit	marten	4840
2203	RABID	rabid	anger	4842
2365	RADISH	radish	vegetable	4846
1664	RAFT	raft	boat;stick;chair	4847
829	RAFTER	rafter	stick	4848
332	RAG	rag	to destroy;hair;cloth	4849
658	RAIN (PRECIPITATION)	rain	rain;sky;to fall;to flow;snow	4856
1253	RAIN (RAINING)	rain (V)	rain	4857
1733	RAINBOW	rainbow	sky;white;to shine	4858
453	RAINY SEASON	rainy season	rain;time	4860
338	RAKE	rake	fork;to comb	4864
3127	RAKE (SOMETHING)	rake (V)	to comb;to scrape;to dig	4865
1344	RAM	ram	goat;sheep	4866
209	RARE	rare	little;far;to tear	4879
3803	RASPBERRY	raspberry	fruit	4884
1490	RAT	rat	marten	4885
2497	RATTAN	rattan	grass	4887
2543	RAVEN	raven	bird	4889
1930	RAVINE	ravine	hole;ravine;to flow;valley;mountain	4890
1959	RAW	raw	to smell;meat;new;vegetable;to rot	4891
724	READ	read (V)	to praise;to speak;to know;to think;to write	4900
790	READY	ready	time;to make;together;to know;to send	4902
1657	TRUE	real	to know;true	4903
190	MOW	reap (V)	to mow;to scrape;to cut	4906
2968	REASON	tune (V)	good;to sing;to speak;devil;straight	6542
2870	RECOGNIZE (SOMEBODY)	recognize (V)	to think	4923
1978	RECOVER	recover (V)	healthy;sick;to think	4929
156	RED	red	red;to shine;blood;dark;metal	4932
659	REED	reed	grass;stick	4941
660	REEF	reef	sand	4943
49	REFUSE	refuse	dust	4955
1875	REGRET	repent (V)	grief	5010
1876	REINDEER	reindeer	deer	4964
2192	REJOICE	rejoice (V)	luck;light;to live;to think;to laugh	4968
1644	RELATIVES	relative	near;relative;grain	4972
168	REST	relax (V)	free;slow	4974
987	REMAIN	stay (V)	time;to put;to be;to sit;to stay;place;old;to take;to stand	5897
838	REMAINS	remains	bone;to stay	4993
707	REMEMBER	remember (V)	to know;to love	4995
880	REPEAT	repeat (V)	to change;to speak;layer;to follow;together	5007
1828	ASK (REQUEST)	request (V)	to speak	5022
2008	RESCUE	save (V)	free;to help;luck;to guard	5261
1777	RESEMBLE	resemble (V)	similar;shape	5028
385	RESPECT (SOMEBODY)	respect	to love	5040
3969	RESULT	result	to take	5054
421	RETREAT	retreat (V)	back	5059
495	REVENGE	revenge	debt;to speak;anger;bad	5061
801	RIB	rib	side;body;bone;breast	5073
712	RICH	wealthy	to swell	6820
2970	RIDDLE	riddle	to speak	5080
367	RIDE	ride (V)	vehicle;saddle;to sit;to run;top	5082
1748	RIDGE	ridge	mountain;edge;back	5083
1019	RIGHT	right side	right:	7055
2875	RING (MAKE SOUND)	ring (V)	to speak	5098
2904	RINSE	rinse (V)	to wash;wet	5099
178	RIPE	ripe	ripe;to rot	5101
179	RIPEN	ripen (V)	ripe;sour;to rot	5102
568	RISE (MOVE UPWARDS)	rise (V)	big;top;high;side;to make;to swell;wide;to wake;to grow	5104
3334	RITE	rite	sacrifice	5109
666	RIVER	river	river;valley;to flow;water;pool	5112
667	ROAD	road	road;to go;sign;place;side;shore;to run;obstacle;middle	5116
3896	ROAR	roar (V)	noise	5121
1962	ROAST (SOMETHING)	roast (V)	fire;to burn;to roast;to boil	5122
2073	ROB (VERB)	rob	thief	5123
3376	ROBBER	robber	thief;to deceive	5125
668	ROCK	rock	stone;mountain;sand	5130
669	RODENT	rodent	marten	5135
827	ROLL	roll	to roll	5140
1450	ROOM	room	house;door;place;wide;to stay	5150
670	ROOT	tuber	root	6529
3882	ROSE	rose	fruit	5157
569	SPOIL (BECOME SPOILED)	rot	coal;soft	5162
1728	ROTTEN	rotten	pus;to rot;mushroom;sour	5165
1923	ROUGH	rough	rough;hair;hard;to curse;thick;anger	5166
1395	ROUND	round	circle;to roll;to twist	5168
1849	ROW	row	to follow;together;shore;rope	5171
1449	RUB	rub (V)	rough;to rub;to touch;to scrape;to grind;to press;clean;to break;to mix	5176
909	GARBAGE	rubbish	dust;dirt	5182
108	RUDDER	rudder	hammer	5184
1412	RUDE	rude	rough;hard	5186
1846	RULE	rule	shape;host;similar;joint	5192
3405	RULER	ruler	host;relative	5194
63	RUMOUR	rumour	to speak;noise;to curse	5195
1519	RUN	run (V)	to run;mucus;to jump;to roll	5198
2142	RUN AWAY	run away (V)	to run	5202
3064	RUST	stain	sign	5865
2877	RUSTLE (OF LEAVES)	rustle	noise	5212
23	RYE	rye	grain	5214
2990	SACK	sack	sack;to cover;vessel;cloth	5217
699	SAD	sad	grief;to think;to endure;bad	5222
3065	SADDLE	saddle	saddle;skin;stick;clothes;to bend;vehicle	5223
787	SAIL	sail	cloth;wide	5228
1122	WAGES	salary	debt	5231
1503	SALIVA	spittle	to spit;nose;mucus	5795
944	SALMON	salmon	fish	5234
1274	SALT	salt	grass;salt;bitter	5235
1091	SALTY	salty	rough;salt;taste;bitter	5239
200	SAME	same	similar;together	5244
671	SAND	sand	earth;dirt	5245
345	SAP	sap	liquid;wet	5251
106	SATIATED	satiated	fat;good;to eat;to swell;thick;to suck;bad	5256
1948	SAW	saw	knife	5265
3543	SAW (SOMETHING)	saw (V)	to rub	5266
1458	SAY	say (V)	to call;to make;to speak;to cry;to think;tongue	5267
2664	SCAB	scab	wart;sick;bad;head;skin;rust	5269
3424	SHEATH	scabbard	sheath	5270
3172	SCABIES	scabies	sick	5271
2783	SCALES (MEASURE INSTRUMENT)	scales	to count;together	5275
497	SCAR	scar	to cut;wart;wound;bad	5277
3033	SCARED	scared	grief;bad	5283
3066	SCARF OR TURBAN	turban	clothes;hat	7080
2064	SCATTER (SEEDS)	scatter (V)	to scatter;to throw;to take;wet;to shake;to fall;to destroy	5286
673	SCHOOL	school	house;to learn	5290
356	SHEARS	scissors	to cut;to press	5291
299	SCOLD	scold (V)	to curse	5292
1538	SCORPION	scorpion	insect	5298
1767	SCRAPE	scrape (V)	to scrape;to rub;to touch;to sweep;to cut	5303
1436	SCRATCH	scratch	to write;to scrape	5306
3809	SCREAM (PRODUCE A CRY)	scream (V)	to cry	5309
1802	SCREW	screw	to roll	5313
2834	SCROTUM	scrotum	foot	5316
20	SCYTHE	scythe	knife;to mow	5325
1474	SEA	sea	river;to flow;pool	5326
691	SEASON	season	end;time;year;joint;shape	5335
1384	SECOND	second	two	5339
1121	SECRET	secret	grave;to hide;to close;to deceive	5340
1409	SEE	see (V)	to see;to know	5347
714	SEED	seed	grain;fruit;to bear;to grow;straw;root;to plough	5350
1571	SELL	sell (V)	debt;to change	5357
2283	SEMEN	semen	genitals	5358
1127	SEND	send (V)	to send;to go;to give;to follow;to speak;to stay;to run;to drive;to reach	5359
2572	SENSE (PERCEIVE BY SENSES)	sense	to think;true;name	5363
1359	SEPARATE	separate	to divide;one;to cut	5367
255	SERVANT	servant	child;slave;foreign;relative;to give	5375
3648	SERVE (SOMEONE)	serve (V)	spoon;to help;to guard;to make;to work;slave;to give	5376
2797	SESAME	sesame	grain	5379
160	SET (HEAVENLY BODIES)	set (V)	to go;below;to pierce;to put	5380
1704	SEVEN	seven	seven	5400
419	SEVERE	severe	bad;heavy;hard	5403
1457	SEW	sew (V)	to sew;to work;to pierce	5404
1388	SHADE	shade	dark;shadow;to cover;cold	5408
1909	SHAKE	shake (V)	to beat;to move;to shake;to fear;to fly;to mix;to bend	5414
193	SHALLOW	shallow	shallow;basket;wet;flat;sand;to flow;river;pool	5417
394	SHAMAN (FOLK HEALER)	shaman	devil	5418
1776	SHAME	shame	red;shame;to laugh;bad;grief	5420
884	SHARE	share (V)	to cut;to divide;together	5425
1110	SHARK	shark	fish	5427
1396	SHARP	sharp	bitter;edge;knife;rough;sharp;to pierce;to scrape;thorn;to cut	5428
251	SHARPEN (SOMETHING)	sharpen (V)	sharp;to touch;to rub;to press	5431
231	SHAVE	shave (V)	to cut;to scrape	5433
2771	SHAWL	shawl	cloth	5435
1834	SHE	she	pronoun	5436
1532	SHEAR	shear (V)	to divide;to cut;to scrape	5439
1331	SHEEP	sheep	goat;sheep;deer;cattle;child	5446
745	SHELF	shelf	chair;hearth;fence;house;obstacle	5449
598	SHELL	shell	insect;skin;empty;shellfish;ornament;to cover	5450
2544	SHEPHERD	shepherd	to guard	5456
1064	SHIELD	shield	obstacle;skin	5458
186	SHIN	shin	foot;brain;bone;meat;joint	5461
708	SHINE	shine (V)	to burn;to shine;moon	5463
740	SHIP	ship	boat;vessel	5465
1622	SHIRT	shirt	cloth;clothes	5466
52	SHIVER	tremble (V)	to fear;to move;to shake	6490
1381	SHOE	shoe	clothes;shoe;foot	5470
1172	SHOOT	shoot	grass;to grow;to bear;tree;wet;thorn;root	5471
746	SHOP	shop	house;obstacle	5474
113	SHORE	shore	mountain;shore;middle;edge;earth	5475
1645	SHORT	short	low;short;little;to press;narrow	5476
1482	SHOULDER	shoulder	hand;body;back;breast	5482
172	SHOULDERBLADE	shoulderblade	hand;to bend;bone;back;neck	5483
1901	SHOVEL	shovel	to dig;plough;vessel;fork	5487
1039	SHOW	show (V)	to see;to guard	5490
3128	SHOWER (ACTION)	shower	rain	5495
54	SHRINK	shrink (V)	to wither;to press;little;to bind	5496
751	SHRUB	shrub	grass;tree	5501
543	SHUTTLE	shuttle	to twist	5513
487	SHY	timid	shame;to fear	6394
1640	SIBLING	sibling	relative;child	5516
341	SICKLE	sickle	knife;sharp;to mow	5518
682	SIDE	side	back;side;edge;obstacle;near;body;foot;below;valley;straight;face;low	5520
3353	SIEVE (TOOL)	sieve	drop;to filter;net	5527
86	SIEVE	sieve (V)	to shake	5528
2519	SEEING (VISUAL SENSE)	sight	to see;shape	5531
48	BE SILENT	silent	dumb;to fear;luck;to hear	5534
2351	SILKWORM	silkworm	insect;worm	5537
759	SILVER	silver	metal	5540
2971	SIN	sin	to tire;bad;to curse;thief	5544
1137	TENDON	sinew	sinew	5548
1261	SING	sing (V)	music;to sing;to cry;noise;anger;to speak	5550
3698	SINGE	singe (V)	to burn	5551
1088	SINK (DESCEND)	sink (V)	to sink;wet;deep;to swim;to bend;to take;to roll	5555
1263	SISTER	sister	relative;woman	5563
2317	SISTER-IN-LAW	sister-in-law	relative	5569
1416	SIT	sit (V)	light;to bend;to put;to sit;to be;to lie	5570
1649	SIT DOWN	sit down (V)	to sit	5571
1703	SIX	six	six	5574
2845	SIZE (OF OBJECT)	size	wide	5575
2668	SKELETON	skeleton	bone;head	5577
2991	SKI	ski	stick;slippery	5580
1824	DEXTEROUS	skilful	to know;to see	5581
807	SKILLED	skilled	to see;to think	5583
763	SKIN	skin	skin;meat;shellfish;body;chair;hair;to cover;clothes	5585
291	PULL OFF (SKIN)	skin (V)	flat;to destroy;skin	5586
1600	SKIRT	skirt	clothes;to weave;rope;to sew	5591
1605	SKULL	skull	skin;circle	5592
1732	SKY	sky	sky;sun;time	5593
3075	SLANTED	slanting	side;crooked	5600
3160	SLAP	slap (V)	to die;to beat	5601
1796	SLAUGHTER	slaughter (V)	meat;to cut;knife;sacrifice;to die	5603
812	SLAVE	slave	foreign;slave;child	5604
16	SLED	sledge	vehicle	5606
1585	SLEEP	sleep	dream;to lie;to sleep;light;to forget	5608
3620	SLEEPY	sleepy	to sleep;light	5611
2953	SLEEVE	sleeve	hand;clothes;joint	5613
2954	SLICE	slice	flat;to divide	5616
1324	SLIP	slide (V)	slippery;to rub;to crawl;to swim;to fall	5618
1400	THIN (SLIM)	slimy	mucus;wet	5625
387	SLING	sling	obstacle;stick	5626
3702	SLIPPERY	slippery	slippery;soft;to scrape	5632
3076	SLOPE	slope	mountain;side;face;meadow	5635
701	SLOW	slow	silly;slow;soft;light	5639
2165	SLOWLY	slowly	slow;to stay;time	5640
3613	LOWER BACK	small of back	back;liver	5647
1054	SMALLPOX	smallpox	wart;sick;stone	5648
2124	SMELL	smell	to smell;pus	5653
42	STINKING	smelly	to smell	5655
1451	SMILE	smile (V)	to laugh;to play	5656
778	SMOKE (EXHAUST)	smoke	smoke;wind	5658
1234	SMOOTH	smooth	flat;slippery;to scrape;soft;straight;to press	5662
1543	SNAIL	snail	insect;snake;shellfish;worm	5666
730	SNAKE	snake	snake;worm;slippery;fish	5667
459	SNAP (OF STICK)	snap	to bite	5668
3320	SNARE (TRAP)	snare	trap;stick	5671
1621	SNEEZE	sneeze (V)	noise;nose;sick;to vomit	5676
375	SNIFF	sniff (V)	noise;to suck	5677
1983	SNORE	snort (V)	noise	5683
784	SNOW	snow	rain;snow;cold;wind	5686
2336	OF THIS KIND (SUCH)	so	similar;pronoun	5694
2069	SOAK (VERB)	soak (V)	to flow;wet;to wash;to sink;to pour;to weep;liquid;thick;to suck	5695
1522	SOCK	sock	clothes	5698
1856	SOFT	soft	slow;soft;to tire;to boil;to press;light;liquid	5700
1941	SOLDIER	soldier	war	5709
2666	SOLE (FOOT)	sole	foot;hand;below;chair	5710
3003	SOLID	solid	dense;thick;heavy;hard;strong	5712
1241	SOME	some	little;to divide	5716
2422	SOMEONE	someone	pronoun	5717
1620	SON	son	to bear;child;new;relative	5719
1056	SON-IN-LAW	son-in-law	relative;person	5722
1096	SONG	song	to sing;to speak;to play	5723
703	SOON	soon	near	5724
830	SOOT	soot	coal;to burn;smoke;mushroom;to rot;dirt	5725
823	SORCERER	wizard	devil	6961
51	SORE	sore	sick;wound	5728
844	KIND (THING)	sort	grain;thing	5733
811	SOUL	soul	devil;god;heart;to think;sinew;to live;sky	5734
2879	SOUND (OF INSTRUMENT OR VOICE)	sound	to cry;to speak;noise;to sing	5735
849	SPRING (OF WATER)	source	to flow;breast	5741
1595	SOUTH	south	sky;front;warm;straight;right	5742
748	SOW SEEDS	sow	pig	5744
3006	SPACE (AVAILABLE)	space	middle;place;to divide;water;valley	5747
1176	SPADE	spade	knife;plough;to dig	5750
518	SPARK	spark	fire	5755
1854	SPARROW	sparrow	bird	5757
2227	SPAWN (VERB)	spawn	egg	5759
1623	SPEAK	speak (V)	to speak;tongue;noise;to curse;grief	5761
945	SPEAR	spear	to pierce;stick;knife;to beat	5762
1115	SPEECH	speech	to cry;to speak;name;tongue	5766
1505	SPERM	sperm	genitals	5774
2303	SPHERICAL (ROUND IN THREE DIMENSIONS)	spherical	circle	5777
843	SPIDER	spider	insect	5778
3130	SPILL (SOMETHING)	spill	stick	5780
121	SPIN	spin (V)	to roll;to twist;circle;to press;to bind	5782
277	SPINDLE	spindle	to twist;to roll	5786
53	SPIRIT	spirit	devil;sign;god;to think;blood	5789
1440	SPIT	spit	sharp;to scrape;stick	5793
365	SPLASH	splash (V)	to flow	5796
1744	SPLEEN	spleen	spleen;lung;liver	5798
1437	SPLIT	split	to break;to cut	5803
92	SPOIL (SOMEBODY OR SOMETHING)	spoil	thief	5806
182	SPOKE	spoke	stick;to bend	5808
1378	SPOON	spoon	spoon;stick;wet;to scoop;vessel	5811
519	SPOT	spot	feather;sign;spot;naked	5814
2514	SPOUSE	spouse	relative;woman	5816
38	SPREAD OUT	spread out (V)	big;wide;flat;to take;to stand;chair;to adhere	5822
1537	SPRINGTIME	spring (V)	to flow;to dance;to jump	5826
850	SQUARE	square	to bend	5844
1414	SQUEEZE	squeeze (V)	to filter;to pinch;to press;to scrape;to take	5850
1628	SQUIRREL	squirrel	marten;soft	5852
1296	WALKING STICK	staff	stick;end	5859
34	STAIRS	staircase	bridge;obstacle	5868
2628	PLANT STEM	stalk	root;tree;end;grass;stick	5874
851	STABLE	stall	house	5875
936	STALLION	stallion	horse;genitals	5876
3618	STAMP	stamp (V)	to press;sign;to adhere;to beat	5879
1442	STAND	upright	straight;high	6644
1430	STAR	star	star;to shine	5883
2955	STATE (POLITICS)	state	body;house;place;to be	5893
1002	STATUE	statue	shape;devil	5895
713	STEAL	steal (V)	thief;to deceive;to hide	5901
1193	STEAM	steam	to roast;liquid;smoke;wind;to burn	5902
2067	STEAM (VERB)	steam (V)	to boil;wind	5903
2343	STEEL	steel	hard;metal	5904
1158	STEP	steps	bridge	5922
2065	STEP (VERB)	step (V)	foot;to dance;to go	5914
237	STEPFATHER	stepfather	relative	5918
236	STEPMOTHER	stepmother	relative	5919
2810	BREASTBONE	sternum	throat	5926
1295	STICK	stick	stick;sharp;tree	5928
254	STICKING	stick (V)	to adhere;to pierce;to reach;to press;to touch	5929
3703	STICKY	sticky	dirt;slippery;to adhere	5935
2919	STILL (CONTINUING)	still	light;to stand;dark	5939
571	STING	sting	sharp;fork	5941
1587	SMELL (STINK)	stink	smoke	5944
696	STIR	stir (V)	to mix;to move;to roll;to deceive;boat;to break;to shake	5947
329	STOCKING	stocking	clothes	5954
819	STOMACH	stomach	belly;liver;body;middle;kidney;fat	5955
857	STONE	stone	stone	5956
2058	STOOL	stool	chair	5962
2880	HALT (STOP)	stop (V)	end;obstacle;to wait;to sit;clean;to stand;bad;to stay	5964
752	STORE	store (V)	to guard;to put;house;to take;chair	5972
858	STORM	storm	wind;rain	5976
2060	STORY	story	shape	5977
859	STOVE	stove	fire;hearth;to roast;house	5980
1404	STRAIGHT	straight	straight;light;high;front;to put	5982
940	STRAIN	strain (V)	drop;to press;to filter;to pour	5985
2973	STRAP	strap	fringe;skin;rope;to bind	5995
2299	STRAW	straw	straw;grass;skin;thorn;grain	5996
3138	STRAWBERRY	strawberry	fruit	5997
947	STREAM	stream	to flow;valley;water	5999
1362	STREET	street	group;road;village;earth;ravine	6001
202	STRENGTH	strength	strong;heavy;sinew;sour	6002
214	STRETCH	stretch (V)	long;to pull;wide;measure	6004
353	STRIKE	strike (V)	to beat;to press;to throw;to cut	6013
362	STRING	string	rope;to bind;to sew;sinew;circle;obstacle;to twist;hair	6022
2993	STROKE (OF PEN)	stroke	to cut;to rub;to touch;to scrape;to press	6029
785	STRONG	strong	healthy;strong;beer;hard;wide;big;heavy;many	6034
3634	STUBBORN	stubborn	strong;obstacle	6043
1929	STUDY	study	to know	6045
3617	STUMBLE	stumble	to fall	6049
241	TREE STUMP	stump	root;stick;tree;to cut	6051
3606	STURGEON	sturgeon	fish	6054
1866	STUTTER	stutter (V)	dumb	6055
1112	SUCCEED	succeed (V)	to put;to follow	6068
1421	SUCK	suck (V)	breast;to suck;to bite;to drink;milk;to eat;to sink;to lick;to filter	6074
2920	SUDDENLY	suddenly	quick;time	6079
1101	SUFFER	suffer (V)	to endure;sick;heavy;bad;weak;to fear	6080
764	SUIT	suit (V)	similar	6087
3386	SULPHUR	sulphur	sulphur;dirt	6093
1342	SUMMER	summer	new;warm;time	6098
1614	SUMMIT	summit	edge;mountain;top;high	6099
1343	SUN	sun	sun;to burn;to shine;hot;year;time	6101
3276	SUNSHINE	sunlight	to shine	6104
2296	SUNRISE	sunrise	time	6105
2295	SUNSET	sunset	side;time	6106
547	SURFACE	surface	skin;front	6121
402	SURPASS	surpass (V)	many;to win;quick	6125
3274	ENCIRCLE	surround (V)	circle;to roll;to twist;obstacle;trap;to bend	6127
1841	SUSPECT	suspect (V)	to curse;to fear	6130
3197	SUSPICION	suspicion	to deceive	6133
897	SWALLOW	swallow (V)	to drink;to swallow;to eat;to sink;to bite;to suck;to grind;taste	6140
2837	SWAN	swan	bird	6142
2974	SWARM (OF BIRDS)	swarm (V)	insect	6143
573	SWAY	sway (V)	to fall;to shake;to bend;to fly	6145
1939	SWEAR	swear (V)	to curse;anger;sacrifice;to think;to speak	6146
230	SWEEP	sweep (V)	hair;to sweep;to dig;to rub;clean	6148
717	SWEET	sweet	sweet;taste	6151
1573	SWELL	swell up (V)	to swell;big	6156
1903	SWELLING	swelling	to swell;wart	6157
1439	SWIM	swim (V)	light;to swim;wet;to scrape;to pour;to sink;slippery	6160
2871	SWING (MOVEMENT)	swing (V)	to move;to shake	6163
1535	SWORD	sword	knife;war;finger-nail;sharp;hammer;to beat	6169
3903	SYMPATHIZE	sympathize (V)	good	6172
3957	SYSTEM	system	shape;sign	6174
3979	TADPOLE	tadpole	egg;worm	6179
1220	TAIL	tail	back;tail;behind;below;hair	6182
1749	TAKE	take (V)	to swallow;to take;to carry;to put;to pull	6184
1755	UNDRESS	take off (V)	clean;flat;to tear;to wither;to scrape;naked;to take	6197
3654	TAKE OUT	take out (V)	spoon;to go;to scoop;to take;to pull	6198
2937	FAIRY TALE	tale	devil;to speak	6202
2708	TALK	talk	noise	6205
711	TALL	tall	healthy;long;ripe;straight;high	6208
3141	TAMBOURINE	tambourine	music	6211
2838	TAME	tame	to make	6212
1488	FAUCET	tap (V)	to beat	6217
3886	TARANTULA	tarantula	insect	6219
351	TARO	taro	vegetable	6223
21	TASTE (SOMETHING)	taste	taste;sweet;to drink;to smell;to eat;mouth	6228
68	TATTOO	tattoo (V)	to paint	6233
873	TAX	tax	debt;stick;to put;to give	6237
1373	TEA	tea	leaf	6239
709	TEACH	teach (V)	to know;to learn	6240
1038	TEACHER	teacher	to see	6241
1651	TEAR (OF EYE)	tear	drop;tear;eye;pus	6243
1735	TEAR (SHRED)	tear (V)	to divide;to take;to break;to tear;to cut;to scrape;sinew	6244
1711	TELL	tell (V)	to speak;to call;to know;to measure;grief	6252
1515	TEN	ten	ten;many	6261
3053	TIGHT	tense	to pull;hard	6268
1316	TENT	tent	house;obstacle;skin	6270
883	TERMITE	termite	insect	6274
2571	TRY (TEST)	test (V)	to know;to search;to touch	6280
797	TESTICLES	testicle	egg;genitals;kidney	6281
2891	TIE UP (TETHER)	tether	rope	6285
2412	THANK (SOMEBODY)	thank (V)	to praise	6289
78	THAT	that	pronoun	6292
279	THATCH	thatch (V)	roof;to cover	6294
2887	THAW (DEW)	thaw (V)	to melt	6295
2400	THEIR	their	pronoun	6298
2921	THEN	then	big;time	6299
1937	THERE	there	to put;to take	6300
817	THEY	they	pronoun	6302
1244	THICK	thick	dense;thick;hard;to swell;rough;fat;wide	6303
1160	THIEF	thief	to deceive	6312
471	UPPER LEG (THIGH)	thigh	foot;bone;below;side;behind	6314
2308	THIN	thin	flat;thin;light;to flow;hunger;to tire;little;to pinch;middle;to destroy	6318
738	THING	thing	place;thing;to be;body;shape	6320
2271	THINK	think (V)	to think;to make;heart;to know;to want;to hear;grief;to love	6321
848	THIRST	thirst	hunger;to want	6323
847	THIRSTY	thirsty	hunger;to want;to drink	6325
1715	THIRTY	thirty	three	6326
1214	THIS	this	pronoun	6327
124	THORN	thorn	thorn;edge;end;sharp;grass	6332
1215	THOU	thou	pronoun	6333
2975	THOUGHT	thought	heart;to think	6334
1843	THOUSAND	thousand	many;thousand;hundred	6335
1161	THREAD	thread	rope;to sew;sinew;to bind;cloth;to weave;to twist;hair	6336
1192	THREATEN	threaten (V)	anger;to curse;to fear;to endure	6339
492	THREE	three	three	6340
285	THRESH	thresh (V)	to beat	6341
223	THRESHING-FLOOR	threshing-floor	flat;to beat	6342
1727	THRESHOLD	threshold	place;side;chair;obstacle	6343
1346	THROAT	throat	neck;throat;hand;hole	6346
97	THROUGH	through	to pass;to pierce	6351
1456	THROW	throw (V)	to press;to throw;bow;to go;to scatter;to beat;to put;to scrape;to stay	6352
3696	THROW AWAY	throw out (V)	to destroy;to throw	6356
246	THRUST	thrust (V)	knife;to beat;to pierce	6358
1781	THUMB	thumb	big;to measure;finger;foot	6361
1150	THUNDER	thunder	noise;to shine	6362
3760	THUNDERY	thunderbolt	to burn	6363
3413	IN THIS WAY	thus	pronoun;similar	6364
1527	TICK	tick	insect;shellfish	6367
3647	TICKLE (SOMEBODY)	tickle (V)	to scrape;hand	6368
891	TIDE	tide	to flow	6369
846	TIGER	tiger	wolf	6380
3404	TILE	tile	brick;flat	6384
892	TIME	time	time;to go;edge;year;to roll;obstacle;old;shape	6389
893	TIN (METAL)	tin	metal	6396
2992	TIP (OF OBJECT)	tip	below;mouth;edge	6400
1996	GET TIRED	tire (V)	to tire;bad;grief;hunger	6401
1757	TIRED	tired	to tire;to die;shame;hunger;to wait	6402
2754	TOWARDS	to	to grow	6407
894	TOAD	toad	frog;worm	6408
974	TOBACCO	tobacco	liquid	6410
1283	TODAY	today	time	6411
1389	TOE	toe	finger	6412
2482	TOGETHER	together	to follow;to help;together;to bind;all;to press;to touch	6414
1329	TOMORROW	tomorrow	time;sun	6422
272	TONGS	tongs	to pinch;to break;to press	6423
1205	TONGUE	tongue	to lick;tongue	6424
1753	TOP	top	mountain;to twist;top;high;head;edge;end	6428
1919	TORCH	torch	to burn;fire	6431
1952	TORTURE	torture	to deceive	6433
1380	TOOTH	tooth	tooth;root;sharp	6437
2532	TORNADO	tornado	wind	6439
1892	TOUCH	touch (V)	to beat;to touch;to rub;to scrape;to press;to take;to destroy;to follow;to bind	6444
1671	TOWER	tower	house;stick;stone	6447
1391	TOWN	town	house;village;obstacle	6448
2403	TOY	toy	to play	6449
898	TRADE	trade	debt	6456
900	TRAIN	train (V)	to learn;to follow	6459
3754	TRANSPARENT	transparent	to shine;dark	6470
1075	TRAP (PITFALL)	trap	net;trap;obstacle;to press;rope;stone;hole	6473
3665	TRAVEL	travel (V)	to follow;to go	6477
2629	TRAY	tray	basket;vessel	6480
575	TREAD	tread (V)	road;to go;to press;sign;to crawl;to beat	6483
906	TREE	tree	grass;leaf;root;tree;stick;forest	6487
2538	TRENCH (FOSSE)	trench	hole	6491
1549	TRIBE	tribe	foreign;person;shape;slave	6496
2607	TRIPOD	tripod	vessel	6509
205	TROUGH	trough	grave;vessel;hole;pool	6517
809	TROUSERS	trousers	clothes	6518
795	TROUT	trout	fish	6519
344	TREE TRUNK	trunk	root;vessel;stick;tree	6521
3902	TRUST (SOMEBODY)	trust (V)	to help	6523
1638	TRUTH	truth	true;name;strong	6524
1812	TRY	try (V)	taste;to know;to search;to touch;to tire;to want;to love;to think	6525
2956	TUBE	tube	vessel	6528
537	TURBID	turbid	dirt;to rot	6544
2386	TURKEY	turkey	bird	6546
1588	TURN	turn (V)	to bend;to change;to roll;to move;back	6548
1444	TURN AROUND	turn around (V)	circle;to roll	6549
1723	RESULT IN	turn out (V)	to drive	6554
1445	TURN (SOMETHING)	turn round (V)	to roll;to move;to bend;circle;to twist	6556
3062	TURNIP	turnip	vegetable	6560
112	TURTLE	turtle	frog	6562
3280	TUSK	tusk	tooth	6564
1710	TWENTY	twenty	twenty	6567
1546	TWICE	twice	together;two	6570
3222	TWIG	twig	to bear;tree;stick	6571
1005	TWINS	twin	together;two;similar	6573
430	TWIST	twist (V)	to roll;to twist;to bend;soft;to bind;to press	6575
1498	TWO	two	together;two;to meet;to follow	6577
3134	TYPE (ON SOMETHING)	type	grain	6581
154	UDDER	udder	breast	6582
1548	UGLY	ugly	bad	6583
1189	ULCER	ulcer	wart;wound	6584
1327	UNCLE	uncle	relative	6592
1536	UNDERSTAND	understand (V)	to wake;to know;to think;to see;to hear;to measure	6601
2601	UNICORN	unicorn	deer	6613
26	UNPLEASANT	unpleasant	rough;bad;grief	6627
1958	UNRIPE	unripe	sour;new	6630
352	UNTIE	untie (V)	free;to bind	6636
2826	LIE (FALSEHOOD)	untruth	to deceive	6637
1591	UP	upwards	top	6648
2881	URGE (SOMEONE)	urge (V)	to drive;to run;to curse	6649
592	PISS	piss (V)	to wash;urine	7065
1142	URINE	urine	dirt;urine;genitals	6655
2310	US (OBLIQUE CASE OF WE)	us	pronoun	6656
2072	USE (VERB)	use	shape	6658
2293	UVULA	uvula	throat;to eat	6669
1836	VAGINA	vagina	behind;hole	6672
921	VALLEY	valley	hole;river;shore;valley;field	6675
3746	VASE	vase	vessel	6687
924	VEGETABLES	vegetable	grass;to eat;to mow;vegetable;blue;grain	6691
2549	VEHICLE	vehicle	vehicle	6692
1151	VEIL	veil (V)	to cover;to guard	6693
1924	VEIN	vein	sinew;vessel	6694
2375	VERTICAL	vertical	straight;to stand;to put	6704
1311	VERY	very	big;strong;many;to pass;full;to know;heavy;good;to love;true	6705
783	VICTORY	victory	to win	6714
930	VILLAGE	village	group;house;village	6720
343	VINE	vine	grass;tree	6723
985	VINEGAR	vinegar	sour	6724
4023	VIOLIN	violin	handle	6729
1868	VISIBLE	visible	to see	6734
1377	VISIT	visit (V)	to go;guest	6735
1363	VOICE	voice	to cry;to speak;noise;to sing;tongue	6739
1278	VOMIT	vomit (V)	to spit;to vomit;to pour	6741
1080	VULGAR	vulgar	shape	6744
1185	VULTURE	vulture	bird	6745
1837	VULVA	vulva	genitals;behind;belly;hole	6746
1681	WAIST	waist	liver;belly;back;middle	6750
3174	WAKE UP (SOMEONE)	awaken (V)	to wake	7068
1602	WAKE UP	wake up (V)	to wake	6756
1443	WALK	walk (V)	to go;road;to follow;to run;to move	6758
933	WALL (OF HOUSE)	wall	house;obstacle;bridge	6763
2042	WALNUT	walnut	grain;nut;stone	6766
3666	WANDER	wander (V)	to follow;to go;to deceive	6767
1784	WANT	wish	to want	6943
935	WAR	war	war;to meet	6771
2957	WARE	ware	expensive;house;to carry;debt	6773
1232	WARM	warm	hot;warm;to burn;fire;soft	6774
2665	WART	wart	wart	6783
1453	WASH	wash (V)	to press;to wash;to throw;clean;wet;to pour;to flow	6784
1517	WASP	wasp	insect	6787
1650	WATCH	watch (V)	to guard;to see	6789
948	WATER	water	pool;river;to flow;water;wet;liquid	6792
949	WATER LEECH	water leech	worm	6793
943	WATERFALL	waterfall	to flow;urine	6799
3545	WATERY	watery	thin;to flow	6803
978	WAVE	wave	water;to flow;shallow;river;pool	6806
3544	WAVE (VERB)	wave (V)	to roll;to shake;to fly	6807
1931	BEESWAX	wax	wax	6809
3816	WAXING MOON	waxing moon	moon	6812
2457	PATH OR ROAD	way	shape;road;to go;body;to run;middle	6813
1212	WE	we	pronoun	6814
2996	WEALTH	wealth	big;cattle;cow;many;debt;strong	6819
951	WEAPONS	weapon	sharp;to pierce;knife;stick;net;war	6821
976	WEAR	wear (V)	clothes;to carry;sheath;cloth;to bind	6822
3384	WEASEL	weasel	marten	6826
952	WEATHER	weather	to love;sky;time;wind;sun	6827
133	WEAVE	weave (V)	cloth;to bind;to weave;to twist;net	6828
1259	WEDDING	wedding	to play;relative	6830
3288	WEED	weed	grass;grain	6832
3548	PULL UP WEEDS	weed (V)	grass;to pull;to tear	6833
1098	WEIGH	weigh (V)	to count;to measure;to hang;to put	6838
2466	WEIGHT	weight	heavy;measure;to count;to measure	6839
1817	WEST	west	side;to sink;below;straight;left	6848
1726	WET	wet	wet;water;to flow;to weep;liquid	6849
957	WHALE	whale	fish	6852
1236	WHAT	what	pronoun	6853
1077	WHEAT	wheat	grain	6855
710	WHEEL	wheel	to roll;vehicle;circle;stone	6857
1238	WHEN	when	time	6859
1237	WHERE	where	pronoun	6860
295	WHETSTONE	whetstone	to scrape;to rub;sharp;to cut;knife	6863
727	WHICH	which	pronoun	6865
2630	WHIP	whip	stick;hammer	6867
1982	WHIRLPOOL	whirlpool	to roll;pool	6870
3740	WHIRLWIND	whirlwind	wind;rain	6871
55	WHISPER	whisper	noise	6874
1025	WHISTLE	whistle (V)	noise;to blow	6878
1335	WHITE	white	blue;white;clean;to shine	6880
1235	WHO	who	pronoun	6887
1270	WHY	why	pronoun	6893
1243	WIDE	wide	big;wide;to follow;flat;full;heavy;earth	6900
1756	WIDOW	widow	barren;to fear	6905
1199	WIFE	wives	two;relative;woman	6960
2230	UNTAMED OR WILD	wild	cow;goat;wolf;to destroy;to pass;to curse;silly;deer;anger	6909
2241	WILD CAT	wild cat	wolf	6911
818	WILLOW	willow	grass;tree	6918
866	WIN	win (V)	to win;hunt;debt;to meet;to take	6921
960	WIND	wind	noise;to blow;wind;rain;smoke;to smell;cold;snow;quick	6922
1375	WINDOW	window	door;vessel;hole	6929
1524	WINE	wine	beer;fruit;sour	6931
1257	WING	wing	to fly;hand;wing;feather;to bend	6933
2462	WINNOWING	winnow (V)	to filter;to throw;to shake	6935
1471	WINTER	winter	time;cold	6937
1454	WIPE	wipe off (V)	to rub	6939
2631	WIRE	wire	rope	6940
698	WISE	wise	to know;to guard;to see	6942
824	WITCH	witch	devil;god	6945
1340	WITH	with	to follow	6948
1478	WITHOUT	without	little;one	6956
1144	WITNESS	witness	to know;name	6958
522	WOLF	wolf	dog;wolf	6964
962	WOMAN	woman	mother;woman;relative;to play	6965
804	WOMB	womb	genitals;hole;belly	6966
2447	WOODPECKER	woodpecker	bird	6973
964	WOOL	wool	hair;deer	6975
1599	WORD	word	to cry;to speak;devil;name;sign;thing	6977
2977	WORKER	worker	person	6980
965	WORLD	world	earth;to be;house	6981
1219	WORM	worm	insect;snake;worm	6982
150	WORRY	worry	to think;grief	6986
257	WORSHIP	worship (V)	devil;sacrifice;to help	6989
1109	WOUND	wound	sick;wound;to scrape;bad;to cut	6993
1113	WRAP	wrap up (V)	to cover;to twist;together;to bind	6999
3224	WRING	wring (V)	to filter;to press	7003
2294	WRINKLE	wrinkle	skin	7004
380	WRINKLED	wrinkled	to wither	7006
799	WRIST	wrist	joint;hand	7007
1672	WRITE	write (V)	to write;to scrape;sign	7008
1390	WRONG	wrong	grief;to deceive;bad	7011
2477	YAK	yak	cow;goat	7012
410	YAM	yam	vegetable;grass	7013
736	YARD	yard	obstacle;circle;place;flat;edge;fence;door;house	7014
1226	YEAR	year	time;year;moon;sun	7019
1424	YELLOW	yellow	metal;yellow;white;red;vegetable	7023
1268	YES	yes	true	7025
1174	YESTERDAY	yesterday	time;new;night	7026
2577	YET	yet	to wait	7027
14	YOKE	yoke	saddle;handle	7031
1213	YOU	you	pronoun	7032
1207	YOUNG	young	child;relative;soft;new;little;grain;to bear	7033
1760	YOUNGER BROTHER	younger brother	relative	7035
427	YOUNGER SIBLING	younger sibling	relative	7038
1761	YOUNGER SISTER	younger sister	relative	7039
2421	YOUNGER SISTER (OF WOMAN)	younger sister of a female	relative	7040
732	YOUR (SINGULAR)	your	pronoun	7045
1717	FIFTY	fifty	five	7049
1459	IF	if	conjunction	7050
1108	UNCOVER	uncover (V)	to open;flower;to swell;mouth;to divide;hole	7052
189	HAIR (BODY)	hair (body)	hair;skin;head;fringe;thorn;to pinch	7056
2648	HAIR (HEAD)	hair (head)	hair;skin;head;fringe;thorn;to pinch	7057
1191	COOKED RICE	rice (cooked)	grain;to eat;to boil	7058
429	SWIDDEN FIELD	swidden	earth;field;meadow;valley;side;to grow;flat	7061
1334	GUTS	gut	belly;body;meat;middle;below;kidney;hole;spleen;sinew	7063
136	HERE	here	pronoun	7070
513	THIS YEAR	this year	time	7071
2037	FEBRUARY	second month	time	7074
1180	DAY BEFORE YESTERDAY	day before yesterday	time	7075
725	OLD PERSON	old person	person	7078
331	HEADDRESS	headdress	clothes;hat	7079
2160	BAMBOO HAT	bamboo hat	grass;hat;to cover;clothes	7081
2047	STRAW SANDAL	straw sandal	straw;grass;clothes;shoe;foot	7086
2161	HEMP CLOTH	hemp cloth	grass;vegetable;cloth	7088
1322	BREAKFAST	breakfast	to eat	7090
768	LUNCH	lunch	to eat	7091
2555	OIL (FROM PLANTS)	vegetable oil	fat	7093
862	SUGAR	brown sugar	sweet	7095
