CONCEPTICON_ID	CONCEPTICON_GLOSS	SPANISH	SPANISH_VALENCE_MEAN	SPANISH_AROUSAL_MEAN	LINE_IN_SOURCE
10	FIREWOOD	leña	5.65	4.45	8003
100	FAITHFUL	fiel	8.15	3.45	5912
1001	BLACKSMITH	herrero	4.75	5	6724
1002	STATUE	estatua	5.25	4.48	5429
1003	PERMIT	permitir	6.3	5	10119
1004	MUSCLE	músculo	5.7	5.35	9073
1005	TWINS	gemelos	5.8	5.4	6345
1006	BRICK	ladrillo	4.55	5.1	7887
1007	COW	vaca	5.9	4.08	13534
1008	BULL	toro	4.3	6	13180
1010	BOUNDARY	límite	4.3	6	8099
1011	BRIDGE	puente	6.25	5.4	10974
1012	LATCH	cerrojo	4.85	5.25	2504
1016	DRIZZLE	llovizna	5.75	4.3	8173
1019	RIGHT	derecha	4.55	5.15	4001
102	COMMON COLD (DISEASE)	catarro	3.3	6.15	2368
1021	TOWEL	toalla	5.8	4.4	13117
1022	BOOTY	botín	5.3	6.25	1841
1025	WHISTLE	silbar	5.55	4.8	12311
1029	JEWEL	joya	6.45	4.95	7797
1030	NECESSARY	necesario	5.65	5.4	9166
1033	GRIND	moler	4.8	5.4	8874
1035	GOOD	bueno	7.6	3.7	1907
1036	OWNER	dueño	4.65	5.8	4677
1038	TEACHER	profesor	5.75	5.3	10792
1039	SHOW	mostrar	6.25	5.55	8978
1042	CARPENTER	carpintero	5.25	5.25	2293
1044	PILLOW	almohada	7.58	1.8	605
1045	POET	poeta	7.25	4.2	10406
1046	SHUT	cerrar	3.45	4.5	2500
1047	PURSUE	perseguir	3.8	6.65	10136
1048	LINE	línea	5.2	4.35	8115
1051	CAN	lata	5.15	5.05	7934
1059	STEPSON	hijastro	4.8	4.55	6760
1061	ARMOUR	armadura	4.7	5.5	1066
1062	LAW	ley	4.65	5.5	8036
1063	NEPHEW	sobrino	6.85	4.7	12431
1064	SHIELD	escudo	5.53	5.4	5269
1067	JUDGMENT	juicio	3.1	6.75	7821
1068	COURT	tribunal	3.55	5.55	13347
1069	GLUE	pegar	2.35	7.05	9976
1070	BUS	autobús	4.68	5.4	1370
1071	HOOK	gancho	4.55	5.55	6297
1074	FISHHOOK	anzuelo	4.25	5.4	885
1075	TRAP (PITFALL)	trampa	2.55	7.1	13252
1077	WHEAT	trigo	5.5	4	13358
1079	FEEL	sentir	7.95	5.45	12211
108	RUDDER	timón	6	5.1	13082
1082	MERCHANT	comerciante	5.45	4.7	2918
1084	CALL	llamar	5.7	5.3	8154
1085	FOLLOW	seguir	6.15	4.7	12132
1087	CONCEIVE	concebir	7.45	5.3	3043
1088	SINK (DESCEND)	hundir	2.6	6.8	6926
1090	BE BORN	nacer	7.95	5.65	9097
1092	HOPE	esperanza	7.73	4.7	5337
1095	LET GO OR SET FREE	lanzar	5.35	5.9	7918
1096	SONG	canción	7.75	5.05	2149
1098	WEIGH	pesar	4.1	5.9	10176
110	MOTOR	motor	4.95	5.88	8992
1100	COOK (SOMETHING)	cocinar	6.15	4.5	2769
1102	CLIMB	trepar	5.95	5.45	13340
1103	SACRIFICE	ofrenda	6.2	4.7	9469
1104	NURSE	enfermera	5.6	5.38	4981
1105	CAMP	campamento	6.85	5.7	2110
1107	GO OUT	salir	6.4	5.9	11992
1110	SHARK	tiburón	3.6	7.6	13060
1111	CAR	coche	6.2	5.9	2761
1119	DIVIDE	dividir	4.6	5	4569
1120	HONEST	honesto	8	3.45	6828
1121	SECRET	secreto	6.1	6.4	12100
1122	WAGES	salario	7.1	6.4	11984
1124	PIPE	pipa	5.15	4.9	10268
1125	BALD	calvo	3.8	4.75	2077
113	SHORE	litoral	6.3	4.7	8144
1134	DIVORCE	divorcio	2.55	7.2	4577
1136	RABBIT	conejo	6.28	4.43	3118
1137	TENDON	tendón	4.6	5.6	12960
1142	URINE	orina	3.83	5.28	9610
1143	OVEN	horno	5.55	5	6859
1144	WITNESS	testigo	4.7	5.4	13042
1145	SWAMP	pantano	4.85	5.35	9756
1150	THUNDER	trueno	4.4	7.4	13407
1151	VEIL	velo	5	4.7	13653
1152	BEGET	engendrar	6.3	6.6	5003
1153	CATTLE	ganado	6.8	5.25	6288
1155	CAVE	cueva	5.2	4.95	3723
1156	OPEN	abrir	6.25	5.55	67
1158	STEP	paso	5.6	4.95	9889
1160	THIEF	ladrón	2.85	7.23	7888
1161	THREAD	hilo	5.75	4	6767
1162	INTENTION	intención	6.3	5.55	7545
1169	OX	buey	5.95	5.1	1908
117	IMITATE	imitar	5.1	5.9	7005
1171	MIRROR	espejo	6.7	5.4	5334
1174	YESTERDAY	ayer	5.2	4.55	1449
1175	GHOST	fantasma	3.75	6.9	5802
1180	DAY BEFORE YESTERDAY	anteayer	5	4.5	836
1181	PALM TREE	palmera	6.05	3.65	9724
1182	NOISE	ruido	3.3	7.05	11918
1183	PALM OF HAND	palma	5.4	4.95	9723
1185	VULTURE	buitre	4.1	5.75	1914
1186	LAST (ENDURE)	durar	6.25	5.15	4697
1187	GOOSE	ganso	5.45	4.4	6300
1188	CHARCOAL	carbón	4.7	5.35	2244
1192	THREATEN	amenazar	2.35	7.65	693
1198	MANY	mucho	6.4	5.35	9011
1199	WIFE	esposa	5.95	5.4	5365
12	MIDDAY	mediodía	6.2	4.95	8602
1200	HUSBAND	esposo	5.65	5	5366
1201	FEATHER	pluma	6.55	3.75	10367
1202	BIG	grande	5.85	5.6	6507
1203	LONG	largo	5.25	5.05	7925
1204	BARK	corteza	5.15	3.7	3511
1205	TONGUE	lengua	5.7	5.45	8004
1206	BARKING	ladrar	4.95	5.9	7885
1207	YOUNG	joven	7.98	5.3	7794
1208	CAT	gato	7.75	4.45	6335
121	SPIN	hilar	5.4	4.05	6765
1210	HEAVY	pesado	3.45	5.55	10173
1216	MOTHER	madre	8.4	4.3	8268
1217	FATHER	padre	7.4	4.2	9686
1218	ROPE	cuerda	5.2	5	3711
1219	WORM	gusano	3.9	5.83	6606
122	CART	vagón	5.6	5.45	13556
1220	TAIL	cola	4.5	5.5	2813
1221	NOSE	nariz	5.8	4.55	9126
1222	PENIS	pene	6.45	7.28	10016
1223	HEART	corazón	7	5.93	3441
1224	LIVER	hígado	4.65	5.95	6754
1225	DAY (NOT NIGHT)	día	6.65	4.9	4338
1226	YEAR	año	5.75	4.95	815
1227	BOARD	tabla	4.95	4.25	12797
1228	EARTH (SOIL)	suelo	5	4.15	12649
1229	OLD	antiguo	6	4.4	862
123	FOREHEAD	frente	5.05	4.7	6156
1230	DIRTY	sucio	2.38	6.15	12634
1231	NEW	nuevo	7.65	5.9	9325
1233	NIGHT	noche	5.4	4.55	9250
1234	SMOOTH	liso	5.55	4.05	8132
1235	WHO	quien	5.05	5.4	11062
1236	WHAT	que	5	4.75	11040
1237	WHERE	donde	5.05	5.15	4637
1238	WHEN	cuándo	5.6	5.3	3664
1239	HOW	cómo	5.05	5.2	2940
1242	FEW	poco	3.65	4.35	10391
1243	WIDE	ancho	4.9	4.85	754
1244	THICK	grueso	4.8	5.3	6558
1245	BUTTER	mantequilla	5.7	4.65	8411
1246	SMALL	chico	6.35	6	2562
1248	EYE	ojo	6.3	4.3	9481
1250	JAGUAR	tigre	5.4	7.5	13069
1251	BELLY	vientre	6.15	4.8	13807
1252	HOUSE	casa	7.55	3.3	2320
1254	HANDLE	asa	5.1	4.65	1153
1255	SNOWING	nevar	7.15	4.65	9215
1256	HEAD	cabeza	5.95	5.05	1973
1257	WING	ala	5.7	4.9	457
1261	SING	cantar	6.95	5.6	2180
1262	BROTHER	hermano	8.18	4.4	6709
1263	SISTER	hermana	7.5	4.55	6704
1264	CHANGE	cambiar	6.3	5.9	2093
1266	BRIDE	novia	7.55	5.75	9305
1267	NARROW	estrecho	4.4	5.1	5485
127	EXTINGUISH	apagar	4.3	4.1	888
1271	DELIGHT	complacer	6.5	5.1	2984
1272	AUNT	tía	6.6	4.75	13056
1273	CANDLE	vela	6.05	3.75	13648
1274	SALT	sal	5.2	4.8	11980
1275	ANSWER	contestar	6.15	5.85	3327
1276	AUTUMN	otoño	6.48	4.2	9646
1277	HAND	mano	5.88	4.7	8397
1278	VOMIT	vomitar	2	7	13944
1280	FALL	caer	3.7	6.1	2005
1281	PRISON	cárcel	2.33	6.95	2250
1282	FAT (FROM ANIMALS)	manteca	4.8	4.95	8406
1283	TODAY	hoy	5.8	5.05	6883
1285	IMPORTANT	importante	7.15	7.25	7059
1286	HOT	caliente	6.65	5.2	2050
1287	COLD	fría	4.2	5.6	6163
1288	CAP	gorro	5.75	4.35	6468
1289	BABY	bebé	7.95	4.8	1647
129	CHOKE	ahogarse	2.08	7.53	437
1290	ELEPHANT	elefante	6.1	5.85	4791
1291	BACK	espalda	5.75	4.1	5303
1294	ZERO	cero	4.1	4.55	2495
1295	STICK	palo	5.15	5.2	9726
1297	LEG	pierna	5.85	4.45	10233
1298	NEWSPAPER	periódico	5.85	4.65	10100
1299	COFFEE	café	6.45	6.75	2008
13	DECEIT	engaño	2.23	7.73	5001
1300	COUNTRY	país	6.15	5.2	9696
1301	FOOT	pie	5.2	4.2	10225
1302	FORK	tenedor	5	4.35	12964
1303	FINGER	dedo	5.38	5	3865
1305	CHIMNEY	chimenea	7.15	3.65	2569
1306	QUEEN	reina	6.25	5.48	11448
1307	LANGUAGE	idioma	5.45	5.05	6957
1308	DOUBT	dudar	3.5	6	4672
1309	ASK (INQUIRE)	pedir	4	6	9970
131	FESTIVAL	partido	5.75	6.1	9863
1312	FOX	zorro	5.45	5.75	14025
1313	MOON	luna	7.65	2.95	8242
1316	TENT	toldo	5.2	4.45	13131
1318	CHICKEN	pollo	5.6	4.3	10435
132	SAUCE	salsa	6.6	5.65	12004
1320	APPLE	manzana	6.15	4.2	8420
1321	BOTTLE	botella	5.55	5.05	1838
1322	BREAKFAST	desayuno	7.4	3.7	4066
1323	CLOCK	reloj	5.2	4.63	11493
1324	SLIP	resbalar	3.7	5.95	11624
1325	FRIEND	amigo	8.1	4.53	702
1326	DOWN	abajo	4.85	3.85	5
1327	UNCLE	tío	6.95	5.6	13092
1329	TOMORROW	mañana	6.2	5.15	8359
133	WEAVE	tejer	6.15	4.75	12902
1330	DEFEND	defender	7.25	6.3	3871
1331	SHEEP	oveja	6	3.95	9656
1332	NEIGHBOUR	vecino	5.4	5.5	13629
1333	NECK	cuello	5.65	5.45	3706
1335	WHITE	blanco	6.23	3.58	1749
1336	EAT	comer	7.43	4.73	2914
1338	PEACE	paz	8.45	2.28	9950
134	FAULT	culpa	2.55	6.95	3735
1341	HEAT UP	calentar	6.55	5.25	2046
1342	SUMMER	verano	8.1	5.5	13710
1343	SUN	sol	7.4	3.85	12460
1346	THROAT	garganta	5.05	4.75	6309
1347	NAPE (OF NECK)	nuca	5.3	4.4	9320
1348	BOAR (MALE PIG)	jabalí	6	6.21	7753
1350	MONKEY	mono	6.4	5.15	8902
1352	KNIFE	cuchillo	2.8	6.9	3702
1353	HOUR	hora	5.3	4.6	6839
1355	LAUGH	reír	8.45	5.6	11456
1356	NUMBER	número	5.35	5.1	9332
1357	DAUGHTER	hija	7.1	5.65	6759
1358	ENEMY	enemigo	2.45	7.45	4965
1359	SEPARATE	separar	3.5	5.55	12218
136	HERE	aquí	5.9	4.3	1004
1360	DUCK	pato	6.1	4.2	9917
1361	TOOL	herramienta	5.1	4.88	6722
1362	STREET	calle	6.08	5.05	2065
1363	VOICE	voz	6.9	5.65	13952
1365	KITCHEN	cocina	6.28	4.88	2768
1366	BOY	muchacho	6.5	4.6	9008
1367	CROSS	cruz	4.4	5.45	3646
1368	BREAD	pan	6	3.75	9734
1369	GOLD	oro	6.65	5.75	9616
1370	MONTH	mes	5.25	4.75	8690
1371	KNEE	rodilla	4.9	4.4	11842
1373	TEA	té	6.1	3.45	12883
1374	RING	anillo	6.2	6	798
1375	WINDOW	ventana	6.18	3.78	13691
1376	NOW	ahora	6.7	4.7	440
1378	SPOON	cuchara	5.85	4.2	3696
1379	TELEPHONE	teléfono	6.05	5.35	12915
1380	TOOTH	dientes	5.65	5.45	4378
1381	SHOE	zapato	6.1	4.35	14008
1382	NEEDLE (FOR SEWING)	aguja	3.95	6.45	431
1383	GRANDFATHER	abuelo	8.5	4.4	90
1384	SECOND	segundo	5.25	4.85	12137
1385	PEPPER	pimienta	5.25	5.75	10245
1386	LION	león	6.25	7.3	8014
1387	ARRIVE	llegar	6	5.1	8163
1388	SHADE	sombra	4.9	5.43	12498
1390	WRONG	incorrecto	2.55	6.3	7191
1391	TOWN	ciudad	5.55	5.8	2682
1392	LOUSE	piojo	2.93	6.7	10264
1393	HORN (ANATOMY)	cuerno	4.55	6.15	3712
1394	BONE	hueso	5.3	4.95	6893
1398	DRY	seco	4.2	4.1	12092
14	YOKE	yugo	3.65	5.73	13993
1400	THIN (SLIM)	delgado	6.55	4.6	3911
1401	DRINK	beber	5.85	5.75	1648
1402	BREAST	seno	5.95	5.1	12183
1403	BITE	morder	4.15	6.8	8948
1404	STRAIGHT	recto	4.6	4.35	11330
1405	NAME	nombre	5.65	4.53	9260
1406	FAR	lejos	3.7	5.7	8001
1407	BREATHE	respirar	7.8	3.7	11673
1408	HEAR	oír	6.7	4.8	9475
1409	SEE	ver	6.75	5.45	13705
141	BURN (SOMETHING)	quemar	3.65	6.3	11054
1410	KNOW (SOMETHING)	saber	7.4	4.25	11942
1412	RUDE	grosero	2.25	6.4	6554
1413	PLAY	jugar	7.8	6.15	7818
1414	SQUEEZE	exprimir	5.25	5.55	5698
1416	SIT	sentar	5.45	3.55	12204
1417	KILL	matar	1.35	7.95	8515
1418	DIG	cavar	4.15	5.55	2402
1419	FEAR (BE AFRAID)	temer	2.55	7.2	12933
1420	COUNT	contar	6	4.45	3313
1421	SUCK	chupar	5.85	6.8	2598
1422	BE ALIVE	vivir	8.55	6.2	13910
1424	YELLOW	amarillo	6.1	4.73	673
1425	GREEN	verde	7.15	4.08	13716
1426	EXPENSIVE	costoso	3.05	6.6	3537
1427	BEAUTIFUL	hermoso	7.55	4.58	6713
1428	BURNING	arder	2.85	7.5	1035
1429	FULL	lleno	5.25	5.4	8166
1430	STAR	estrella	7.35	4.35	5486
1432	CUT	cortar	3.3	5.75	3504
1435	HUNT	cazar	3.3	7.1	2409
1436	SCRATCH	rascar	5.74	5.3	11156
1439	SWIM	nadar	7.55	4.7	9109
144	MACHINE	máquina	5.5	5.15	8427
1440	SPIT	escupir	2.95	6.75	5275
1441	FLY (MOVE THROUGH AIR)	volar	7.05	5.05	13924
1442	STAND	estar	6.5	4.9	5424
1443	WALK	caminar	7	4.5	2099
1446	COME	venir	6.45	4.5	13687
1447	GIVE	dar	6.65	4.9	3793
1448	HOLD	sostener	5.8	4.95	12547
1451	SMILE	sonreír	8.15	4.05	12515
1452	PUSH	empujar	4.2	6.1	4894
1453	WASH	lavar	5.85	4.05	7955
1455	PULL	tirar	4.1	5.2	13104
1456	THROW	echar	4.35	6.25	4705
1457	SEW	coser	5.5	4	3522
1458	SAY	decir	6.05	5.1	3839
146	SUGAR CANE	caña	6.15	4.9	2128
1463	DRUNK	borracho	3.1	6.45	1821
1464	LADDER	escalera	5.1	5.2	5184
1465	BOX	caja	5.95	4.25	2016
1467	CIRCLE	círculo	5.33	4.53	2661
1468	LOOK FOR	buscar	5.2	5.8	1947
1469	WEEK	semana	5.3	5.25	12152
1470	FOLD	doblar	5.3	5.3	4581
1471	WINTER	invierno	5.75	4.3	7677
1472	KEY	llave	5.78	4.43	8161
1474	SEA	mar	8.05	2.9	8432
1475	COMB	peine	6.2	4.25	9978
1476	CHAIR	silla	5.45	3.4	12319
1477	KEEP	mantener	5.55	4.95	8408
1479	DOLPHIN	delfín	7.8	4.35	3910
1480	BODY	cuerpo	5.68	5.83	3714
1481	HAMMER	martillo	4.58	5.73	8484
1482	SHOULDER	hombro	5.45	4.3	6812
1484	OIL (ORGANIC SUBSTANCE)	aceite	5.6	4.7	129
1485	BELOW OR UNDER	debajo	4.95	4.75	3802
1487	POUR	verter	4.16	5.2	13744
1489	CLOUD	nube	6.9	3.55	9314
1490	RAT	rata	3.43	6.75	11165
1491	MOUSE	ratón	5.1	6.9	11171
1492	DUMB	tonto	3.18	5.93	13151
1493	ONE	uno	4.7	3.95	13491
1494	DIE	morir	1.7	7.35	8958
1495	HAPPY	feliz	8.3	5.73	5858
1496	GRANDMOTHER	abuela	8.05	4.5	89
1498	TWO	dos	6.05	4.2	4650
1499	JUICE	jugo	5.68	4.75	7819
15	OTTER	nutria	5.8	4.37	9338
1500	FOUR	cuatro	5.3	4.15	3683
1501	BORE	perforar	3.95	6.3	10089
1502	GOAT	cabra	5.9	4.7	1981
1503	SALIVA	saliva	5.25	5.25	11995
1504	FLY (INSECT)	mosca	3.65	5.75	8969
1506	MEASURE	medir	5.7	4.75	8603
1507	FRUIT	fruto	6.1	3.7	6186
1509	MOSQUITO	mosquito	3.23	5.68	8974
1510	CHIN	mentón	5.2	4.95	8663
1511	ROOSTER	gallo	5.3	5.1	6278
1514	HEN	gallina	5.6	5	6276
1517	WASP	avispa	3.53	7.25	1444
1518	STUPID	estúpido	2.9	6.5	5522
1519	RUN	correr	5.8	6.35	3486
1521	SEEM	parecer	5.15	5.5	9816
1522	SOCK	calcetín	5.6	3.8	2033
1523	FORGET	olvidar	3.65	5.35	9497
1524	WINE	vino	6.28	5.38	13837
1525	COAST	costa	7.3	3.93	3526
1528	FORGIVE	perdonar	7.9	4.7	10069
1529	LAST (FINAL)	último	3.7	5.25	13455
1530	BOWL	cuenco	5.05	4.35	3708
1531	BRANCH	rama	5.25	4.4	11125
1533	BE HUNGRY	hambriento	3.13	7.05	6643
1534	FEVER	fiebre	2.6	6.15	5911
1535	SWORD	espada	5.1	5.8	5301
1536	UNDERSTAND	entender	6.35	4.4	5048
1537	SPRINGTIME	primavera	7.75	4.45	10708
1539	BASKET	cesta	5.63	4.15	2520
1543	SNAIL	caracol	6.1	3.3	2233
1547	SOUP	caldo	6.1	2.85	2040
1548	UGLY	feo	3.9	4.7	5867
1554	MAN	hombre	6.9	5.95	6809
1558	SIMILAR	similar	5.5	4.25	12336
1559	MONEY	dinero	6.75	6.35	4433
156	RED	rojo	6.25	6.28	11851
1560	FACE	cara	6.25	4.58	2230
1562	MIND	mente	6.73	5.2	8658
1564	LAZY	flojo	3.7	4.15	6008
1566	GUN	pistola	2.55	7.33	10290
1567	DOOR	puerta	5.05	4.75	10978
1569	CHEESE	queso	6.6	4.8	11059
1571	SELL	vender	5.75	5.8	13671
1574	FLOAT	flotar	7.55	4.35	6027
1575	COCKROACH	cucaracha	2.72	6.95	3695
1576	PILE UP	amontonar	3.47	5.65	713
1578	IGUANA	iguana	4.65	5.15	6975
1583	BRAIN	cerebro	5.5	5.85	2489
1584	BLISTER	ampolla	3.25	6.18	724
1585	SLEEP	dormir	7.9	1.6	4644
1586	SMELL (PERCEIVE)	oler	6.15	4.45	9487
1589	HUMMINGBIRD	picaflor	4.55	6.71	10214
1590	WAIT (FOR)	esperar	3.75	5.15	5339
1591	UP	arriba	5.85	5.3	1113
1592	CHEST	pecho	5.5	5.8	9959
1594	FLOUR	harina	5.6	4.2	6652
1595	SOUTH	sur	6.95	5.55	12741
1596	LOCK	candado	4.55	4.7	2151
1597	AIRPLANE	avión	6.53	6.4	1440
1598	NORTH	norte	6.35	4.5	9279
1599	WORD	palabra	5.8	4.55	9705
1600	SKIRT	falda	6.05	5.15	5777
1601	WEAK	débil	2.53	4.9	3807
1602	WAKE UP	despertar	5.75	5.05	4241
1604	TEMPLES	sien	4.85	4.45	12289
1607	HATE	odiar	2.08	7.95	9442
1608	LISTEN	escuchar	7.05	3.95	5265
1609	IDEA	idea	7	5.45	6941
161	MISS (A TARGET)	perder	2.3	6.35	10061
1610	PROSTITUTE	prostituta	3.15	6.75	10893
1612	LETTER	carta	6.75	4.7	2310
1613	COLOR	color	6.88	4.63	2873
1616	CLOTH	paño	5.15	4.15	9750
1618	GRANDSON	nieto	6.65	4.95	9224
1619	GRANDDAUGHTER	nieta	6.7	4.45	9223
1620	SON	hijo	7.6	5.5	6763
1622	SHIRT	camisa	5.9	4.4	2105
1623	SPEAK	hablar	6.7	5.6	6625
1624	EMPTY	vacío	3.11	4.9	13545
1626	EXPLAIN	explicar	5.4	5.3	5670
1627	CHAIN	cadena	5	5.65	1998
1628	SQUIRREL	ardilla	6.6	3.85	1037
163	BLACK	negro	5.23	5.28	9188
1630	MACAW	guacamayo	5.65	4.42	6565
1631	FAST	ágil	7.4	4.85	376
1633	FLAT	plano	5.05	4.25	10318
1635	OBEY	obedecer	4.22	5.58	9348
1638	TRUTH	verdad	7.6	4.05	13714
1639	BEER	cerveza	7	6	2512
164	KANGAROO	canguro	6.75	5.8	2161
1641	SILK	seda	7.2	3.75	12115
1642	NIECE	sobrina	6.75	4.65	12430
1643	COUSIN	prima	6.6	4.05	10704
1645	SHORT	corto	4.5	5.25	3514
1646	GIRL	muchacha	6.55	4.95	9007
1648	ANVIL	yunque	4.89	5.65	13995
1650	WATCH	mirar	7.3	4.95	8804
1651	TEAR (OF EYE)	lágrima	3.05	5.9	7892
1653	BLIND	ciego	3.4	6	2612
1654	LIGHTNING	rayo	3.9	7.05	11174
1657	TRUE	real	6.6	5.1	11192
166	MAINLAND	continente	5.5	4.05	3334
1662	CAPE	punta	5.2	5.35	11012
1663	BED	cama	7.98	2.88	2085
1664	RAFT	balsa	5.2	4.55	1525
1667	HOLE	agujero	4.4	5.75	432
1668	GRIEF	dolor	2.15	8.25	4609
1671	TOWER	torre	5.6	5.08	13184
1672	WRITE	escribir	5.65	4.65	5251
1673	ARM	brazo	5.15	4.08	1860
1674	POOR	pobre	2.1	5.8	10386
1675	PROMISE	prometer	5.9	5.3	10830
1676	ALWAYS	siempre	6.85	5.1	12288
1678	HUT	choza	3.1	4.55	2595
168	REST	descansar	7.15	2.05	4078
1680	HELMET	casco	5.6	4.4	2327
1681	WAIST	cintura	6.6	5.15	2651
1682	GUILTY	culpable	2.85	7.25	3737
1683	BUSH	arbusto	5.9	4.25	1024
1685	AFTER	después	4.5	5	4265
1689	SMOKE (INHALE)	fumar	2.55	5.1	6208
1691	FLEXIBLE	flexible	7.03	4.65	6006
1699	SUNDAY	domingo	6.5	3.75	4622
17	EYELID	párpado	4.95	4.65	9841
1700	SATURDAY	sábado	7.65	4.85	11938
1702	HOLY	sagrado	4.9	5	11977
1712	OATH	juramento	5.05	5.75	7833
1720	SIGN	firmar	5.6	5.25	5972
1728	ROTTEN	podrido	2.4	5.6	10402
1730	CHEEK	mejilla	6.3	4.5	8611
1732	SKY	cielo	7.68	2.95	2613
174	PROUD	orgulloso	5.55	6.85	9598
1740	PINE	pino	5.9	3.9	10255
1743	JOIN	juntar	6.85	4.65	7829
1744	SPLEEN	bazo	4.75	5.1	1643
1745	HIP	cadera	5.3	4.8	2000
1747	CUSTOM	costumbre	5.65	4.13	3539
1749	TAKE	tomar	5.6	5.1	13138
175	BLOW (OF WIND)	soplar	5.4	4.95	12521
1750	CHOOSE	escoger	5.7	5.65	5228
1753	TOP	cima	6.75	6.25	2635
1756	WIDOW	viuda	2.6	5.85	13899
1757	TIRED	cansado	3.03	3.35	2173
1763	CLUB	club	5.7	5.6	2740
1764	OBSCURE	obscuro	6.4	5.42	9381
1766	FINISH	terminar	6	5.55	13005
1768	FOAM	espuma	6.1	4.45	5367
1769	AXLE	eje	4.9	4.75	4761
1773	GRAVE	sepulcro	1.7	6.15	12226
1775	TABLE	mesa	5.15	4.68	8691
1776	SHAME	vergüenza	3.85	6.5	13725
178	RIPE	maduro	6.55	4.85	8282
1781	THUMB	pulgar	5.37	5.1	10991
1782	GUEST	huésped	5.7	4.7	6894
1786	DRY UP	secar	5.25	4.2	12089
1787	LOOM	telar	5.15	4.21	12907
1788	TELEVISION	televisión	5.8	4.9	12923
1789	AGE	edad	5.45	5.15	4726
1791	BUTTERFLY	mariposa	6.98	3.6	8470
1792	PERJURY	perjurio	3.47	6.45	10112
1793	BAT	murciélago	4.35	5.8	9066
1794	FURROW	surco	4.95	5.4	12743
1803	WOOD	madera	6.1	3.95	8265
1808	PUS	pus	2.63	6.8	11034
1810	DANGER	peligro	2.93	8	9989
1812	TRY	tratar	6.35	5.3	13311
1814	ACCUSE	acusar	2.55	7.25	233
1818	ADJUDICATE	juzgar	2.95	6.9	7854
1819	LOOK	indagar	5.6	6.05	7207
1820	BEAR	oso	6.65	5.85	9638
1821	BRUSH	cepillo	5.4	4.15	2476
1829	JUMP	saltar	5.65	6.35	12006
183	BAKE	hornear	6.45	4.15	6854
1833	DINNER (SUPPER)	cena	7.48	4.55	2444
1837	VULVA	vulva	5.95	5.9	13965
1838	NAVEL	ombligo	5.75	5.05	9499
1839	CRY	llorar	2.25	6.05	8168
184	MAST	mástil	5.25	4.7	8507
1840	BUILD	edificar	4.9	5.15	4731
1841	SUSPECT	sospechar	3.55	6.75	12544
1843	THOUSAND	mil	5.7	6	8751
1844	BOAT	bote	5.3	4.65	1837
1845	BALL	esfera	5.95	4.2	5281
1846	RULE	gobernar	4.2	6.25	6444
185	FIREPLACE	fogón	5.05	5.9	6043
1850	COTTON	algodón	6.05	3.05	557
1851	POCKET	bolsillo	5.35	4.6	1792
1853	DOVE	paloma	5.85	3.85	9727
1855	BIRCH	abedul	5.89	4.12	25
1856	SOFT	suave	7.4	2.7	12558
1857	CROCODILE	cocodrilo	4.5	6.85	2775
1858	FISHERMAN	pescador	5.65	3.8	10184
1863	AMAZING	increíble	7.4	6.8	7194
1867	COIN	moneda	5.95	5.1	8892
1869	BUY	comprar	6.05	5.75	3010
1870	ANCHOR	ancla	4.85	4.6	758
1871	CAMEL	camello	4.9	5	2097
1874	SAUSAGE	salchicha	5.45	4.55	11985
1879	DANCE	bailar	7.7	6.7	1492
1884	HARD	duro	4.65	6.1	4700
1888	PAIR	par	6.2	4.35	9778
1890	BELIEVE	creer	6.7	4.85	3578
1892	TOUCH	tocar	6.55	5.75	13122
1894	ASHAMED	avergonzado	2.58	6.95	1430
1895	CLOTHES	ropa	6.55	4.7	11877
1897	HELP	ayudar	8.2	4.05	1452
1899	MAD	loco	4.08	6.7	8184
1901	SHOVEL	pala	5	4.7	9704
1902	BETRAY	traicionar	2	7.18	13238
1903	SWELLING	hinchazón	3.15	6.1	6773
1904	DROWN	ahogar	2.65	7.45	436
1905	EAGLE	águila	5.75	5.8	429
1906	SOUR	ácido	4.25	6.15	154
1909	SHAKE	sacudir	4.25	5.8	11973
191	NUT	nuez	5.75	4.8	9326
1913	PRESS	presionar	3.5	6.25	10671
1914	DEBT	deuda	2.95	6.98	4327
1915	FIR	abeto	6.45	3.8	31
1917	TIE	empatar	4.65	5.05	4864
192	CORNER	esquina	5.08	4.48	5374
1920	DREAM (SOMETHING)	soñar	8.1	3.05	12507
1921	PLOUGH	arar	4.45	4.44	1013
1922	LAND (DESCEND)	desembarcar	5.95	5.6	4131
1923	ROUGH	áspero	3.83	5.9	1228
1924	VEIN	vena	4.45	5.65	13656
1925	ARTERY	arteria	4.84	5.63	1132
1927	BAMBOO	bambú	5.7	4	1528
1929	STUDY	estudiar	5.35	5.25	5514
1931	BEESWAX	cera	5	5.25	2477
1934	BEGGAR	mendigo	2.33	6	8640
1936	DEER	venado	5.39	5.22	13657
1937	THERE	allí	5.65	4.65	591
1938	FORTRESS	castillo	6.55	4.75	2349
1939	SWEAR	jurar	4.8	5.1	7834
194	FAMILY	familia	7.88	4.25	5793
1941	SOLDIER	soldado	3.5	6.65	12467
1942	NEAR	cerca	6.25	4.3	2479
1943	CROWN (OF HEAD)	corona	5.5	5.85	3466
1945	IDOL	ídolo	6.53	6.1	6961
1948	SAW	serrar	4.21	5.75	12248
1950	BEECH	haya	5.2	4.2	6656
1959	RAW	crudo	3.5	5.3	3640
1961	NECKLACE	collar	6.8	5.05	2852
1966	BUNCH	manojo	4.84	4.75	8398
1967	CALENDAR	calendario	5.55	4.55	2043
197	OTHER	otro	4.75	5.25	9649
1970	CANOE	canoa	5.55	4.6	2166
1971	FAN (OBJECT)	abanico	6.15	3.65	11
1972	YOUNG GOAT (KID)	cabrito	5.75	5.55	1983
1973	DEMON	demonio	2.83	7.2	3950
1974	CENTIPEDE	ciempiés	4.08	6.1	2614
1977	DEW	rocío	6.35	4.2	11831
1981	WIDOWER	viudo	2.95	5.8	13901
1982	WHIRLPOOL	remolino	4.7	6.1	11510
1986	DISEASE	enfermedad	1.75	7.58	4980
1989	CALF	becerro	5.7	5.05	1650
199	FAMINE	hambre	2.3	6.65	6642
1992	MORE	más	6.6	5.9	8492
1994	COLLARBONE	clavícula	5	5.35	2722
1998	COMMAND	mandar	4.4	7.15	8369
1999	OVERCOME	superar	7.05	5.5	12697
2	DUST	polvo	4.3	6.65	10438
2001	PAINTING	dibujar	7.35	4.75	4362
2002	DITCH	zanja	4.3	5.16	14003
2003	FLOW	fluir	6.5	4.1	6033
2005	MASK	máscara	5.15	5.9	8497
2008	RESCUE	rescatar	7.25	5.75	11625
2009	DOG	perro	7.33	4.6	10132
2014	GO DOWN (DESCEND)	bajar	4.35	5.05	1498
2017	MIX	mezclar	5.4	5.3	8727
2019	HAMMOCK	hamaca	7.05	2.4	6641
202	STRENGTH	fuerza	7.15	6.6	6197
2020	PLAINTIFF	demandante	4.05	6	3932
2022	ADMIT	admitir	6.2	5.1	278
2023	CROWD	multitud	4.45	6.2	9051
2024	PLOT	conspiración	3.1	7.15	3256
2030	DRAG	arrastrar	3.65	5.9	1097
2058	STOOL	taburete	5.49	4.03	12801
206	FIREFLY	luciérnaga	5.95	5.25	8223
2060	STORY	cuento	7.3	3.8	3710
2076	SPROUT (VERB)	brotar	6.67	5.1	1887
208	NASAL MUCUS (SNOT)	moco	3.5	5.8	8839
2099	CHILD	niño	7.58	5	9236
210	LIFE	vida	8.25	6.6	13796
2106	MALE PERSON	varón	6.15	5.85	13611
2108	RAINING OR RAIN	llover	5.4	4.3	8172
211	CAST	fundir	5.7	5.15	6229
2114	BELLY OR STOMACH	abdomen	5.05	5.15	23
2117	DESIRE	desear	7.1	5.7	4128
212	FIELD	campo	7.35	3.5	2124
2124	SMELL	olor	5.65	5.35	9496
213	FIN	aleta	5.4	5.2	535
2134	RAISE (BRING UP)	aumentar	6.25	5.55	1348
2142	RUN AWAY	escapar	5.2	6.2	5196
2148	PICK	coger	5.5	4.95	2793
216	MOVIE	película	7.73	4.9	9987
218	FINE (PENALTY)	multa	2.1	7.3	9038
2206	RABIES	rabia	2.65	7.6	11083
221	FIRE	lumbre	6.84	3.95	8239
2235	CLEAN (SOMETHING)	limpiar	5.2	4.6	8107
224	MORTAR	mortero	5.35	5.32	8967
2240	CORAL SNAKE	coral	6.6	4.3	3439
2243	REPAIR	reparar	6.25	5.5	11547
2244	METAL	metal	5.4	4.93	8705
2246	BELL	campana	5.3	4.55	2111
2247	CATERPILLAR	oruga	4.7	4.25	9625
2252	PATH	camino	6	3.85	2101
2260	FEMALE (OF PERSON)	hembra	5.85	5.05	6680
227	FISH	pescado	5.38	4.68	10183
2271	THINK	pensar	7.3	4.75	10032
2278	PERHAPS	quizás	4.3	5.15	11081
2291	VOLCANO	volcán	4.85	6.85	13927
2297	DUSK	oscuridad	3.75	5.95	9634
23	RYE	centeno	5.1	5.47	2459
230	SWEEP	barrer	4.75	4.9	1589
231	SHAVE	afeitar	4.65	4.75	335
2316	FREE	gratis	7.95	5.45	6523
232	FLEA	pulga	3.2	6.25	10989
2343	STEEL	acero	5.3	5	145
236	STEPMOTHER	madrastra	3.8	6	8267
2366	ONION	cebolla	4.55	6	2415
237	STEPFATHER	padrastro	4.35	5.55	9685
2374	DREAM	sueño	6.15	2.65	12652
239	FLOWER	flor	7.4	3.4	6009
24	PRAY	orar	4.9	4.05	9562
240	ELECTION	elección	5.95	6.35	4778
2403	TOY	juguete	7.85	5	7820
2407	BIRTHDAY	cumpleaños	7.55	7.3	3747
2411	HURT (SOMEBODY)	herir	1.85	6.5	6703
2429	LOGIC	lógica	6.8	5.3	8191
2430	OFFICE	oficina	5.3	4.83	9460
2433	THEORY	teoría	5.3	4.48	12990
2434	TRAGEDY	tragedia	1.85	7.9	13233
2438	CAIMAN	caimán	4.45	6.2	2015
244	LEFT	izquierda	5.45	4.35	7751
2440	PINEAPPLE	piña	6.5	5	10249
245	BROOM	escoba	4.8	4.75	5225
2458	PERSPIRE OR SWEAT	sudar	4.15	6.45	12640
2467	GAME	juego	7.45	6.35	7811
2468	BAG	bolso	5.95	5.05	1793
2471	LADY	dama	7.05	4.6	3783
249	FOG	niebla	4.85	4.3	9222
2493	BOIL	hervir	5.13	5.4	6726
25	DIRT	suciedad	2.25	6.9	12633
250	LIGHT (COLOR)	claro	6.15	4	2703
2504	DIFFERENT	diferente	5.9	5.6	4392
2506	LOOSE	suelto	5.2	4.55	12651
2509	EXCHANGE	intercambio	6.15	6.2	7565
2524	JOY	alegría	8.35	6.75	523
2527	ABILITY	capacidad	6.4	5.1	2195
2530	SMART	inteligente	7.8	5.85	7542
2534	DEPTH	profundidad	5.75	5.55	10796
2546	BORDER	frontera	3.55	6.15	6174
2548	BARREL	barril	5.55	5.4	1597
2549	VEHICLE	vehículo	6	5.5	13641
255	SERVANT	servidor	4.7	4.5	12252
256	FOOD	pizza	7.65	5.05	10299
2573	FEELING (EMOTION)	emoción	7.6	6.7	4857
2578	PENCIL	lápiz	5.9	4.28	7922
258	CALM	calma	7.45	2.35	2069
2580	HELICOPTER	helicóptero	5.45	6.95	6678
2615	FLESH OR MEAT	carne	6.95	5.05	2284
2617	BULB	bulbo	5.05	4.8	1917
2618	CAMERA	cámara	6.55	4.6	2087
2619	CARD	carnet	6.2	4.75	2287
2620	CARRIAGE	carro	5.28	4.85	2304
2621	CURTAIN	cortina	5.2	4.05	3513
2623	FLAG	bandera	5.58	5.15	1543
2624	FRAME	marco	5.7	4.85	8450
2625	MAP	mapa	5.95	5	8423
2626	NERVE	nervio	4.85	7.45	9199
2627	ORANGE (FRUIT)	naranja	5.95	4.65	9118
2630	WHIP	azotar	2.05	6.85	1463
2631	WIRE	cable	5.1	4.98	1978
2638	FISHING	pescar	5.8	4.1	10185
2648	HAIR (HEAD)	cabello	6.65	4.45	1971
2651	BE IGNORANT	ignorante	3	5.6	6968
269	COOKED	cocido	6.65	4.8	2766
27	AIR	aire	6.78	3.35	445
271	SAUCER	platillo	4.95	5.7	10342
2715	DESPISE	despreciar	2.47	6.6	4256
273	DOUGH	masa	4.7	4.65	8493
275	PEEL	mondar	5.42	4.33	8891
277	SPINDLE	huso	5.06	4.6	6933
2770	JACKET	chaqueta	5.9	4.4	2542
281	POST	poste	5.15	4.7	10527
2819	GRASSLAND	pradera	7.65	3.85	10557
2831	PENGUIN	pingüino	6.3	4.25	10254
2845	SIZE (OF OBJECT)	tamaño	4.95	5.5	12834
2851	AUGUST	agosto	7.55	4.05	388
2856	CHANGE (SOMETHING)	alterar	3.35	6.65	627
2864	DECREASE	disminución	4.25	4.4	4514
2871	SWING (MOVEMENT)	mecer	6.21	2.7	8570
2879	SOUND (OF INSTRUMENT OR VOICE)	sonido	6.35	5.1	12512
288	FORGE	fragua	5.18	5.32	6120
2880	HALT (STOP)	detener	3.75	5.9	4312
2882	ADD	añadir	5.8	4.95	733
2883	DISTURB	interrumpir	3.15	6.1	7606
2896	CAUSE TO (LET)	dejar	3.3	5.3	3900
2900	PROTECT	guardar	6.1	4.25	6575
2902	BRAWL (FIGHT)	pelear	3.05	7.45	9985
292	RUG	alfombra	5.3	3.65	549
2931	BUSINESS	negocio	6	5.8	9184
2940	GATE	portón	5.1	4.9	10500
2941	HAPPINESS	felicidad	8.4	5.05	5855
2946	CRADLE	cuna	7.2	3.05	3751
2948	GAP (DISTANCE)	brecha	3	6.75	1861
2955	STATE (POLITICS)	estado	5.1	5.25	5399
2965	PAW	pata	5.2	5	9901
2977	WORKER	obrero	5.25	4.9	9378
2978	DISTANCE	distancia	3.05	6	4538
2982	GIFT	regalo	7.75	5.88	11405
299	SCOLD	reprender	3.6	6.25	11587
2991	SKI	esquiar	6	6.6	5373
2996	WEALTH	riqueza	7.05	6.4	11812
3	BRAVE	valiente	7.65	6.25	13575
3002	PRECIOUS	precioso	7.9	5.9	10573
301	CHIEFTAIN	jefe	3.95	6.35	7778
3033	SCARED	asustado	2.83	7.18	1256
304	PREACH	predicar	4.25	4.55	10592
307	HAWK	halcón	5.78	5.23	6636
3078	IRRIGATE	regar	6.37	4.25	11407
308	TOUCAN	tucán	6.11	5.21	13418
3083	BALLOON	globo	6.55	5.1	6431
3084	BLACKBOARD	pizarra	6.15	5.3	10297
3085	CARROT	zanahoria	5.45	3.7	14000
3086	COMPUTER	ordenador	6.68	5.08	9573
3089	GIRAFFE	jirafa	6.65	4.85	7791
3090	GUITAR	guitarra	6.9	4.85	6604
3091	LEMON	limón	6.55	4.7	8101
3092	LIGHTER	mechero	4.55	5.75	8572
3094	PAINTBRUSH	brocha	5.35	4.15	1878
3095	POSTMAN	cartero	5.25	4.9	2313
3096	RACKET	raqueta	5.4	4.65	11149
3099	SOFA	sillón	6.35	2.5	12321
31	PAN	sartén	5.45	4.8	12064
3101	SWING	columpio	7.55	5.25	2884
3102	TANK	tanque	3.1	6.5	12847
3104	THERMOMETER	termómetro	4.28	5.33	13009
3105	UMBRELLA	paraguas	5.2	4.68	9788
3106	WARDROBE	armario	5.25	4.5	1069
3107	WHISTLE (INSTRUMENT)	silbato	5.05	6	12312
3110	CLAP	aplaudir	7.3	7	937
3111	CONDUCT	dirigir	5.3	6.4	4460
3113	FILE (SOMETHING)	archivar	5.25	4.5	1030
3121	OPERATE (MEDICINE)	operar	3.8	7.05	9526
3122	PAINT (SOMETHING)	pintar	6.55	3.55	10257
3126	POST (SOMETHING)	enviar	5.6	5.4	5104
3129	SKATE	patinar	6.85	6	9914
3135	VACUUM (SOMETHING)	aspirar	6.45	5.4	1231
3137	OAR	remo	4.9	4.35	11505
3138	STRAWBERRY	fresa	7.05	4.35	6157
315	CURASSOW	pavo	5.45	4.5	9947
317	PIRANHA	caribe	7.75	4.25	2268
318	FOOTPRINT	huella	5.85	5.65	6889
3181	MUSTARD	mostaza	5.2	4.55	8975
3189	STAB TO DEATH	apuñalar	1.35	7.95	996
319	LICK	lamer	6	6.75	7901
3199	TWIST (AROUND)	torcer	4.4	6.1	13166
3202	CANNON	cañón	3.45	6.6	2168
3204	INSULT	insultar	2.65	6.95	7520
322	FIG	higo	5.95	4.5	6757
323	FAT (ORGANIC SUBSTANCE)	grasa	3.1	5.95	6520
3230	DECEIVE	engañar	2	7.25	5000
3235	OPEN (STATE)	abierto	6.35	4.8	33
325	FELT	fieltro	5.61	4.42	5913
326	CLOAK	capa	5.4	4.8	2194
3282	GROOM	novio	7.4	5.73	9312
3283	CAGE	jaula	3	6.25	7773
3302	QUARREL (VERB)	discutir	2.95	7.6	4495
3306	NAIL	clavar	4.95	5.85	2715
3325	PEARL	perla	6.7	4.25	10113
3333	BELIEF (RELIGIOUS)	creencia	5.6	5	3577
3351	STOP DOING	parar	4.85	4.15	9806
3375	PATIENT (SICK PERSON)	paciente	5.28	4.65	9675
3377	EMPEROR	emperador	4.8	5.4	4872
3396	BUILDING	edificio	5.4	4.6	4732
3405	RULER	regla	4	5.25	11427
3429	COMPARE	comparar	4.15	5.6	2955
344	TREE TRUNK	tronco	5.1	4.45	13394
3447	BEGIN OR START	empezar	6.55	5.8	4874
345	SAP	savia	5.79	3.9	12078
3460	BEACH	playa	8.03	3.23	10348
3469	LEVEL	nivel	5.15	5.9	9244
3472	DANCE (MOVEMENT)	danza	7.95	5.4	3791
352	UNTIE	desatar	5.4	5.25	4062
353	STRIKE	golpear	2.1	7.45	6456
3534	BEG	suplicar	2.45	6.5	12726
3544	WAVE (VERB)	saludar	6.45	4.45	12011
356	SHEARS	tijeras	4.75	5.28	13071
357	HANG UP	colgar	4.5	5.3	2842
359	POTTER	alfarero	5.55	4.5	544
3608	WARRIOR	guerrero	5.65	7.25	6587
3617	STUMBLE	tropezar	3.7	6.25	13398
3628	HONOR (SOMEBODY)	honor	7.5	5.25	6831
3632	GENEROUS	generoso	7.6	3.88	6362
3635	ADULT	adulto	5.78	5.23	304
3639	AVOID	evitar	3.7	6.05	5573
3644	AGREEMENT	acuerdo	6.6	4.3	223
3645	PERSUADE	persuadir	4.65	6.05	10151
3649	PUNISH	castigar	2.15	7.2	2346
3653	COOKING POT	olla	5.23	4.73	9494
3654	TAKE OUT	sacar	5.1	5.05	11956
3657	GRANARY	granero	5.7	4	6511
3665	TRAVEL	viajar	7.85	6.1	13771
367	RIDE	montar	6.05	6.1	8924
3675	ZEBRA	cebra	6.45	4.6	2417
3689	BUBBLE	burbuja	7.15	4	1928
369	OWE	deber	4.1	6.05	3805
3703	STICKY	pegajoso	3.65	6.3	9974
3709	BRILLIANT	brillante	7.13	5.4	1868
371	PICK UP	recoger	5.1	5.1	11277
3711	TIE (NOUN)	corbata	5.4	4.05	3442
3732	POMEGRANATE	granada	5.05	5.73	6503
3748	DROP (OF A LIQUID)	gota	6.1	4.1	6470
377	LOUD	ruidoso	2.8	7.15	11920
3780	PET	mascota	7.95	4.48	8498
3838	HANDSPAN	cuarta	5.05	4.85	3674
3847	INTEREST (FEELING)	interés	6.3	5.95	7572
388	FISHNET	red	5.45	4.75	11342
390	PUNISHMENT	castigo	2.33	7.33	2347
391	BLESS	bendecir	5.6	3.98	1666
3955	HOSTILITY	hostilidad	3.35	6.25	6880
3957	SYSTEM	sistema	4.7	4.85	12393
3958	SOCIETY	sociedad	5.7	6.75	12441
3966	CONCEPT	concepto	5.6	5	3051
3974	UNHAPPY	infeliz	1.5	6.63	7307
3975	NERVOUS	nervioso	3.43	7.65	9201
399	PLANTAIN	plátano	6.35	4.3	10337
404	ALCOHOL (FERMENTED DRINK)	alcohol	4.85	6.75	506
406	OLD MAN	viejo	4.1	4.55	13804
41	IGNORE	ignorar	2.55	5.35	6969
411	GOURD	calabaza	5.05	4.85	2027
420	FOREST	bosque	7.25	4	1830
43	LEAD (GUIDE)	guiar	7.1	5.45	6592
446	LOWER ARM	antebrazo	5.05	4.35	837
471	UPPER LEG (THIGH)	muslo	5.25	5.3	9082
474	DRESS	vestido	7.1	5.2	13753
477	LATE	tarde	4.75	3.9	12863
479	GROW	crecer	6.9	5.25	3565
480	PLATE	plato	5.55	4	10344
482	NOBLE	noble	7.25	4.15	9247
484	CONDEMN	condenar	2.6	6.8	3090
485	DISAPPEAR	desaparecer	3.25	6.3	4048
486	MINISTER	ministro	3.9	5.15	8790
487	SHY	tímido	4.48	4.48	13080
488	MANNER	manera	5.5	4.75	8379
489	KIDNEY	riñón	4.9	4.9	11808
49	REFUSE	rehusar	4.45	5.1	11447
493	FIVE	cinco	5.2	4.65	2640
496	CUCUMBER	pepino	5.75	4.25	10045
497	SCAR	cicatriz	3.03	6.23	2605
498	CALF OF LEG	pantorrilla	5.05	5.15	9761
500	CRUEL	cruel	2.23	7.38	3641
501	LIFT	levantar	6.1	4.95	8030
502	NAIL (TOOL)	clavo	4.65	5.65	2723
503	FROG	rana	5.68	4.63	11132
504	LEARN	aprender	7.28	4.85	970
506	MAIZE	maíz	5.65	4.6	8317
509	CERTAIN	seguro	7.3	3.3	12139
52	SHIVER	temblar	3.35	6.3	12930
522	WOLF	lobo	5.95	6.7	8177
523	BACK OF HEAD	posterior	4.75	4.65	10530
526	HOWL	aullar	4.85	5.85	1346
53	SPIRIT	espíritu	6.08	6	5356
539	NEST	nido	6.05	4.25	9221
544	SPICY	picante	5.25	7.3	10215
55	WHISPER	susurrar	5.8	4.3	12785
568	RISE (MOVE UPWARDS)	ascender	7.4	6.35	1161
571	STING	picar	3.85	5.9	10216
575	TREAD	pisar	4.2	6.15	10284
578	KISS	besar	8.25	7.55	1688
579	BATTLE	batalla	3	7.2	1621
582	LEND	prestar	5.75	5.2	10675
584	DIFFICULT	difícil	4	7	4394
585	BOOT	bota	5.5	4.45	1833
586	GARDEN	jardín	7.85	3	7768
587	ANT	hormiga	5.25	4.25	6847
589	CLOSED	cerrado	3.45	5.3	2497
59	ELECTRICITY	electricidad	5.35	6.1	4783
590	NAKED	desnudo	6.03	6.9	4211
593	POTATO	papa	6.5	4.1	9765
594	PIECE	pieza	5.45	4.95	10234
596	POSTAGE STAMP	sello	5.25	4.4	12149
6	EARTHQUAKE	terremoto	2.11	7.85	13018
60	OAT	avena	5.3	4.3	1424
601	LIE (MISLEAD)	mentir	1.95	6.75	8659
602	HIDE (CONCEAL)	esconder	3.93	6.4	5235
604	GLASS	cristal	4.95	5.5	3606
605	GRAIN	grano	2.95	5.45	6519
606	GRASS	hierba	6.9	3.25	6748
609	HAIL	granizo	4.35	6.4	6516
610	PORT	puerto	6.8	4.85	10980
614	HILL	colina	5.95	4.7	2845
615	HORSE	caballo	6.63	5.4	1964
616	HOSPITAL	hospital	3.45	6.83	6869
617	ICE	hielo	5.6	5.3	6746
619	ANIMAL	animal	7.3	4.6	801
620	INSECT	insecto	4.38	6.28	7449
621	IRON	fierro	4.4	4.7	5916
622	ISLAND	isla	7.25	5.25	7735
623	LAGOON	laguna	6.25	4.2	7893
624	LAKE	lago	6.68	3.1	7891
625	LAMP	lámpara	5.35	4.1	7903
627	LEAD (CHEMICAL ELEMENT)	plomo	4.15	5.55	10366
628	LEAF	hoja	5.75	4.35	6803
630	LIGHT (RADIATION)	ligero	6.2	4.1	8087
632	LIZARD	lagartija	5.25	6.2	7889
633	MARKET	mercado	6	5.75	8670
635	MILK	leche	6.35	3.95	7963
636	MILL	molino	5.65	4.1	8880
637	MOSS	musgo	5.1	4.45	9076
638	MOTORCYCLE	motocicleta	5.25	6.15	8989
639	MOUNTAIN	cerro	5.17	4.62	2503
64	PIN	alfiler	4.6	5	548
640	MUD	barro	4.85	5.65	1599
642	MUSIC	música	7.78	4.73	9077
643	NEED (NOUN)	necesidad	3.6	6.7	9167
644	OAK	roble	6.3	3.5	11824
645	OCEAN	océano	7.3	3.73	9415
646	ASH	ceniza	2.85	5.35	2449
647	PAINT (PIGMENTS)	pintura	7.03	4.23	10262
648	PAPER	papel	5.25	4.45	9771
652	PLAIN	llano	5.3	4.05	8158
653	PLANT (VEGETATION)	planta	6.35	3.7	10319
655	POISON	veneno	2.08	6.93	13675
657	PRICE	precio	4.4	5.65	10571
658	RAIN (PRECIPITATION)	lluvia	6.63	3.4	8174
660	REEF	arrecife	6.65	4.45	1101
661	RELIGION	religión	4.55	5.15	11485
662	BATTERY	batería	5.65	5.6	1626
665	BEE	abeja	4.75	6.35	26
666	RIVER	rio	6.6	4.05	11809
667	ROAD	carretera	5.3	5.8	2297
670	ROOT	raíz	6	4.4	11122
671	SAND	arena	6.85	4.6	1041
672	EARLY	temprano	5.65	4.55	12951
673	SCHOOL	colegio	6.45	4.5	2837
674	MOUTH	boca	7.05	5.5	1766
677	AXE	hacha	3.75	6.6	6631
678	BEARD	barba	5.85	4.85	1560
68	TATTOO	tatuaje	6.5	6.5	12876
680	BREAK (DESTROY OR GET DESTROYED)	quebrar	3.4	6.45	11045
681	DESTROY	demoler	3.05	6.35	3948
682	SIDE	lado	5.2	3.95	7884
683	PERSON	persona	6.73	5.15	10143
685	DECIDE	decidir	6.65	5.8	3834
686	EASY	fácil	6.93	3.23	5758
688	LUNG	pulmón	5.8	4.8	10994
69	SOBER	sobrio	5.95	4.75	12432
690	BOTTOM	fondo	5.1	4.5	6056
691	SEASON	estación	5.75	5	5392
692	BRING	traer	5.75	5.4	13227
694	GET	obtener	6.25	5.65	9400
695	GO	ir	5.4	5.15	7693
696	STIR	remover	4.75	5.5	11516
698	WISE	sabio	7.65	4.45	11946
699	SAD	triste	2.1	5.5	13376
700	CARRY	cargar	4.5	5.1	2265
701	SLOW	despacio	5.05	3.35	4222
702	CATCH	atrapar	4.3	5.95	1308
703	SOON	pronto	5.95	4.55	10847
706	DARK	oscuro	3.5	5.85	9635
708	SHINE	brillar	8.05	5.65	1870
709	TEACH	enseñar	7.35	5.4	5042
710	WHEEL	rueda	4.95	5	11912
712	RICH	rico	6.7	6.35	11791
713	STEAL	hurtar	2.7	6.8	6931
714	SEED	semilla	6.7	4.45	12166
715	SHOUT	gritar	3.2	7.7	6548
716	GROAN	gemir	6	7.25	6347
717	SWEET	dulce	8.25	4.6	4681
718	PAY	pagar	4.25	5.85	9692
719	FIND	encontrar	7.9	5.7	4945
72	CLAW	garra	4.7	6.35	6310
720	GOOD LUCK	suerte	7.85	6.15	12654
721	LOW	bajo	5.25	4.6	1502
722	ATTACK	atacar	2.75	7.2	1259
724	READ	leer	7	3.5	7973
729	DAWN	amanecer	7.48	2.83	665
73	BEAK	pico	4.6	5.5	10219
730	SNAKE	culebra	4.1	7.15	3730
731	BEVERAGE	bebida	6.8	5.2	1649
733	EARN	ganar	7.85	7.09	6293
734	MAKE	hacer	6.65	5.25	6630
735	OWL	búho	6.7	3.55	1913
737	LIGHT (IGNITE)	encender	6.6	5.6	4931
738	THING	cosa	5.4	4.45	3518
739	FEED	nutrir	6.33	4.55	9341
741	DRIVE	conducir	6.85	5.8	3105
742	END (OF SPACE)	final	4.1	6.4	5952
743	END (OF TIME)	fin	3.6	5.55	5949
744	EGG	huevo	5.45	4.63	6895
745	SHELF	repisa	4.9	4.55	11566
747	BICYCLE	bicicleta	6.4	4.75	1702
749	ENTER	entrar	6.1	5.1	5067
753	PUPIL (STUDENT)	alumno	6.3	4.85	652
755	DENY	negar	3.55	5.8	9174
756	DEPEND	depender	3.05	5.55	3978
757	BUTTON	botón	5.4	4.8	1842
758	HERON	garza	5.65	5.13	6313
759	SILVER	plata	5.95	5.42	10334
760	KNOT	nudo	4.33	5.65	9323
761	COVER	cubrir	5.8	4.35	3694
763	SKIN	piel	5.68	4.9	10228
765	MOVE	mover	5.35	4.9	8996
767	CORPSE	cadáver	1.73	7.9	1997
768	LUNCH	almuerzo	6.4	5.35	607
769	ROOF	tejado	5.65	4.55	12900
771	HAT	sombrero	5.95	4.25	12499
772	BELT	cinturón	5.35	5.1	2652
773	HAVE	tener	6.7	4.8	12966
777	FLUTE	flauta	6.2	4.85	5999
778	SMOKE (EXHAUST)	humo	3.85	5.55	6921
779	PART	pedazo	4.9	4.25	9966
78	THAT	aquel	4.9	4.8	1002
781	FEAR (FRIGHT)	miedo	2	8	8743
782	DEFEAT	derrota	2.35	6.6	4019
783	VICTORY	victoria	7.3	7.5	13792
784	SNOW	nieve	7.23	4.73	9225
785	STRONG	fuerte	6.8	5.9	6196
787	SAIL	navegar	6.5	5.05	9156
788	SOAP	jabón	5.8	3.6	7755
789	PEOPLE	gente	7.05	6.18	6372
794	PEN	bolígrafo	5.85	4.4	1787
795	TROUT	trucha	5.4	4.85	13405
796	NIPPLE	pezón	6.3	6.68	10204
798	JAW	mandíbula	5	4.85	8375
799	WRIST	muñeca	6.48	4.25	9057
8	CURSE	maldecir	2.6	7.25	8327
803	ANKLE	tobillo	5.05	4.93	13118
805	SPINE	espina	3.15	6.1	5349
806	BLANKET	manta	6.9	2.9	8405
811	SOUL	alma	6.3	4.5	592
812	SLAVE	esclavo	1.83	7.1	5223
815	GOVERNMENT	gobierno	2.9	5.75	6445
816	HALF	mitad	5.25	4.7	8826
819	STOMACH	estómago	4.75	5.15	5467
82	ANGER	enfado	2.3	6.83	4976
829	RAFTER	viga	4.7	4.65	13809
83	FORBID	prohibir	2.75	7.4	10813
831	BASE	base	5.15	3.9	1606
832	BEAN	frijol	5.35	4.7	6166
834	BUTTOCKS	culo	5.8	5.95	3734
837	BLUE	azul	6.7	3.8	1472
842	LIQUOR	aguardiente	4.5	6.1	425
843	SPIDER	araña	3.74	7.38	1010
845	MURDER	asesinar	1.3	8.35	1180
847	THIRSTY	sediento	3.85	6.6	12119
848	THIRST	sed	3.45	6.6	12114
849	SPRING (OF WATER)	fuente	6.5	3.65	6191
85	GIVE BACK	devolver	4.4	5.75	4335
850	SQUARE	cuadrado	5.2	4.48	3652
851	STABLE	establo	5.75	4.05	5390
852	PRIEST	sacerdote	4.2	4.25	11959
853	ALTAR	altar	5.6	5.8	624
854	KETTLE	caldera	5.35	4.7	2038
855	SEIZE	agarrar	5.15	6.05	370
857	STONE	piedra	5.3	4.15	10227
858	STORM	tormenta	4.23	6.53	13171
859	STOVE	estufa	6.85	3.43	5517
860	CAUSE	causar	5.1	5.55	2392
861	JUDGE	juez	5.3	5.15	7813
862	SUGAR	azúcar	6.9	5	1467
865	FAME	fama	5.85	6	5791
867	GLOVE	guante	4.95	4.6	6569
873	TAX	impuesto	2.35	6.45	7097
874	CANDY	caramelo	6.95	4.53	2241
875	SHOEMAKER	zapatero	4.65	4.85	14006
877	MASON	albañil	4.7	5.1	477
878	HELL	infierno	2.4	7	7315
88	BEEHIVE	colmena	4.65	6.65	2854
880	REPEAT	repetir	5.3	5.2	11564
881	TAILOR	sastre	5.85	4.35	12065
882	PARROT	papagayo	6.55	5.05	9768
884	SHARE	repartir	5.8	4.75	11551
885	OPPOSITE	opuesto	4.65	5.9	9553
887	BITTER	amargo	2.85	5.1	669
889	FLAME	llama	5.55	6.6	8152
89	NATIVE COUNTRY	patria	5.8	5.5	9921
890	MULE	mulo	5.29	4.64	9037
891	TIDE	marea	6.2	5.2	8451
892	TIME	tiempo	5.85	5.38	13061
893	TIN (METAL)	estaño	5.21	4.6	5419
894	TOAD	sapo	5.45	4.65	12053
895	TORTOISE	tortuga	6.75	3.55	13193
896	ANACONDA (WATER BOA)	anaconda	3.75	7.55	730
897	SWALLOW	tragar	5.05	4.9	13232
899	PRESIDENT	presidente	4.3	5.65	10666
9	ANNOUNCE	anunciar	6.3	6	882
90	INNOCENT	inocente	6.6	3.75	7430
900	TRAIN	tren	6	5.15	13335
901	ADOBE	adobe	5.37	4.61	279
902	ADULTERY	adulterio	2.5	7.05	303
905	BORING	aburrido	2.9	3.1	94
906	TREE	árbol	6.78	3.63	1021
908	DRUM	tambor	5.7	6.1	12836
909	GARBAGE	basura	2.85	5.9	1618
910	DEATH	muerte	1.45	7.93	9024
911	TEMPLE	iglesia	4.32	4.18	6964
913	CROW	cuervo	4.25	6.05	3715
914	SCULPTOR	escultor	5.5	4.3	5272
916	LINEN	lino	5.9	4.35	8120
920	GRAPE	uva	6.2	4.05	13532
921	VALLEY	valle	6.8	3.8	13578
922	PEAR	pera	5.55	4.5	10049
923	LOVE	querer	7.95	5.7	11056
926	RICE	arroz	6.95	4.05	1126
928	EMBRACE	abrazar	8.45	4.25	55
930	VILLAGE	pueblo	6.53	3.78	10971
932	BARLEY	cebada	5.05	4.45	2413
933	WALL (OF HOUSE)	pared	5.25	4.7	9819
937	BIRD	pájaro	6.9	3.15	9701
938	MARE	yegua	6.15	4.7	13979
942	HONEY	miel	6.28	3.95	8745
943	WATERFALL	cascada	6.78	3.95	2325
945	SPEAR	lanza	4.5	6.2	7911
946	BLOOD	sangre	3.7	7.3	12037
947	STREAM	corriente	4.9	6.1	3492
948	WATER	agua	7.48	3.68	417
950	SEAGULL	gaviota	6.3	4.9	6338
951	WEAPONS	arma	2.2	7.5	1064
952	WEATHER	clima	6.1	4.3	2733
953	RAPE	violación	1.18	8.13	13839
956	FLEE	huir	2.3	6.7	6897
957	WHALE	ballena	6.4	4.6	1517
958	WILD ANIMAL	bestia	3.78	7.2	1690
960	WIND	viento	5.1	5.85	13806
962	WOMAN	mujer	7.28	5.05	9032
963	BOOK	libro	6.85	4	8063
964	WOOL	lana	6.05	3.65	7904
965	WORLD	mundo	6.43	5.2	9056
969	CIGARETTE	cigarrillo	4.1	5.25	2630
970	COCONUT	coco	5.9	4.15	2774
974	TOBACCO	tabaco	3	5.75	12790
976	WEAR	vestir	6.2	4.7	13758
977	ARROW	flecha	4.75	5.8	6001
978	WAVE	ola	6.35	4.5	9482
980	HEEL	talón	5.05	5.25	12832
981	ELBOW	codo	5.05	4.65	2783
984	WORK (LABOUR)	trabajar	6.8	5.75	13212
985	VINEGAR	vinagre	4.7	6.15	13827
986	TOMATO	tomate	6.3	4.8	13139
987	REMAIN	quedar	7.05	5.7	11047
992	CLIFF	acantilado	5.65	6.4	106
994	BOW	arco	5.55	4.45	1033
996	DEAF	sordo	3.2	5.25	12531
998	PUT	meter	5.42	5.35	8714
