CONCEPTICON_ID	CONCEPTICON_GLOSS	ENGLISH	ENGLISH_BOI_MEAN	LINE_IN_SOURCE
10	FIREWOOD	firewood	5.72	2903
1001	BLACKSMITH	blacksmith	3.846153846	678
1002	STATUE	statue	4.777777778	7791
1003	PERMIT	permit	3.44	5753
1004	MUSCLE	muscle	5.12	5166
1005	TWINS	twin	4.12	8715
1006	BRICK	brick	5.64	923
1007	COW	cow	5.434782609	1883
1008	BULL	bull	3.782608696	1014
1011	BRIDGE	bridge	5.52173913	929
1012	LATCH	latch	5.541666667	4459
1013	FRESHWATER EEL	eel	4.653846154	2572
1016	DRIZZLE	drizzle	3.56	2466
1019	RIGHT	right	1.47826087	6570
1020	HANDKERCHIEF	handkerchief	5.72	3656
1021	TOWEL	towel	6.04	8522
1024	CHARACTER	graph	3.16	3461
1025	WHISTLE	whistle	4.47826087	9138
1027	BUG	bug	5.296296296	1002
1028	YAWN	yawn	3.333333333	9311
1029	JEWEL	jewel	5.44	4249
1032	CITIZEN	citizen	3.826086957	1464
1033	GRIND	grind	2.64	3508
1034	DEFENDANT	defendant	4.291666667	2181
1035	GOOD	good	2.142857143	3414
1036	OWNER	owner	2.782608696	5510
1037	ELF	elf	2.304347826	2602
1038	TEACHER	teacher	5.416666667	8241
1039	SHOW	show	2.04	7174
1040	HAIR	hair	6.318181818	3614
1041	INCREASE	increase	1.80952381	4079
1042	CARPENTER	carpenter	5.464285714	1207
1043	BRAID	braid	5.64	877
1044	PILLOW	pillow	6.391304348	5831
1045	POET	poet	4.565217391	5959
1046	SHUT	close	1.625	1536
1047	PURSUE	pursue	1.708333333	6252
1048	LINE	line	2.666666667	4584
105	MATTRESS	mattress	6.72	4864
1053	HUNTER	hunter	4	3987
1054	SMALLPOX	smallpox	3.807692308	7409
1058	STEPDAUGHTER	stepdaughter	4.72	7822
1059	STEPSON	stepson	5.304347826	7828
1061	ARMOUR	armor	5.333333333	287
1062	LAW	law	2.4	4475
1063	NEPHEW	nephew	5.16	5247
1064	SHIELD	shield	5.037037037	7109
1065	SPIDER WEB	web	4.375	9068
1066	CRIME	crime	1.956521739	1953
1068	COURT	court	3.739130435	1873
1069	GLUE	glue	5.043478261	3371
107	OMEN	omen	1.958333333	5422
1070	BUS	bus	5.192307692	1060
1071	HOOK	hook	5	3892
1072	PRISONER	prisoner	4.307692308	6123
1075	TRAP (PITFALL)	trap	4.695652174	8576
1076	EMERGE (APPEAR)	appear	1.72	240
1077	WHEAT	wheat	4.88	9103
1078	MAIN	main	2.434782609	4748
1079	FEEL	feel	2.695652174	2818
108	RUDDER	rudder	4	6678
1081	BILL	bill	5.111111111	641
1082	MERCHANT	merchant	4.5	4923
1084	CALL	call	2.434782609	1125
1085	FOLLOW	follow	1.826086957	3052
1088	SINK (DESCEND)	sink	5.48	7265
1090	BE BORN	born	2.416666667	837
1091	SALTY	salty	2.125	6749
1092	HOPE	hope	2.12	3902
1093	MIDDLE	middle	1.958333333	4957
1095	LET GO OR SET FREE	release	1.791666667	6464
1096	SONG	song	2.321428571	7533
1098	WEIGH	weigh	2.28	9078
11	DARKNESS	darkness	2.37037037	2119
110	MOTOR	motor	4.92	5098
1100	COOK (SOMETHING)	cook	3.923076923	1787
1102	CLIMB	climb	2.782608696	1515
1104	NURSE	nurse	5.130434783	5354
1105	CAMP	camp	3.75	1136
1107	GO OUT	out	1.565217391	5481
1109	WOUND	wound	4.583333333	9268
1110	SHARK	shark	3.363636364	7071
1111	CAR	car	6.035714286	1180
1113	WRAP	wrap	3.72	9273
1114	BULLET	bullet	5.772727273	1017
1115	SPEECH	speech	2.88	7603
1117	LIKE	like	1.461538462	4568
1119	DIVIDE	divide	1.791666667	2350
112	TURTLE	turtle	4.821428571	8696
1120	HONEST	honest	1.625	3881
1123	PREGNANT	pregnant	4	6081
1124	PIPE	pipe	5.653846154	5856
1125	BALD	bald	2.739130435	445
1127	SEND	send	1.954545455	7004
1128	ORDER	order	1.695652174	5455
1129	PAINFUL	painful	2.625	5539
113	SHORE	shore	4.333333333	7158
1132	BEAM	beam	3.625	557
1133	MATCH	match	4.565217391	4850
1134	DIVORCE	divorce	1.75	2354
1135	KICK	kick	3	4320
1136	RABBIT	rabbit	5	6311
1137	TENDON	tendon	4.08	8286
1138	FAIRY	fairy	2.083333333	2771
1139	LEOPARD	leopard	5.260869565	4528
1140	FATIGUE	fatigue	2.166666667	2797
1143	OVEN	oven	5.923076923	5494
1144	WITNESS	witness	3.826086957	9218
1145	SWAMP	swamp	4.52173913	8101
1146	AUBERGINE	eggplant	5.807692308	2578
1148	BRUISE	bruise	3.68	973
1149	ORPHAN	orphan	5.259259259	5466
1150	THUNDER	thunder	1.833333333	8386
1151	VEIL	veil	5.727272727	8856
1153	CATTLE	cattle	4.625	1262
1154	OLIVE	olive	6.173913043	5418
1155	CAVE	cave	3.625	1272
1156	OPEN	open	2.2	5431
1157	BECAUSE	because	1.541666667	573
1158	STEP	step	5.2	7819
1160	THIEF	thief	3.695652174	8340
1161	THREAD	thread	4.76	8358
1162	INTENTION	intention	2.130434783	4150
1163	BRIBE (AMOUNT)	bribe	2.217391304	922
1165	MOUSTACHE	moustache	5.347826087	5120
1169	OX	ox	4.217391304	5511
1171	MIRROR	mirror	6.086956522	5006
1172	SHOOT	shoot	2.307692308	7149
1173	EYEBROW	brow	4.416666667	969
1174	YESTERDAY	yesterday	1.678571429	9322
1175	GHOST	ghost	1.76	3309
1176	SPADE	spade	4.4	7564
1177	DIARRHEA	diarrhea	3.96	2268
1178	NOSTRIL	nostril	5.208333333	5330
1182	NOISE	noise	1.96	5315
1183	PALM OF HAND	palm	5.44	5559
1185	VULTURE	vulture	3.130434783	8947
1187	GOOSE	goose	5.260869565	3418
1188	CHARCOAL	charcoal	4.740740741	1338
1189	ULCER	ulcer	3.56	8744
119	DIVE	dive	2.416666667	2348
1190	HARE	hare	3.769230769	3684
1193	STEAM	steam	3.862068966	7799
1194	BEAVER	beaver	3.826086957	572
1197	BABOON	baboon	4.25	402
1198	MANY	many	1.958333333	4795
1199	WIFE	wife	6.357142857	9164
12	MIDDAY	noon	1.551724138	5324
120	PITCHER	pitcher	5.259259259	5867
1200	HUSBAND	husband	6.041666667	3999
1201	FEATHER	feather	5.260869565	2806
1202	BIG	big	2.653846154	637
1203	LONG	long	1.185185185	4648
1204	BARK	bark	3.592592593	494
1205	TONGUE	tongue	5.928571429	8475
1207	YOUNG	young	2.56	9332
1208	CAT	cat	5.913043478	1248
121	SPIN	spin	2.217391304	7626
1210	HEAVY	heavy	2.24	3757
1211	HE	he	2.96	3721
1212	WE	we	2.47826087	9053
1213	YOU	you	5.52	9331
1214	THIS	this	1.72	8350
1216	MOTHER	mother	5.52	5094
1217	FATHER	father	6.035714286	2796
1218	ROPE	rope	6.2	6640
1219	WORM	worm	4.681818182	9262
122	CART	wagon	5.375	8958
1220	TAIL	tail	4.086956522	8179
1221	NOSE	nose	6	5328
1222	PENIS	penis	6.689655172	5716
1223	HEART	heart	3.666666667	3750
1224	LIVER	liver	3.956521739	4614
1225	DAY (NOT NIGHT)	day	1.541666667	2132
1226	YEAR	year	1.333333333	9312
1227	BOARD	board	4.48	765
1228	EARTH (SOIL)	earth	5.555555556	2542
1229	OLD	old	1.76	5417
123	FOREHEAD	forehead	5.777777778	3087
1230	DIRTY	dirty	1.80952381	2306
1231	NEW	new	2.086956522	5256
1232	WARM	warm	2.541666667	8995
1233	NIGHT	night	2.130434783	5283
1234	SMOOTH	smooth	2.04	7427
1235	WHO	who	1.88	9148
1236	WHAT	what	1.571428571	9102
1237	WHERE	where	2	9113
1238	WHEN	when	1.36	9112
1239	HOW	how	1.846153846	3956
124	THORN	thorn	4.925925926	8353
1240	NOT	not	1.260869565	5331
1241	SOME	some	1.583333333	7526
1242	FEW	few	1.583333333	2845
1243	WIDE	wide	2.166666667	9158
1244	THICK	thick	1.724137931	8338
1245	BUTTER	butter	6.217391304	1075
1246	SMALL	small	2.48	7408
1247	EAR	ear	6.652173913	2533
1248	EYE	eye	5.72	2739
125	SWEAT (SUBSTANCE)	sweat	4.208333333	8108
1250	JAGUAR	jaguar	4.826086957	4220
1251	BELLY	belly	5.846153846	608
1252	HOUSE	house	5.782608696	3939
1254	HANDLE	handle	4.958333333	3657
1256	HEAD	head	5.48	3722
1257	WING	wing	4.48	9194
1258	FINGERNAIL	fingernail	5.88	2882
1259	WEDDING	wedding	3.592592593	9070
1261	SING	sing	3.086956522	7260
1262	BROTHER	brother	5.043478261	968
1263	SISTER	sister	4.8	7274
1264	CHANGE	change	2.96	1327
1265	HIGH	high	1.296296296	3821
1267	NARROW	narrow	1.869565217	5216
1268	YES	yes	1.625	9321
1269	NO	no	1.333333333	5307
1270	WHY	why	1.304347826	9155
1271	DELIGHT	please	1.307692308	5921
1272	AUNT	aunt	5.041666667	372
1273	CANDLE	candle	5.166666667	1148
1274	SALT	salt	5.260869565	6746
1275	ANSWER	answer	2.416666667	209
1276	AUTUMN	autumn	2.4	382
1277	HAND	hand	6.44	3645
1278	VOMIT	vomit	4.666666667	8937
128	MUMBLE	mumble	1.692307692	5152
1280	FALL	fall	2.310344828	2775
1281	PRISON	prison	3.296296296	6122
1282	FAT (FROM ANIMALS)	lard	4.08	4448
1283	TODAY	today	1.625	8450
1284	BANK	bank	4.72	474
1286	HOT	hot	3	3932
1287	COLD	cold	2.782608696	1614
1288	CAP	cap	5.826086957	1168
1289	BABY	baby	6.285714286	403
129	CHOKE	choke	3.2	1415
1290	ELEPHANT	elephant	4.36	2599
1291	BACK	back	3.916666667	405
1292	BAD	bad	1.888888889	426
1293	MISTAKE	error	1.333333333	2672
1294	ZERO	zero	1.321428571	9339
1295	STICK	stick	6.16	7839
1296	WALKING STICK	staff	4.928571429	7739
1297	LEG	leg	5.875	4515
1298	NEWSPAPER	newspaper	5.76	5265
1299	COFFEE	coffee	5.538461538	1602
13	DECEIT	deceit	1.458333333	2161
1300	COUNTRY	country	3.36	1863
1301	FOOT	foot	6	3058
1302	FORK	fork	5.6	3093
1303	FINGER	finger	6	2878
1304	CHILD (YOUNG HUMAN)	kids	6.44	4326
1305	CHIMNEY	chimney	4.730769231	1396
1306	QUEEN	queen	4.083333333	6289
1308	DOUBT	doubt	2.2	2407
1309	ASK (INQUIRE)	ask	2.074074074	320
131	FESTIVAL	festival	4.5	2839
1312	FOX	fox	4.115384615	3117
1313	MOON	moon	2.083333333	5066
1314	QUIET	quiet	1.96	6299
1315	RADIO	radio	5.291666667	6323
1316	TENT	tent	5.5	8291
1318	CHICKEN	chicken	5.5	1382
1319	COWARD	coward	3.24	1884
132	SAUCE	sauce	5.130434783	6795
1320	APPLE	apple	6.272727273	247
1321	BOTTLE	bottle	5.464285714	846
1322	BREAKFAST	breakfast	6.173913043	902
1323	CLOCK	clock	4.714285714	1533
1324	SLIP	slip	3.615384615	7375
1325	FRIEND	friend	5	3156
1326	DOWN	down	1.791666667	2414
1327	UNCLE	uncle	5.392857143	8751
1329	TOMORROW	tomorrow	2.24	8469
133	WEAVE	weave	3.166666667	9066
1330	DEFEND	defense	2	2182
1331	SHEEP	sheep	4.5	7091
1332	NEIGHBOUR	neighbor	4.153846154	5244
1333	NECK	neck	6.12	5228
1334	GUTS	guts	3.04	3591
1335	WHITE	white	1.259259259	9140
1336	EAT	eat	3.125	2552
1337	PIG	pig	4.56	5815
1338	PEACE	peace	1.956521739	5672
1339	MORNING	morning	1.62962963	5077
134	FAULT	guilt	1.576923077	3560
1340	WITH	with	1.6	9215
1342	SUMMER	summer	1.92	8031
1343	SUN	sun	2.086956522	8036
1344	RAM	ram	3.391304348	6347
1346	THROAT	throat	5.347826087	8365
1347	NAPE (OF NECK)	nape	3.739130435	5210
1348	BOAR (MALE PIG)	boar	4.178571429	764
1349	CHURCH	church	4.148148148	1444
135	BOOMERANG	boomerang	5.666666667	822
1350	MONKEY	monkey	4.259259259	5055
1353	HOUR	hour	1.346153846	3937
1354	NEXT	next	1.826086957	5273
1355	LAUGH	laugh	2.875	4465
1356	NUMBER	number	2.592592593	5351
1357	DAUGHTER	daughter	5.192307692	2129
1358	ENEMY	enemy	4.375	2631
136	HERE	here	1.8	3792
1360	DUCK	duck	5.041666667	2492
1361	TOOL	tool	6.304347826	8482
1362	STREET	street	4.708333333	7928
1363	VOICE	voice	2.4	8927
1364	HEALTHY	health	2.25	3746
1365	KITCHEN	kitchen	5.625	4348
1366	BOY	boy	4.962962963	870
1367	CROSS	cross	5	1979
1368	BREAD	bread	6.230769231	896
1369	GOLD	gold	4.75	3404
1370	MONTH	month	1.36	5063
1371	KNEE	knee	5.818181818	4359
1372	MEDICINE	medicine	5.692307692	4891
1373	TEA	tea	6.153846154	8238
1374	RING	ring	6.130434783	6574
1375	WINDOW	window	5.68	9182
1376	NOW	now	1.892857143	5342
1377	VISIT	visit	2.68	8919
1378	SPOON	spoon	6.115384615	7658
1379	TELEPHONE	phone	6.5	5782
138	BATHE	bathe	5.214285714	530
1380	TOOTH	tooth	6.037037037	8484
1381	SHOE	shoe	6.458333333	7140
1382	NEEDLE (FOR SEWING)	needle	5.739130435	5237
1383	GRANDFATHER	grandfather	5.833333333	3446
1384	SECOND	second	1.6	6970
1385	PEPPER	pepper	5.875	5727
1386	LION	lion	3.416666667	4596
1387	ARRIVE	arrive	1.965517241	299
1388	SHADE	shadow	2.75	7045
1389	TOE	toe	5.954545455	8452
139	GUMS	gum	6.36	3570
1390	WRONG	wrong	1.76	9296
1391	TOWN	town	4.25	8526
1392	LOUSE	lice	5	4548
1393	HORN (ANATOMY)	horn	5.291666667	3908
1394	BONE	bone	5.259259259	797
1395	ROUND	round	1.76	6659
1396	SHARP	sharp	2	7073
1398	DRY	dry	2	2487
1399	CLAY	clay	5.52	1492
14	YOKE	yoke	3.565217391	9328
1400	THIN (SLIM)	skinny	2.24	7307
1401	DRINK	drink	6.074074074	2459
1402	BREAST	breast	5.4	905
1403	BITE	bite	3.72	669
1404	STRAIGHT	straight	1.96	7907
1405	NAME	name	1.72	5206
1406	FAR	far	1.44	2783
1407	BREATHE	breathe	3.24	912
1408	HEAR	hear	1.769230769	3748
1409	SEE	see	3.423076923	6983
1411	LIE (REST)	lie	2	4556
1412	RUDE	rude	1.615384615	6679
1413	PLAY	play	2.84	5909
1414	SQUEEZE	squeeze	2.458333333	7719
1416	SIT	sit	3.434782609	7275
1417	KILL	kill	2.24	4327
1418	DIG	dig	2.88	2278
1419	FEAR (BE AFRAID)	fear	1.88	2803
1420	COUNT	count	1.954545455	1857
1421	SUCK	suck	2.608695652	8006
1422	BE ALIVE	live	2.416666667	4613
1423	FIGHT	fight	2.5	2858
1424	YELLOW	yellow	1.652173913	9317
1425	GREEN	green	2.166666667	3485
1427	BEAUTIFUL	beautiful	1.875	570
1428	BURNING	burning	2.375	1054
1429	FULL	full	1.259259259	3187
143	HUMID	humid	1.814814815	3973
1430	STAR	star	1.916666667	7767
1431	FREEZE	freeze	2.44	3146
1432	CUT	cut	2.84	2074
1433	HIT	hit	2.576923077	3845
1434	STAB	stab	2.956521739	7733
1435	HUNT	hunt	2.32	3986
1436	SCRATCH	scratch	3.458333333	6896
1437	SPLIT	split	1.956521739	7647
1438	FOOL	fool	3.28	3057
1439	SWIM	swim	3.347826087	8125
144	MACHINE	machine	5.791666667	4721
1440	SPIT	spit	4.391304348	7635
1441	FLY (MOVE THROUGH AIR)	fly	3.826086957	3031
1442	STAND	stand	4.038461538	7761
1443	WALK	walk	3.2	8970
1446	COME	come	2.137931034	1651
1447	GIVE	give	1.92	3329
1448	HOLD	hold	2.32	3864
1449	RUB	rub	3.541666667	6669
1450	ROOM	room	4.130434783	6634
1451	SMILE	smile	3	7416
1452	PUSH	push	3.32	6255
1453	WASH	wash	2.851851852	9003
1454	WIPE	wipe	4	9204
1455	PULL	pull	3.125	6217
1456	THROW	throw	3.592592593	8373
1457	SEW	sew	3.230769231	7035
1458	SAY	say	1.833333333	6815
1459	IF	if	1.4	4039
146	SUGAR CANE	sugarcane	5.043478261	8016
1460	IN	in	2.25	4065
1461	AT	at	2	349
1462	POT	pot	6.16	6040
1463	DRUNK	drunk	2.379310345	2485
1464	LADDER	Ladder	6.117567568	4410
1465	BOX	box	6.291666667	867
1467	CIRCLE	circle	2.793103448	1455
1468	LOOK FOR	search	2.291666667	6956
1469	WEEK	week	2.090909091	9074
1470	FOLD	fold	2.555555556	3046
1471	WINTER	winter	3.333333333	9201
1472	KEY	key	6.28	4315
1473	FIST	fist	6.08	2918
1474	SEA	sea	4.653846154	6939
1475	COMB	comb	5.923076923	1646
1476	CHAIR	chair	6.88	1312
1479	DOLPHIN	dolphin	4.52	2378
1480	BODY	body	6.038461538	779
1481	HAMMER	hammer	6.173913043	3639
1482	SHOULDER	shoulder	5.869565217	7169
1483	NINE	nine	1.346153846	5299
1485	BELOW OR UNDER	below	1.4	611
1487	POUR	pour	2.173913043	6054
1488	FAUCET	tap	3.538461538	8207
1489	CLOUD	cloud	1.652173913	1548
149	ITCHY	itchy	2.791666667	4205
1490	RAT	rat	4.608695652	6370
1491	MOUSE	mouse	5.24	5117
1493	ONE	one	1.791666667	5426
1494	DIE	die	3.76	2273
1495	HAPPY	happy	2.043478261	3676
1497	POSTCARD	postcard	5.76	6031
1498	TWO	two	2.269230769	8727
1499	JUICE	juice	5.739130435	4282
15	OTTER	otter	4.04	5474
150	WORRY	worry	1.68	9265
1500	FOUR	four	1.4	3115
1501	BORE	bore	2.304347826	835
1502	GOAT	goat	4.8	3387
1504	FLY (INSECT)	housefly	4.541666667	3943
1505	SPERM	sperm	3.833333333	7612
1506	MEASURE	measure	2.333333333	4880
1507	FRUIT	fruit	6	3181
1508	KING	king	3.625	4340
1509	MOSQUITO	mosquito	4.4	5088
151	RAZOR	razor	6.12	6386
1510	CHIN	chin	5.884615385	1399
1511	ROOSTER	rooster	3.909090909	6637
1512	RISE (ONESELF)	arise	1.92	278
1514	HEN	hen	4.652173913	3781
1515	TEN	ten	1.583333333	8280
1517	WASP	wasp	3.913043478	9014
1518	STUPID	stupid	1.48	7979
1519	RUN	run	3.217391304	6694
152	HOOF	Hoof	4.016348774	3891
1520	CRUSH	crush	2.391304348	2013
1522	SOCK	sock	5.833333333	7499
1524	WINE	wine	5.791666667	9192
1525	COAST	coast	2.68	1572
1526	MEAL	meal	5.958333333	4877
1527	TICK	tick	3.851851852	8395
1529	LAST (FINAL)	last	1.304347826	4458
153	GREY	grey	2.222222222	3495
1530	BOWL	bowl	6.16	864
1531	BRANCH	branch	4.821428571	880
1532	SHEAR	shear	3.826086957	7085
1533	BE HUNGRY	hungry	2.961538462	3984
1534	FEVER	fever	3.095238095	2843
1535	SWORD	sword	5.461538462	8140
1537	SPRINGTIME	spring	2.851851852	7679
1538	SCORPION	scorpion	4.32	6881
1539	BASKET	basket	6.391304348	519
1540	EYELASH	eyelash	5.423076923	2745
1543	SNAIL	snail	4.52173913	7438
1545	HOST	host	3.730769231	3927
1546	TWICE	twice	1.75	8711
1547	SOUP	soup	5.576923077	7548
1548	UGLY	ugly	2.642857143	8742
1549	TRIBE	tribe	2.961538462	8609
155	CHOP	chop	2.47826087	1419
1551	FEMALE	female	5.689655172	2824
1553	MALE	male	5.5	4757
1554	MAN	man	5.346153846	4767
1555	CHAMELEON	chameleon	4.25	1322
1556	YOLK	yolk	4.875	9329
1557	BEGINNING	beginning	1.571428571	596
1559	MONEY	money	6.291666667	5049
156	RED	red	1.576923077	6419
1560	FACE	face	5.857142857	2755
1561	ARMY	army	3.48	290
1562	MIND	mind	2.347826087	4988
1563	PYTHON	python	3.583333333	6268
1564	LAZY	lazy	1.583333333	4482
1565	HEAVEN	heaven	2	3756
1566	GUN	gun	6.12	3575
1567	DOOR	door	6.217391304	2389
1568	ARRANGE	arrange	2.217391304	295
1569	CHEESE	cheese	6.391304348	1366
157	DYE	dye	4.52173913	2528
1570	EQUAL	equal	1.6	2663
1571	SELL	sell	1.681818182	6997
1573	SWELL	swell	1.782608696	8120
1574	FLOAT	float	2.8	2987
1575	COCKROACH	cockroach	4.038461538	1593
1577	AND	and	1.25	194
1578	IGUANA	iguana	5.166666667	4042
1579	BE	be	1.652173913	549
158	PUT ON	clothe	4.130434783	1542
1581	ALLIGATOR	alligator	3.608695652	141
1584	BLISTER	blister	5.2	711
1585	SLEEP	sleep	2.833333333	7351
1587	SMELL (STINK)	stink	3.642857143	7850
1588	TURN	turn	1.913043478	8688
1589	HUMMINGBIRD	hummingbird	4.071428571	3975
1590	WAIT (FOR)	wait	1.965517241	8964
1591	UP	up	1.653846154	8801
1592	CHEST	chest	5.851851852	1377
1593	DEEP	deep	1.333333333	2175
1594	FLOUR	flour	5.875	3009
1595	SOUTH	south	1.583333333	7552
1596	LOCK	lock	5.173913043	4629
1597	AIRPLANE	airplane	4.625	114
1598	NORTH	north	2.25	5326
16	SLED	sleigh	4.84	7357
160	SET (HEAVENLY BODIES)	set	2.44	7031
1600	SKIRT	skirt	6.041666667	7312
1601	WEAK	weak	1.76	9054
1603	MOSQUE	mosque	3.956521739	5087
1606	INSIDE	inside	2.304347826	4131
1607	HATE	hate	1.608695652	3708
1608	LISTEN	listen	2.652173913	4605
161	MISS (A TARGET)	miss	2.36	5010
1610	PROSTITUTE	prostitute	5	6172
1611	INVITE	invite	2.24	4186
1612	LETTER	letter	5.259259259	4537
1613	COLOR	color	2.47826087	1636
1614	SUMMIT	summit	3.074074074	8033
1615	ESCAPE	escape	2.304347826	2676
1616	CLOTH	cloth	5.961538462	1541
1617	GRANDCHILD	grandchild	5.24	3444
1618	GRANDSON	grandson	5.785714286	3452
1619	GRANDDAUGHTER	granddaughter	5	3445
162	HICCOUGH	hiccup	2.739130435	3813
1620	SON	son	5.875	7530
1621	SNEEZE	sneeze	3.166666667	7452
1622	SHIRT	Shirt	6.473045822	7133
1623	SPEAK	speak	3.44	7586
1624	EMPTY	empty	1.72	2623
1625	DEAD	dead	1.625	2141
1627	CHAIN	chain	5.958333333	1311
1628	SQUIRREL	squirrel	4.346153846	7731
1629	EVENING	evening	2.260869565	2694
163	BLACK	black	1.772727273	671
1630	MACAW	macaw	4.217391304	4717
1631	FAST	fast	1.608695652	2792
1632	FLOOR	floor	5.666666667	2998
1633	FLAT	flat	2.2	2951
1634	HUNDRED	hundred	1.72	3981
1635	OBEY	obey	1.814814815	5375
1636	MOTIONLESS	motionless	1.296296296	5096
1638	TRUTH	truth	1.962962963	8657
1639	BEER	beer	5.791666667	589
164	KANGAROO	kangaroo	4	4299
1640	SIBLING	sibling	5.04	7212
1641	SILK	silk	4.8	7247
1642	NIECE	niece	4.041666667	5281
1643	COUSIN	cousin	5.375	1878
1645	SHORT	short	2.166666667	7160
1646	GIRL	girl	5.52	3326
1647	FOAL	pony	5.375	5999
1648	ANVIL	anvil	5.24	228
1650	WATCH	watch	5.269230769	9019
1651	TEAR (OF EYE)	tear	4.44	8251
1653	BLIND	blind	2.2	703
1654	LIGHTNING	lightning	2.304347826	4567
1655	BLINK	blink	3.166666667	707
1657	TRUE	real	2.041666667	6391
1659	DOLL	doll	6.434782609	2375
1661	STRAIT	strait	1.652173913	7912
1662	CAPE	cape	5.416666667	1171
1663	BED	bed	6.36	574
1664	RAFT	raft	5.36	6328
1665	BEAT	beat	2.76	565
1666	MUTE	mute	2.535714286	5189
1667	HOLE	hole	4.090909091	3867
1668	GRIEF	grief	1.416666667	3500
167	MAIL	mail	6.125	4744
1671	TOWER	tower	4.307692308	8523
1672	WRITE	write	3.681818182	9293
1673	ARM	arm	6.47826087	281
1674	POOR	poor	1.869565217	6004
1678	HUT	hut	5.130434783	4007
1679	LOAD	load	3.28	4619
168	REST	rest	2.956521739	6516
1680	HELMET	helmet	6.111111111	3771
1681	WAIST	waist	4.888888889	8960
1683	BUSH	bush	4.8	1061
1684	BUD	bud	3.652173913	993
1685	AFTER	after	1.346153846	90
1686	BEHIND	behind	2.25	598
1687	PRAISE	praise	2.538461538	6064
1689	SMOKE (INHALE)	smoking	2.76	7423
169	IT	it	1.916666667	4201
1690	FENCE	fence	5.62962963	2827
1691	FLEXIBLE	flexible	2.037037037	2973
1698	CURVED	curved	2	2066
17	EYELID	eyelid	5.52173913	2747
1702	HOLY	holy	1.291666667	3874
1703	SIX	six	2.333333333	7278
1704	SEVEN	seven	1.583333333	7033
1705	EIGHT	eight	1.76	2580
1707	TWELVE	twelve	1.625	8710
1711	TELL	tell	1.37037037	8272
1712	OATH	oath	1.888888889	5373
1720	SIGN	sign	4.666666667	7236
1725	CORRECT (RIGHT)	correct	1.47826087	1826
1726	WET	wet	4.035714286	9093
1727	THRESHOLD	threshold	2.4	8363
1728	ROTTEN	rotten	2.730769231	6653
1730	CHEEK	cheek	5.481481481	1361
1732	SKY	sky	1.565217391	7319
1733	RAINBOW	Rainbow	1.696185286	6337
1737	OKRA	okra	5.269230769	5416
1740	PINE	pine	4.347826087	5844
1741	ABOVE	above	1.4	12
1743	JOIN	join	2	4264
1744	SPLEEN	spleen	2.96	7642
1745	HIP	hip	5.086956522	3835
1746	BLADDER	bladder	4.24	679
1747	CUSTOM	custom	1.6	2072
1748	RIDGE	ridge	3.818181818	6561
1749	TAKE	take	2.24	8186
175	BLOW (OF WIND)	blow	2.541666667	740
1750	CHOOSE	choose	1.772727273	1418
1751	BIRTHMARK	birthmark	4.333333333	662
1752	LEAVE	leave	1.625	4502
1753	TOP	top	2.958333333	8489
1754	BRACELET	bracelet	6.5	875
1756	WIDOW	widow	3.695652174	9159
1757	TIRED	tired	3.714285714	8437
1763	CLUB	club	5.458333333	1556
1766	FINISH	finish	2.192307692	2886
1767	SCRAPE	scrape	2.583333333	6893
1768	FOAM	foam	3.652173913	3040
1769	AXLE	axle	4.904761905	397
1770	CARCASS	carcass	4.043478261	1186
1771	TASTELESS	tasteless	2.72	8224
1772	ELK	elk	4.130434783	2603
1773	GRAVE	grave	4.730769231	3473
1775	TABLE	table	6.4	8164
1776	SHAME	shame	1.68	7059
1778	APPROACH	approach	2.6	253
178	RIPE	ripe	1.962962963	6586
1780	BILE	bile	3.590909091	640
1781	THUMB	thumb	6.357142857	8380
1782	GUEST	guest	4.857142857	3553
1783	PAIN	pain	3.136363636	5538
1784	WANT	want	1.4	8985
1787	LOOM	loom	4.038461538	4657
1788	TELEVISION	television	5.6	8271
1789	AGE	age	1.76	93
1791	BUTTERFLY	butterfly	4.25	1078
1792	PERJURY	perjury	1.541666667	5749
1793	BAT	bat	5.041666667	527
1796	SLAUGHTER	slaughter	2.333333333	7338
1797	HEDGEHOG	hedgehog	5.043478261	3759
1798	GUNPOWDER	gunpowder	4.96	3580
1799	HYENA	hyena	3.708333333	4018
1800	DANDELION	dandelion	5.826086957	2111
1801	CHILD (DESCENDANT)	offspring	4.913043478	5405
1802	SCREW	screw	5.708333333	6908
1803	WOOD	wood	5.590909091	9229
1804	BOMB	bomb	4.384615385	789
1806	BEGIN	begin	1.375	595
1808	PUS	pus	4.173913043	6254
1809	PIMPLE	pimple	5.72	5836
181	ANTEATER	anteater	3.913043478	212
1810	DANGER	danger	1.8	2114
1812	TRY	try	2.25	8658
1813	TASTY	tasty	2.296296296	8226
1815	ACHE	ache	2.913043478	35
1816	BESIDE	beside	1.925925926	622
1817	WEST	west	1.36	9092
1819	LOOK	look	2.681818182	4655
182	SPOKE	spoke	3.384615385	7650
1820	BEAR	bear	3.608695652	560
1821	BRUSH	brush	6.043478261	977
1823	BORROW	borrow	1.423076923	839
1825	COPPER	copper	4.833333333	1801
1826	ANGRY	angry	2.130434783	200
1828	ASK (REQUEST)	request	2.260869565	6493
1829	JUMP	jump	3.304347826	4286
183	BAKE	bake	2.791666667	440
1830	CRANE	crane	4.695652174	1907
1831	MEET	meet	1.875	4895
1833	DINNER (SUPPER)	dinner	5.545454545	2294
1834	SHE	she	3.304347826	7084
1835	MARROW	marrow	3.333333333	4821
1836	VAGINA	vagina	6.041666667	8826
1837	VULVA	vulva	5.16	8948
1838	NAVEL	navel	5	5224
1839	CRY	cry	2.695652174	2020
184	MAST	mast	4.16	4843
1840	BUILD	build	2.92	1005
1841	SUSPECT	suspect	4.173913043	8089
1843	THOUSAND	thousand	1.68	8356
1844	BOAT	boat	5.130434783	769
1845	BALL	ball	6.608695652	449
1846	RULE	rule	1.56	6685
1847	SICK	sick	2.625	7213
1848	QUARREL	quarrel	1.869565217	6278
185	FIREPLACE	fireplace	5.458333333	2896
1850	COTTON	cotton	5.28	1845
1851	POCKET	pocket	5.407407407	5951
1853	DOVE	dove	4.333333333	2412
1854	SPARROW	sparrow	3.869565217	7579
1855	BIRCH	birch	3.086956522	655
1856	SOFT	soft	2.333333333	7504
1857	CROCODILE	crocodile	4.291666667	1971
1858	FISHERMAN	fisherman	4.851851852	2912
1859	THIRD	third	1.75	8347
186	SHIN	shin	5.592592593	7114
1860	BEAD	bead	5.545454545	553
1861	ACTIVE	active	1.888888889	47
1862	DONKEY	donkey	4.826086957	2385
1864	HUNGER	hunger	2.708333333	3983
1865	BUZZARD	buzzard	3.086956522	1092
1867	COIN	coin	6.4	1609
1869	BUY	buy	1.88	1090
187	LOIN	loin	4.391304348	4644
1870	ANCHOR	anchor	5.739130435	190
1871	CAMEL	camel	4.52173913	1131
1873	ANTHILL	anthill	4.12	217
1874	SAUSAGE	sausage	6.48	6800
1875	REGRET	sorry	1.541666667	7541
1876	REINDEER	caribou	3.62962963	1196
1877	EAST	east	1.64	2550
1879	DANCE	dance	4.44	2109
1882	BEFORE	before	1.5	592
1884	HARD	hard	2.75	3679
1885	ARMADILLO	armadillo	3.875	283
1886	ARMPIT	armpit	5.52	289
1888	PAIR	pair	2.869565217	5546
1889	ARSON	arson	2.208333333	304
1891	PUMA	cougar	4.208333333	1849
1892	TOUCH	touch	2.666666667	8513
1893	QUAIL	quail	3.64	6274
1895	CLOTHES	clothes	6.08	1543
1897	HELP	help	2.541666667	3774
1898	SPECTACLES	glasses	6.541666667	3341
1899	MAD	mad	1.814814815	4726
190	MOW	reap	2.615384615	6394
1901	SHOVEL	shovel	5.925925926	7172
1903	SWELLING	bump	3.434782609	1027
1904	DROWN	drown	2.48	2477
1905	EAGLE	eagle	3.739130435	2532
1906	SOUR	sour	2.208333333	7549
1907	MOLE	mole	4.24	5040
1909	SHAKE	shake	3.518518519	7050
191	NUT	nut	5.555555556	5358
1913	PRESS	press	3.107142857	6094
1914	DEBT	debt	1.481481481	2155
1915	FIR	fir	4.272727273	2887
1916	GILL	gill	3.037037037	3319
1917	TIE	tie	6.260869565	8402
1918	MANE	mane	4.208333333	4774
1919	TORCH	torch	4.851851852	8496
1923	ROUGH	rough	1.884615385	6656
1924	VEIN	vein	4.44	8857
1925	ARTERY	artery	3.583333333	306
1926	OINTMENT	ointment	5.869565217	5415
1927	BAMBOO	bamboo	5.68	462
1929	STUDY	study	2.28	7971
193	SHALLOW	shallow	1.652173913	7056
1930	RAVINE	ravine	3.590909091	6382
1931	BEESWAX	wax	5.291666667	9050
1934	BEGGAR	beggar	4.28	594
1935	ANUS	anus	5.16	227
1936	DEER	deer	4.416666667	2176
1937	THERE	there	1.75	8329
1938	FORTRESS	castle	4.307692308	1245
194	FAMILY	family	5.291666667	2777
1940	GUARD	guard	5	3547
1941	SOLDIER	soldier	4.56	7513
1942	NEAR	near	1.384615385	5227
1943	CROWN (OF HEAD)	crown	6.173913043	1998
1944	GOD	god	2.458333333	3394
1945	IDOL	idol	3.545454545	4038
1947	BASTARD	bastard	3.25	524
1948	SAW	saw	4.76	6807
195	MAT	mat	5.814814815	4849
1950	BEECH	beech	3.5	583
1951	PASS	pass	2.409090909	5627
1952	TORTURE	torture	2.148148148	8505
1953	ABUSE	abuse	2.321428571	21
1954	GENTLE	gentle	2.137931034	3297
1956	SUNFLOWER	sunflower	5.333333333	8045
1958	UNRIPE	unripe	1.583333333	8789
1959	RAW	raw	2.4	6383
196	DONATE	donate	2.52173913	2384
1961	NECKLACE	necklace	5.821428571	5232
1962	ROAST (SOMETHING)	roast	4.821428571	6609
1964	ALONE	alone	2.208333333	148
1965	LOINCLOTH	loincloth	4.833333333	4645
1966	BUNCH	bunch	3.125	1030
197	OTHER	other	2.038461538	5473
1970	CANOE	canoe	5.818181818	1160
1971	FAN (OBJECT)	fan	5.72	2779
1972	YOUNG GOAT (KID)	kid	5.68	4323
1973	DEMON	demon	1.416666667	2201
1974	CENTIPEDE	centipede	5.25	1296
1975	CHECK	check	4.045454545	1352
1977	DEW	dew	3.88	2258
1979	CHISEL	chisel	5.333333333	1407
198	GENITALIA	genitalia	5.64	3292
1981	WIDOWER	widower	4.2	9160
1982	WHIRLPOOL	whirlpool	4.565217391	9124
1983	SNORE	snore	2.125	7462
1986	DISEASE	disease	3.125	2314
1987	CHOPSTICKS	chopsticks	6.391304348	1423
1989	CALF	calf	5.08	1122
199	FAMINE	famine	1.666666667	2778
1991	INTESTINES	intestines	4	4168
1992	MORE	more	2.041666667	5074
1994	COLLARBONE	collarbone	5.48	1622
1996	GET TIRED	tire	5.291666667	8436
1997	PRESERVE	preserve	2.739130435	6092
2	DUST	dust	4.827586207	2519
20	SCYTHE	scythe	4.727272727	6938
200	SAME	same	1.826086957	6754
2001	PAINTING	draw	3.37037037	2436
2002	DITCH	ditch	3.769230769	2346
2003	FLOW	flow	2.541666667	3011
2005	MASK	mask	5.92	4832
2006	FILL	fill	1.916666667	2863
2007	BOLT (OF LIGHTNING)	bolt	4.925925926	788
2008	RESCUE	rescue	2.08	6497
2009	DOG	dog	6.4	2369
201	FARM	farm	5.035714286	2784
2010	INVESTIGATE	investigate	1.625	4180
2011	COFFIN	coffin	5.52	1605
2012	COLLAR	collar	5.12	1621
2013	BAIT	bait	4.375	438
2014	GO DOWN (DESCEND)	descend	2	2230
2016	JEALOUSY	jealousy	1.84	4238
2017	MIX	mix	2.64	5021
2019	HAMMOCK	hammock	6.166666667	3641
202	STRENGTH	strength	2.074074074	7933
2020	PLAINTIFF	plaintiff	4.375	5879
2021	GRASP	grasp	2.956521739	3465
2023	CROWD	crowd	3.96	1996
2025	PEA	pea	5.777777778	5671
2027	SOYA	soybean	5.2	7559
203	MARRY	marry	2.565217391	4822
2030	DRAG	drag	2.695652174	2424
2034	FROST	frost	3.826086957	3170
2035	POND	pond	4.5	5998
2038	DRAGON	dragon	1.833333333	2425
2040	BUCKWHEAT	buckwheat	4.44	992
2041	HEMP	hemp	4.181818182	3780
2042	WALNUT	walnut	5.791666667	8979
2043	PEACH	peach	5.88	5673
2044	PERSIMMON	persimmon	4.611111111	5757
2045	COLUMN	pillar	5.041666667	5830
2046	APRON	apron	5.96	255
2048	QUILT	quilt	5.826086957	6301
2049	CONGEE	porridge	4.80952381	6016
205	TROUGH	trough	3.708333333	8643
2052	BUCKET	bucket	6	987
2057	DUNG (ANIMAL FAECES)	dung	4.125	2513
2058	STOOL	stool	6.076923077	7883
2060	STORY	story	2.821428571	7896
2064	SCATTER (SEEDS)	scatter	1.185185185	6842
2069	SOAK (VERB)	soak	2.954545455	7486
2071	LAY (VERB)	lay	2.909090909	4479
2072	USE (VERB)	use	1.818181818	8815
2073	ROB (VERB)	rob	1.833333333	6612
2075	BROOD (VERB)	brood	2.434782609	962
2076	SPROUT (VERB)	sprout	3.913043478	7690
208	NASAL MUCUS (SNOT)	snot	5.32	7468
2090	MY	my	3.2	5196
2099	CHILD	child	5.695652174	1389
21	TASTE (SOMETHING)	taste	2.482758621	8223
210	LIFE	life	3.44	4557
2102	BURN	burn	3.185185185	1053
212	FIELD	field	4	2850
2124	SMELL	smell	2.32	7413
213	FIN	fin	4.185185185	2871
2130	HEADGEAR	headgear	5.625	3728
2134	RAISE (BRING UP)	raise	1.458333333	6343
2137	MAGICIAN	magician	4.5	4734
214	STRETCH	stretch	2.833333333	7935
2148	PICK	pick	3.259259259	5800
2150	MATTER	matter	4.4	4862
2151	COARSE	coarse	1.666666667	1571
2154	PLOUGH (INSTRUMENT)	plow	5	5929
2155	CUT (WITH SCISSORS)	scissor	6.173913043	6865
2159	GROUND	ground	5.875	3531
216	MOVIE	movie	2.826086957	5127
218	FINE (PENALTY)	fine	1.88	2877
2181	LIGHT (IN TASTE)	bland	1.72	682
219	TOILET	lavatory	5.620689655	4474
2190	TASTE	savor	2.12	6805
2194	FRONT (PART)	front	2.260869565	3167
220	INTACT	intact	1.5	4147
2200	SNOUT	muzzle	4.391304348	5195
2203	RABID	rabid	1.791666667	6312
2204	LEDGE	ledge	4.541666667	4509
2205	PEAK	peak	2.64	5675
221	FIRE	fire	4.208333333	2888
2216	BECOME NUMB	numb	2.25	5350
2219	LEAN (MEAT)	lean	2.12	4491
2224	BEND (SOMETHING)	bend	2.217391304	615
2227	SPAWN (VERB)	spawn	2.28	7585
2239	DENSE	dense	1.88	2208
224	MORTAR	mortar	3.565217391	5083
2242	BEETLE	beetle	5.166666667	591
2243	REPAIR	repair	1.777777778	6478
2244	METAL	metal	5.130434783	4932
2245	BELCH	belch	3	600
2246	BELL	bell	5.76	602
2247	CATERPILLAR	caterpillar	5.083333333	1256
2252	PATH	path	4.37037037	5649
2253	DRIP (EMIT LIQUID)	leak	3.517241379	4489
2259	FLESH	flesh	4.782608696	2969
227	FISH	fish	5.592592593	2910
2271	THINK	think	1.826086957	8346
2273	LEECH	leech	4.291666667	4511
2277	WHOLE	whole	1.695652174	9149
228	CARVE	carve	2.481481481	1230
2283	SEMEN	semen	5.269230769	6998
2284	CLEARING	clearing	3.083333333	1498
2285	ECLIPSE	eclipse	1.391304348	2559
2286	ESTUARY	estuary	2.352941176	2684
2290	PUDDLE	puddle	5	6207
2294	WRINKLE	wrinkle	3.52	9288
2295	SUNSET	sunset	2.333333333	8057
2296	SUNRISE	sunrise	2.074074074	8055
2297	DUSK	dusk	1.333333333	2518
2298	VIRGIN	virgin	4.448275862	8913
2299	STRAW	straw	6	7921
23	RYE	rye	4.407407407	6708
230	SWEEP	sweep	3	8116
2301	ME	me	5.708333333	4874
2302	CIRCULAR (ROUND IN TWO DIMENSIONS)	circular	1.791666667	1458
2303	SPHERICAL (ROUND IN THREE DIMENSIONS)	spherical	1.695652174	7615
2308	THIN	thin	2.590909091	8345
231	SHAVE	shave	2.916666667	7079
2310	US (OBLIQUE CASE OF WE)	us	3.08	8814
2313	BRONZE	bronze	3.535714286	960
2316	FREE	free	1.56	3142
2318	CHESTNUT	chestnut	5.555555556	1378
2319	LID (COVER, CAP)	lid	5.428571429	4554
232	FLEA	flea	4.086956522	2963
2334	MELT	melt	1.88	4902
2336	OF THIS KIND (SUCH)	so	1.916666667	7485
234	PADDLE	paddle	5.68	5528
2340	SUNNY	sunny	1.913043478	8054
2341	CLOUDY	cloudy	1.222222222	1551
2342	LANDSCAPE	landscape	4.384615385	4439
2343	STEEL	steel	4.884615385	7806
2344	PETROL	petrol	3.909090909	5770
2348	CRAB	Crab	4.889189189	1892
2349	SHRIMP	shrimp	4.909090909	7189
2350	EARTHWORM	earthworm	4.916666667	2545
2351	SILKWORM	silkworm	5.208333333	7248
2352	DRAGONFLY	dragonfly	4.041666667	2426
2354	CRICKET	cricket	4.653846154	1952
2355	GECKO	gecko	4.037037037	3281
236	STEPMOTHER	stepmother	3.913043478	7825
2362	BRAN	bran	4.407407407	879
2365	RADISH	radish	5.846153846	6325
2366	ONION	onion	5.476190476	5427
2367	MANDARINE	tangerine	5.772727273	8201
2368	GARLIC	garlic	6.32	3251
237	STEPFATHER	stepfather	5.16	7823
2371	BREADFRUIT	breadfruit	4.166666667	899
2374	DREAM	dream	2.173913043	2444
238	PRAWNS	prawn	4.086956522	6068
2386	TURKEY	turkey	4.833333333	8687
239	FLOWER	flower	5.916666667	3012
2393	JOURNEY	journey	2.48	4273
2396	KNOCK	knock	3.16	4373
2397	LOBSTER	lobster	4.92	4626
2398	MANGO	mango	6.24	4778
24	PRAY	pray	3.409090909	6069
2400	THEIR	their	1.666666667	8322
2401	PICTURE	picture	5.32	5809
2402	ROBIN	robin	4.083333333	6616
2403	TOY	toy	6.08	8534
2405	CHRISTMAS	christmas	1.777777778	1430
2406	HOME	home	5.434782609	3875
2407	BIRTHDAY	birthday	1.576923077	661
2408	CAKE	cake	6.086956522	1119
2409	BROWN	brown	2.25	970
241	TREE STUMP	stump	4.2	7975
2410	GOOD-LOOKING	pretty	1.565217391	6098
2411	HURT (SOMEBODY)	hurt	2.08	3997
2412	THANK (SOMEBODY)	thank	1.88	8314
242	COST	cost	2.230769231	1841
2422	SOMEONE	someone	4.625	7528
2423	CHANNEL	channel	2.583333333	1328
2424	MEMBER	member	3.130434783	4904
2425	PROBLEM	problem	2.391304348	6131
2426	CLIMATE	climate	2.166666667	1513
2427	FUTURE	future	2.346153846	3211
2428	LIBRARY	library	4.391304348	4547
243	FRESH	fresh	2.2	3150
2430	OFFICE	office	4.083333333	5402
2432	MARRIAGE	marriage	4.142857143	4820
2433	THEORY	theory	1.5	8327
2435	UNIVERSITY	university	3.48	8784
244	LEFT	left	1.555555556	4513
2440	PINEAPPLE	pineapple	6.304347826	5845
2444	KINGFISHER	kingfisher	3.157894737	4342
2446	SLOTH	sloth	3.80952381	7391
2447	WOODPECKER	woodpecker	4.833333333	9235
2449	FAT (OF MEAT AND FOOD)	fatty	2.259259259	2798
245	BROOM	broom	6.416666667	964
2452	PURPLE	purple	1.44	6247
2459	GRINDSTONE	grindstone	3.52	3510
246	THRUST	thrust	1.88	8376
2460	DINGO	dingo	3.961538462	2292
2466	WEIGHT	weight	3.47826087	9079
2467	GAME	game	4.518518519	3233
2468	BAG	bag	6.038461538	430
2471	LADY	lady	5.32	4413
2472	SUCKLE (BREASTFEED, NURSE)	suckle	2.739130435	8007
2473	HIS (GENITIVE OF HE)	his	1.791666667	3841
2474	HER (GENITIVE OF SHE)	her	4.034482759	3784
2477	YAK	yak	3.96	9304
2481	FEMALE DOG	bitch	2.833333333	668
2483	COLD (OF WEATHER)	cool	2.083333333	1792
2486	HIDE	hide	2.44	3816
2489	ABACUS	abacus	4.666666667	1
249	FOG	fog	2.47826087	3043
2493	BOIL	boil	2.6	785
2498	OPIUM	opium	4.269230769	5437
25	DIRT	dirt	5.08	2305
2500	GINGER	ginger	5.32	3321
2501	RICE HUSK	husk	4.304347826	4002
2502	GONG	gong	4.166666667	3412
2503	LAUNDER (WASH CLOTHES)	launder	3.038461538	4470
2505	BEDROOM	bedroom	5.708333333	579
2506	LOOSE	loose	2.16	4660
2509	EXCHANGE	exchange	2.041666667	2703
251	SHARPEN (SOMETHING)	sharpen	2.481481481	7074
2510	PORCUPINE	porcupine	4.041666667	6012
2512	CHICK	chick	4.47826087	1381
2517	CROWDED	crowded	2.115384615	1997
2519	SEEING (VISUAL SENSE)	sight	2.375	7234
2524	JOY	joy	1.740740741	4276
2531	BROAD	broad	2.28	948
2532	TORNADO	tornado	3.08	8500
2534	DEPTH	depth	1.68	2224
2537	LENGTH	length	2	4525
2538	TRENCH (FOSSE)	trench	4.285714286	8600
2539	PIT (POTHOLE)	pit	4.172413793	5865
2540	LIME (MATERIAL)	lime	5.52	4576
2542	HERB	herb	5.826086957	3786
2543	RAVEN	raven	3.92	6381
2544	SHEPHERD	shepherd	3.909090909	7105
2546	BORDER	border	3.125	833
2547	CITY	city	2.925925926	1466
2548	BARREL	barrel	5.304347826	505
2549	VEHICLE	vehicle	6.173913043	8855
255	SERVANT	servant	4.782608696	7026
2554	PRINCE (RULER)	prince	3.826086957	6115
256	FOOD	Food	6.470350404	3055
2562	SEX (GENDER)	sex	5.16	7039
2564	PIGLET	piglet	4.68	5818
2569	BUTCHER	butcher	4.739130435	1072
257	WORSHIP	worship	2.043478261	9266
2570	BEEF	beef	5.714285714	584
2571	TRY (TEST)	test	3.2	8303
2572	SENSE (PERCEIVE BY SENSES)	sense	2.25	7008
2573	FEELING (EMOTION)	emotion	2.44	2616
2578	PENCIL	pencil	5.869565217	5710
2579	TOOTHBRUSH	toothbrush	6.72	8485
258	CALM	calm	1.875	1128
2580	HELICOPTER	helicopter	5.178571429	3766
2582	WHEELCHAIR	Wheelchair	6.132791328	9107
2584	BENCH	bench	6.166666667	614
2586	SEAHORSE	seahorse	3.962962963	6945
2587	DARTS	dart	5.291666667	2123
2588	GLOBE	globe	5.28	3360
2589	WREATH	wreath	5.461538462	9277
2590	HARMONICA	harmonica	6.416666667	3688
2591	RHINOCEROS	rhinoceros	3.68	6548
2592	IGLOO	igloo	4.851851852	4040
2594	DOMINOES	dominoes	5.703703704	2383
2595	CACTUS	cactus	4.5	1109
2596	ESCALATOR	escalator	5.52	2675
2597	HARP	harp	5.8	3691
2599	STETHOSCOPE	stethoscope	5.8	7836
2600	PYRAMID	pyramid	4	6264
2601	UNICORN	unicorn	1.296296296	8777
2602	FUNNEL	funnel	4.833333333	3197
2603	ACCORDION	accordion	5.826086957	30
2604	NOOSE	noose	4.708333333	5325
2605	ASPARAGUS	asparagus	5.56	322
2606	COMPASS	compass	5.538461538	1681
2607	TRIPOD	tripod	5	8629
2617	BULB	bulb	5.391304348	1009
2618	CAMERA	camera	6.086956522	1132
2619	CARD	card	5.56	1187
2620	CARRIAGE	carriage	5.08	1213
2621	CURTAIN	curtain	5.875	2063
2622	ENGINE	engine	5.333333333	2634
2623	FLAG	flag	5.851851852	2928
2624	FRAME	frame	4.956521739	3129
2625	MAP	map	5.481481481	4796
2626	NERVE	nerve	3.458333333	5248
2627	ORANGE (FRUIT)	orange	5.08	5447
2628	PLANT STEM	stem	4.666666667	7814
2629	TRAY	tray	5.166666667	8586
263	HERDSMAN	herdsman	3.740740741	3791
2630	WHIP	whip	5	9121
2640	LARVA	maggot	4.44	4732
2643	INK	ink	5.56	4117
2656	MIDNIGHT	midnight	2.130434783	4959
2657	LADLE	ladle	4.84	4412
2658	COAL	coal	4.875	1569
2664	SCAB	scab	4.958333333	6817
2665	WART	wart	4.56	9001
2666	SOLE (FOOT)	sole	4.107142857	7514
2667	TORSO	torso	5.64	8501
2668	SKELETON	skeleton	4.347826087	7290
2669	POINT (WITH FINGER)	point	3.173913043	5963
268	DRIBBLE	dribble	2.36	2453
2680	MACHETE	machete	5.791666667	4719
2685	CARP (FISH)	carp	4.52173913	1206
2691	PATERNAL AUNT (FATHER'S SISTER)	satisfy	1.846153846	6794
27	AIR	air	3.791666667	104
2705	INHALE	inhale	3	4111
2706	GNAW	gnaw	3.25	3379
2708	TALK	talk	4.071428571	8191
271	SAUCER	saucer	5.777777778	6797
2712	GET DIZZY	dizzy	2.56	2356
2715	DESPISE	despise	1.227272727	2237
2717	STEEP	steep	2.36	7809
272	TONGS	tongs	5.826086957	8474
273	DOUGH	dough	6.086956522	2409
274	KNEAD	knead	3.208333333	4357
275	PEEL	peel	4.458333333	5696
2754	TOWARDS	to	1.375	8442
2756	IDLE	idle	2.181818182	4037
2765	CHERRY	cherry	5.454545455	1374
2766	WATERMELON	watermelon	5.869565217	9038
2769	PORK	pork	4.916666667	6013
2770	JACKET	jacket	6.333333333	4215
2771	SHAWL	shawl	5.76	7083
2773	FINGERTIP	fingertip	5.928571429	2885
2783	SCALES (MEASURE INSTRUMENT)	scale	5.652173913	6824
2789	BURP	burp	2.857142857	1056
2797	SESAME	sesame	4.652173913	7029
2804	AMULET	amulet	5.291666667	181
2805	BIRTH (ACCOUCHEMENT)	birth	2.208333333	660
2809	BLUEBERRY	blueberry	6	752
281	POST	pole	5.32	5972
2810	BREASTBONE	breastbone	5.318181818	906
2814	CUTTLEFISH	cuttlefish	4.454545455	2080
2816	ECHO	echo	2.2	2557
2817	EMU	emu	3.956521739	2624
2818	FORD (CROSSING)	ford	4.416666667	3083
2819	GRASSLAND	meadow	4.391304348	4876
2821	JEALOUS	jealous	2.347826087	4237
2824	KNUCKLE	knuckle	5.76	4383
2827	MENSTRUATE	menstruate	3.304347826	4914
2828	MOTH	moth	4.84	5092
2830	OYSTERS	oyster	5.407407407	5514
2831	PENGUIN	penguin	4.12	5713
2833	RUM	rum	5.64	6687
2834	SCROTUM	scrotum	5.291666667	6920
2836	STARLIGHT	starlight	3.115384615	7776
2837	SWAN	swan	4.208333333	8102
284	HOE	hoe	5.545454545	3860
2843	CAULIFLOWER	cauliflower	5.269230769	1267
2845	SIZE (OF OBJECT)	size	1.72	7280
2860	BOLT (MOVE IN HASTE)	rush	2.25	6701
2861	BUDGE (ONESELF)	budge	2.12	995
2862	CONNECT	connect	2.041666667	1736
2863	DASH (OF VEHICLE)	dash	2.52173913	2125
2864	DECREASE	decrease	1.48	2171
2865	DIE (FROM ACCIDENT)	perish	2.045454545	5747
2869	BOTHER (HARASS)	bother	1.956521739	845
287	CONE	cone	4.608695652	1715
2870	RECOGNIZE (SOMEBODY)	recognize	1.64	6408
2877	RUSTLE (OF LEAVES)	rustle	1.925925926	6704
2879	SOUND (OF INSTRUMENT OR VOICE)	sound	2.103448276	7545
288	FORGE	forge	3.642857143	3091
2880	HALT (STOP)	stop	1.5	7885
2882	ADD	add	2.285714286	54
2883	DISTURB	disturb	2.16	2345
2884	HANG	hang	1.666666667	3669
2885	HERD (SOMETHING)	herd	3	3789
2886	PRODUCE	produce	5.565217391	6136
2887	THAW (DEW)	thaw	2.476190476	8317
2888	TINKLE	tinkle	1.913043478	8425
2889	TWINKLE	sparkle	1.5	7575
289	MOLD	mold	3.75	5038
2891	TIE UP (TETHER)	tether	3.230769231	8309
2893	NOTICE (SOMETHING)	notice	2.173913043	5337
2894	TUMBLE (FALL DOWN)	tumble	2.481481481	8672
2897	CHIME (ACTION)	chime	3	1395
2899	JOG (SOMETHING)	jog	2.869565217	4262
29	GELD	castrate	3.04	1246
2900	PROTECT	protect	1.458333333	6174
2902	BRAWL (FIGHT)	brawl	3.416666667	891
2903	CHAT (WITH SOMEBODY)	chat	2.958333333	1348
2904	RINSE	rinse	2.222222222	6580
2905	KNIT	knit	3.5	4367
2906	TRANSLATE	translate	1.625	8564
2907	ROT	decay	1.96	2160
2909	PREPARE	prepare	1.72	6084
2911	BACKWARD	backward	2.130434783	422
2912	FORWARD	forward	1.869565217	3107
2919	STILL (CONTINUING)	still	1.739130435	7845
292	RUG	rug	6.173913043	6681
2921	THEN	then	1.166666667	8325
2924	A LITTLE	bit	2.68	667
2929	BENEFIT	profit	1.777777778	6140
2930	BOSS	boss	4.083333333	841
2931	BUSINESS	business	2.166666667	1064
2932	COLD (CHILL)	chill	1.962962963	1393
2934	CUCKOO	cuckoo	2.523809524	2033
2935	CURRENT (STREAM)	current	2.260869565	2061
2936	ELEVATION	elevation	1.791666667	2600
2937	FAIRY TALE	tale	1.708333333	8188
2938	FLAVOR	flavor	3.125	2959
2939	FLOCK (OF ANIMALS)	flock	3.083333333	2990
2940	GATE	gate	5.956521739	3262
2943	BUNDLE	bundle	2.958333333	1031
2945	COUNT (QUANTITY)	quantity	1.96	6277
2946	CRADLE	cradle	5.652173913	1900
2947	DAMAGE (INJURY)	damage	2.259259259	2104
2948	GAP (DISTANCE)	gap	2.375	3239
2949	LAIR	lair	2.923076923	4420
295	WHETSTONE	whetstone	4.235294118	9114
2951	POUCH	pouch	5.178571429	6049
2952	SLAB	slab	4.04	7325
2954	SLICE	slice	3.043478261	7363
2955	STATE (POLITICS)	state	1.92	7780
2956	TUBE	tube	4.916666667	8661
2957	WARE	ware	2.409090909	8991
2958	LAUGHTER	laughter	2.8	4467
2959	LEASH	leash	5.708333333	4498
296	CROUCH	crouch	3.291666667	1991
2961	MESSAGE	message	2.68	4929
2963	NET	net	5.208333333	5249
2965	PAW	paw	5	5662
2966	PERCH (FISH)	perch	3.347826087	5734
2967	PIKE (FISH)	pike	4.590909091	5823
2968	REASON	tune	1.730769231	8679
2969	RIBBON	ribbon	6.375	6555
297	CROOKED	crooked	2.086956522	1974
2971	SIN	sin	1.88	7259
2973	STRAP	strap	4.923076923	7919
2974	SWARM (OF BIRDS)	swarm	3	8104
2977	WORKER	worker	5.086956522	9255
2978	DISTANCE	distance	2.16	2336
298	SHRIEK	shriek	1.625	7187
2980	AREA	area	2.88	276
2981	ITEM	item	5.739130435	4206
2982	GIFT	gift	5.380952381	3313
2983	COMPANIONSHIP	company	3.518518519	1678
2984	HEAP	heap	2.37037037	3747
2985	HEIGHT	height	1.56	3762
2987	AMOUNT	amount	2.181818182	173
2988	PATTERN	pattern	2.6	5657
2989	FRINGE	fringe	2.958333333	3160
299	SCOLD	scold	1.807692308	6869
2990	SACK	sack	5.083333333	6713
2991	SKI	ski	5.52	7298
2992	TIP (OF OBJECT)	tip	3.36	8433
2993	STROKE (OF PEN)	stroke	2.583333333	7952
2995	TONE (MUSIC)	tone	1.47826087	8471
2996	WEALTH	wealth	2.923076923	9055
2997	COLORFUL	colorful	1.96	1637
2998	DAMP	damp	2.347826087	2106
3	BRAVE	brave	1.407407407	889
300	RATTLE	rattle	4.409090909	6374
3002	PRECIOUS	precious	2.36	6075
3003	SOLID	solid	3.32	7517
301	CHIEFTAIN	chief	4.12	1386
3011	GRUB	grub	4.208333333	3543
302	CLAN	clan	3.16	1475
3020	BREAK (BREAKING)	burst	1.814814815	1059
3025	BARN OR SHED	barn	5.173913043	499
3026	CONJUNCTIVITIS	conjunctivitis	2.636363636	1735
3028	GRAVEL	gravel	5.461538462	3474
3032	STARFISH	starfish	3.857142857	7772
3033	SCARED	scared	2.52	6840
304	PREACH	preach	2.333333333	6071
305	GRANDPARENTS	grandparent	5.56	3451
3050	SEEDLING	seedling	5.083333333	6986
3053	TIGHT	tight	2.083333333	8405
3055	SWINDLE	cheat	1.833333333	1351
3057	FLAIL	flail	3.434782609	2933
3058	GRAZE	graze	2.72	3480
3059	MALARIA	malaria	3.12	4756
3060	PHEASANT	pheasant	4.16	5778
3062	TURNIP	turnip	6.12	8690
3064	RUST	rust	3.625	6702
3065	SADDLE	saddle	4.954545455	6717
3066	SCARF OR TURBAN	scarf	6.434782609	6841
307	HAWK	hawk	3.36	3714
3071	INSERT	insert	2.956521739	4130
3072	MISPLACE	lose	1.296296296	4664
3073	MANAGE	manage	2.416666667	4768
3074	FIX	fix	2.125	2922
3076	SLOPE	slope	3.2	7387
308	TOUCAN	toucan	4.16	8512
3080	SPLIT OPEN	crack	3.565217391	1894
3083	BALLOON	balloon	5.523809524	454
3084	BLACKBOARD	blackboard	5.392857143	674
3085	CARROT	carrot	6.043478261	1215
3086	COMPUTER	computer	6.714285714	1695
3087	PACIFIER	dummy	3.869565217	2508
3088	ENVELOPE	envelope	5.64	2656
3089	GIRAFFE	giraffe	4	3324
309	OPOSSUM	opossum	3.88	5438
3090	GUITAR	Guitar	6.293243243	3563
3091	LEMON	lemon	6.08	4523
3093	LIPSTICK	lipstick	5.928571429	4599
3094	PAINTBRUSH	paintbrush	5.56	5543
3095	POSTMAN	postman	4.913043478	6034
3096	RACKET	racket	5.24	6320
3098	SNOWMAN	snowman	4.916666667	7477
3099	SOFA	sofa	6.608695652	7503
31	PAN	pan	6.409090909	5564
3100	SUNGLASSES	sunglasses	6.458333333	8047
3101	SWING	swing	5.36	8129
3102	TANK	tank	4.608695652	8205
3104	THERMOMETER	thermometer	5.56	8331
3105	UMBRELLA	umbrella	6.4	8747
3110	CLAP	clap	4.04	1479
3112	ERUPT	erupt	1.4	2673
3114	GRATE (SOMETHING)	grate	4	3470
3116	HATCH (OUT)	hatch	3.925925926	3703
3119	MASSAGE (SOMEBODY)	massage	4	4839
3120	MOP (SOMETHING)	mop	6.192307692	5072
3123	PHOTOGRAPH (SOMETHING)	photograph	5.875	5788
3128	SHOWER (ACTION)	shower	5.391304348	7176
3129	SKATE	skate	4.913043478	7283
3130	SPILL (SOMETHING)	spill	3.304347826	7624
3131	SUNBATHE	sunbathe	2.16	8037
3132	SURF	surf	3.458333333	8073
3134	TYPE (ON SOMETHING)	type	2.24	8730
3135	VACUUM (SOMETHING)	vacuum	5.291666667	8824
3137	OAR	oar	5.307692308	5370
3138	STRAWBERRY	strawberry	6.357142857	7922
3139	LADYBUG	ladybug	4.875	4415
3140	VEST	vest	6	8885
3141	TAMBOURINE	tambourine	5.916666667	8197
3142	BISON	bison	3.434782609	664
3144	GORILLA	gorilla	4.041666667	3424
3145	HIPPOPOTAMUS	hippopotamus	3.285714286	3838
3146	CHEETAH	cheetah	3.884615385	1369
3147	HAMSTER	hamster	5.583333333	3643
3149	ARMLET	armband	5.347826087	284
3153	LORD	lord	2.285714286	4663
3160	SLAP	slap	3.185185185	7332
3167	SERMON	sermon	1.782608696	7023
3168	DOWRY	dowry	2.869565217	2418
3169	TREATY	treaty	2.32	8594
317	PIRANHA	piranha	3.956521739	5859
3171	RINGWORM	ringworm	4.24	6578
3172	SCABIES	scabies	3.272727273	6820
3174	WAKE UP (SOMEONE)	wake	2.173913043	8969
3176	RACK (FOR STORING FOOD)	rack	4.68	6319
3179	CORAL ROCK	coral	3.826086957	1807
318	FOOTPRINT	footprint	3.625	3073
3181	MUSTARD	mustard	5.8	5186
319	LICK	lick	4.652173913	4552
3193	CROSSBOW	crossbow	5.541666667	1983
3197	SUSPICION	suspicion	1.653846154	8093
32	EARWAX	earwax	5.041666667	2547
320	LAME	lame	2.217391304	4424
3200	COUNTRYSIDE	countryside	4.214285714	1865
3202	CANNON	cannon	3.608695652	1158
3204	INSULT	insult	2.2	4146
321	CHEW	chew	3.555555556	1380
3213	HIRE OR RENT	hire	1.75	3840
3215	CREEP	creep	2.565217391	1935
322	FIG	fig	5.083333333	2857
3222	TWIG	twig	5.28	8713
3224	WRING	wring	2.818181818	9287
323	FAT (ORGANIC SUBSTANCE)	fat	4.125	2794
3232	PELT	pelt	4.185185185	5707
3247	KIWIFRUIT	kiwi	6.08	4353
3248	MAPLE TREE	maple	4.32	4797
325	FELT	felt	3.52	2823
3252	PANCREAS	pancreas	3.869565217	5566
3257	CLITORIS	clitoris	6.090909091	1529
3258	FALCON	falcon	3.259259259	2773
326	CLOAK	cloak	5.791666667	1530
3261	HORNET	hornet	4.08	3909
3262	HORSEFLY	horsefly	4.32	3914
3263	LAP	lap	4.130434783	4445
3267	PULSE	pulse	3.695652174	6223
3268	QUESTION	question	1.64	6292
3269	PORCH	veranda	4.666666667	8872
327	PONCHO	poncho	5.458333333	5997
3274	ENCIRCLE	surround	1.96	8082
3276	SUNSHINE	sunshine	3.269230769	8058
3280	TUSK	tusk	4.045454545	8699
3282	GROOM	groom	5	3524
3283	CAGE	cage	5.291666667	1118
3284	GRAVEYARD	cemetery	4.217391304	1288
3287	BLOOM	bloom	2.703703704	731
3288	WEED	weed	5.28	9072
329	STOCKING	stocking	5.6	7862
3299	KIND	kind	2.28	4335
33	NETTLE	nettle	4.529411765	5250
3302	QUARREL (VERB)	argue	1.68	277
331	HEADDRESS	headdress	5.541666667	3726
3312	SHORT (TIME)	brief	2.375	931
3313	JACKAL	jackal	3.48	4213
3314	LYNX	lynx	3.12	4710
332	RAG	rag	5.666666667	6330
3320	SNARE (TRAP)	snare	4.04	7445
3325	PEARL	pearl	5.555555556	5679
3327	AUTUMN OR HARVEST SEASON	harvest	4.464285714	3696
3329	YEARLING (HORSE)	yearling	2.652173913	9314
3333	BELIEF (RELIGIOUS)	belief	2	601
3334	RITE	rite	2.181818182	6592
3336	FUNERAL	funeral	2.434782609	3194
334	COOKHOUSE	cookhouse	4.423076923	1789
3349	WRISTWATCH	wristwatch	6.5	9292
3353	SIEVE (TOOL)	sieve	3.380952381	7230
3356	INCENSE	incense	3.791666667	4067
3357	CUPBOARD	cupboard	5.782608696	2045
336	PADLOCK	padlock	6.08	5532
3367	STUTTERER	stutterer	2.75	7982
3368	POWDER	powder	5.416666667	6056
337	PITCHFORK	pitchfork	5.681818182	5868
3376	ROBBER	robber	4.464285714	6613
3377	EMPEROR	emperor	3.52173913	2617
338	RAKE	rake	6.136363636	6345
3380	HUNTING DOG	hound	4.962962963	3936
3382	PEACOCK	peacock	4.8	5674
3384	WEASEL	weasel	4.166666667	9063
3385	ALUMINIUM	aluminum	5.083333333	159
3386	SULPHUR	sulphur	3.238095238	8028
3388	PLACENTA	placenta	4.28	5875
3389	MEASLES	measles	2.826086957	4879
3396	BUILDING	building	5.208333333	1007
34	STAIRS	stairs	5.88	7749
340	LASSO	lasso	5.555555556	4457
3401	HENHOUSE	coop	3.47826087	1795
3404	TILE	tile	4.76	8408
3405	RULER	ruler	5.25	6686
3406	MERCHANDISE	goods	4.130434783	3415
3407	FILE (TOOL)	file	5.041666667	2862
341	SICKLE	sickle	4.173913043	7215
3416	EVERY (EACH)	each	1.25	2531
3423	DRILL	drill	5.739130435	2457
3424	SHEATH	sheath	4.045454545	7086
3425	JOKE	joke	2.166666667	4267
3427	DIRECTION	direction	2.304347826	2303
3429	COMPARE	compare	2.652173913	1679
343	VINE	vine	5	8904
344	TREE TRUNK	trunk	5.217391304	8655
3446	PINK	pink	1.407407407	5849
345	SAP	sap	3.888888889	6779
3452	MUCH	much	1.304347826	5129
3460	BEACH	beach	5.666666667	550
3469	LEVEL	level	2.375	4542
3470	LIAR	liar	2.52	4544
3471	OBLIGATION (DUTY)	duty	1.782608696	2523
352	UNTIE	untie	2.347826087	8798
353	STRIKE	strike	2.304347826	7940
3533	ONE MILLION	million	1.6	4979
3534	BEG	beg	1.695652174	593
354	POUND	pound	2.714285714	6053
3545	WATERY	watery	1.925925926	9046
355	CUT DOWN	fell	2.666666667	2820
3551	FETCH	fetch	2.84	2841
3552	GREET	greet	2.541666667	3491
3553	HELLO	hello	2.28	3769
356	SHEARS	scissors	6.291666667	6866
3606	STURGEON	sturgeon	3.666666667	7981
3608	WARRIOR	warrior	3.47826087	9000
361	PEG	peg	4.391304348	5703
3610	MALLARD	mallard	4.772727273	4760
3614	PANT	pant	3.869565217	5576
3615	BLEED	bleed	3.64	695
3616	FAINT (PASS OUT)	faint	2.206896552	2766
3617	STUMBLE	stumble	2.708333333	7974
3620	SLEEPY	sleepy	2.2	7353
3621	DISABLED PERSON	cripple	1.962962963	1961
3624	LEPROSY	leprosy	2.407407407	4532
3625	HEADACHE	headache	2.583333333	3723
3626	KNOW	know	1.5	4381
363	DWELL (LIVE, RESIDE)	dwell	2.666666667	2526
3630	PLAN	plan	1.958333333	5880
3631	PRETEND	pretend	1.92	6097
3633	CURIOUS	curious	1.75	2055
3634	STUBBORN	stubborn	1.666666667	7967
3635	ADULT	adult	5.409090909	71
3637	WEAVER	weaver	3.68	9067
3639	AVOID	avoid	1.791666667	387
3640	GOSSIP	gossip	2.08	3427
3642	COMPLAIN	complain	1.541666667	1686
3647	TICKLE (SOMEBODY)	tickle	3.130434783	8397
3648	SERVE (SOMEONE)	serve	3.04	7027
3649	PUNISH	punish	1.291666667	6235
365	SPLASH	splash	3.25	7637
3651	MUSH (FOOD)	mush	2.695652174	5171
3653	COOKING POT	saucepan	6	6796
3659	POLISH (SOMETHING)	polish	2.88	5977
366	LIMP	limp	1.888888889	4582
3665	TRAVEL	travel	2.608695652	8582
3666	WANDER	wander	2.5	8983
3667	LOST	lost	2.304347826	4666
367	RIDE	ride	2.92	6559
3670	PLUNDER	plunder	1.708333333	5941
3674	ANTELOPE	antelope	3.75	213
3675	ZEBRA	zebra	4	9337
3676	SHREW	shrew	3.727272727	7186
3677	MONGOOSE	mongoose	4.5	5052
3679	GROWL	growl	1.791666667	3540
3681	PARTRIDGE	partridge	3.653846154	5625
3684	PECK	peck	2.826086957	5684
3685	HISS	hiss	2	3842
3687	DESERT	desert	4.291666667	2232
3688	MARSH	marsh	3.090909091	4823
3689	BUBBLE	bubble	4.64	982
3695	MOVEMENT	movement	2.304347826	5126
3697	DIP	dip	4.535714286	2297
3698	SINGE	singe	2.347826087	7261
370	BARTER	barter	2.217391304	510
3701	HOLLOW	hollow	1.88	3870
3702	SLIPPERY	slippery	2.4	7379
3703	STICKY	sticky	2.851851852	7842
3704	ODOR (SMELL)	odor	2	5396
3707	BEIGE	beige	1.916666667	599
3709	BRILLIANT	brilliant	2.260869565	937
3712	RAINCOAT	raincoat	5.954545455	6338
3714	LARYNX	larynx	3.909090909	4454
3717	BADGER	badger	3.304347826	428
3719	MARMOT	marmot	3.222222222	4818
372	POINTED	pointed	2.52173913	5964
3721	FINCH	finch	3.703703704	2875
3722	FLAMINGO	flamingo	4.185185185	2937
3723	NIGHTINGALE	nightingale	4.086956522	5292
3724	STORK	stork	3.44	7893
3725	AVOCADO	avocado	6.24137931	386
3726	BROCCOLI	broccoli	5.04	950
3727	CELERY	celery	6.086956522	1279
3729	LETTUCE	lettuce	6.083333333	4541
3730	APRICOT	apricot	6.291666667	254
3732	POMEGRANATE	pomegranate	5.391304348	5994
3733	FERRY	ferry	4.148148148	2832
3734	CHIMPANZEE	chimp	4.24	1397
3737	BAREFOOT	barefooted	2.64	489
374	ONE TIME	once	2.115384615	5425
3740	WHIRLWIND	whirlwind	2.04	9125
3743	BRASS	brass	4.4	884
3744	INTERPRETER	interpreter	3.56	4157
3746	VASE	vase	5.36	8846
3747	SHAPE	shape	2.913043478	7065
375	SNIFF	sniff	2.428571429	7454
3750	KHAKI	khaki	4	4319
3752	LILAC	lilac	5	4569
3753	MAGENTA	magenta	2.15	4731
3754	TRANSPARENT	transparent	1.875	8570
3755	MOUNTAINOUS	mountainous	2.708333333	5113
3756	FLORAL	floral	2.708333333	3004
3757	MUGGY	muggy	1.958333333	5143
3758	WINDY	windy	1.956521739	9191
3759	FOGGY	foggy	2.12	3044
376	FRAGRANT	fragrant	2.12	3127
3760	THUNDERY	thunderbolt	2.24	8387
3762	SAFE	safe	4.037037037	6720
377	LOUD	loud	2.12	4670
3777	CATFISH	catfish	5	1257
378	PINCH	pinch	3.48	5842
3780	PET	pet	6.214285714	5765
379	BLUNT	dull	1.791666667	2505
3796	ALBATROSS	albatross	3.8	123
3797	OSTRICH	ostrich	4.083333333	5472
3799	FISHBONE	fishbone	5.173913043	2911
38	SPREAD OUT	spread	3.12	7675
3800	IVORY	ivory	4.2	4208
3801	DATE (FRUIT)	date	3	2128
3803	RASPBERRY	raspberry	5.884615385	6369
3804	GRAPEFRUIT OR POMELO	grapefruit	5.96	3459
3807	EYEBALL	eyeball	5.555555556	2740
3808	JUNGLE	jungle	3.608695652	4290
3809	SCREAM (PRODUCE A CRY)	scream	2.458333333	6902
381	BLAME	blame	1.740740741	681
3814	HANDSOME	handsome	1.739130435	3665
3815	ALMOND	almond	5.714285714	146
3821	BROOK	brook	3.166666667	963
383	MASTER	master	2.954545455	4845
3837	ASTRINGENT	astringent	3.384615385	343
3840	CRANBERRY	cranberry	5.458333333	1906
3841	WINDMILL	Windmill	4.082517483	9181
3843	BUT	but	1.583333333	1070
3846	EXCITEMENT	excitement	1.769230769	2705
3848	SURPRISE (FEELING)	surprise	1.625	8081
3855	ITCH (CAUSE ITCHING OR FEEL ITCHY)	itch	3.88	4203
3857	EGGSHELL	eggshell	5.791666667	2579
3859	MIDWIFE	midwife	5	4962
3860	POSSESSIONS	belongings	5.173913043	610
3861	FAIL	fail	1.739130435	2764
3867	ALCOHOLIC (PERSON)	alcoholic	2.625	128
387	SLING	sling	4.909090909	7372
3870	RUSTY	rusty	2.4	6706
3871	MURDERER	assassin	4.32	330
3872	BLOND	blond	2.347826087	720
3873	CHOCOLATE	chocolate	6.307692308	1412
3874	KNOWLEDGE	knowledge	2.2	4382
3876	DENTIST	dentist	5.038461538	2211
3877	DEPRESSION	depression	2.727272727	2223
3878	DIAMOND	diamond	5.304347826	2265
3881	PISTOL	pistol	5.260869565	5863
3882	ROSE	rose	5.76	6642
3883	NOISY	noisy	2	5316
3886	TARANTULA	tarantula	4.08	8217
3888	SKUNK	skunk	3.6	7318
3892	ACQUIRE (SOMETHING)	acquire	1.608695652	41
3893	AFFORD	afford	1.52	85
3894	ATTACH	attach	2.083333333	356
3896	ROAR	roar	1.607142857	6607
3897	NATURE	nature	3.375	5221
3902	TRUST (SOMEBODY)	trust	1.869565217	8656
391	BLESS	bless	1.291666667	700
3914	TURQUOISE	turquoise	2.37037037	8695
3915	PRIDE	pride	1.730769231	6105
3917	DEVIL	devil	2	2255
392	MAGIC	magic	2.153846154	4733
3929	BRAZILIAN CEDAR	cedar	4.583333333	1277
393	CIRCUMCISION	circumcision	3.72	1460
394	SHAMAN (FOLK HEALER)	shaman	3.347826087	7058
3947	HONEYCOMB	honeycomb	4.695652174	3884
3948	SHOTGUN	shotgun	5.826086957	7168
395	PILL	pill	6.36	5828
3951	PANDA	panda	3.64	5567
3952	REFRIGERATOR	refrigerator	5.851851852	6444
3956	DISPUTE	dispute	1.772727273	2331
3957	SYSTEM	system	2.208333333	8160
3961	TEAM	team	3.954545455	8247
3965	TRAUMA	trauma	1.913043478	8581
3966	CONCEPT	concept	1.8	1698
3967	CONTENT	content	2.148148148	1760
3968	EFFECT	effect	1.6	2573
3969	RESULT	result	2.214285714	6522
3970	PROCESS	process	2	6133
3971	METHOD	method	1.92	4941
3976	EXPLODE	explode	2.260869565	2725
3977	SHINY	shiny	1.24	7120
3978	COMPANION	companion	5.739130435	1677
398	PIERCE	pierce	2.44	5813
3982	BREEZE	breeze	2.814814815	919
3984	THESE (PLURAL OF THIS)	these	1.565217391	8335
3985	THOSE (PLURAL OF THAT)	those	2	8355
3986	COLLAPSE	collapse	2.423076923	1619
3987	HOARSE	hoarse	1.958333333	3851
3988	PLATEAU	plateau	2.75	5900
399	PLANTAIN	plantain	5.409090909	5889
3990	LAWN	lawn	5.695652174	4476
3991	TORTILLA	tortilla	6.037037037	8502
3992	SARDINE	sardine	4.869565217	6784
3993	JINGLE (INSTRUMENT)	jingle	2.181818182	4256
3994	PIANO (INSTRUMENT)	piano	6.166666667	5798
3995	AMAZONIAN MANATEE	manatee	3.52	4770
3997	ARTICHOKE	artichoke	5.708333333	307
4	COURTYARD	courtyard	4.392857143	1877
4003	PLIERS	pliers	6.086956522	5926
4005	SUITCASE	suitcase	6.08	8021
4006	ROBOT	Robot	4.861185984	6617
4007	WALRUS	walrus	4.875	8980
4008	SANDWICH	sandwich	6.333333333	6772
4010	TOASTER	toaster	6.04	8446
4011	TRUCK	truck	6.041666667	8648
4012	TELESCOPE	telescope	5.916666667	8269
4013	AMBULANCE	ambulance	5	166
4014	MICROPHONE	microphone	6.043478261	4952
4017	JELLYFISH	jellyfish	3.653846154	4244
4018	BLOUSE	blouse	6.47826087	739
4019	CIGAR	cigar	5.962962963	1450
4020	CLOWN	clown	3.96	1555
4021	DINOSAUR	dinosaur	3.52173913	2296
4022	SUBMARINE	submarine	4.826086957	7993
4023	VIOLIN	violin	6.043478261	8910
4024	SAXOPHONE	saxophone	6.222222222	6813
4025	LANTERN	lantern	5.653846154	4443
4026	SAILBOAT	Sailboat	5.266216216	6728
4027	BATHTUB	bathtub	6.565217391	533
4028	ASHTRAY	ashtray	5.44	318
4030	DOORKNOB	doorknob	6.518518519	2393
4035	SWEATER	sweater	6.592592593	8111
404	ALCOHOL (FERMENTED DRINK)	alcohol	5.833333333	127
410	YAM	yam	5.259259259	9305
411	GOURD	gourd	5.208333333	3430
42	STINKING	stinky	2.208333333	7851
420	FOREST	forest	4.6	3088
421	RETREAT	retreat	2.608695652	6528
43	LEAD (GUIDE)	lead	3.625	4484
430	TWIST	twist	1.833333333	8721
432	BLOWGUN	blowgun	4.625	743
44	INJURE	injure	2.041666667	4114
446	LOWER ARM	forearm	5.782608696	3085
449	CORN FIELD	cornfield	4.739130435	1817
459	SNAP (OF STICK)	snap	2.84	7441
467	CRAYFISH	crayfish	5.043478261	1921
470	POSSUM	possum	3.772727273	6028
471	UPPER LEG (THIGH)	thigh	5.76	8342
472	PELICAN	pelican	3.666666667	5705
474	DRESS	dress	6.16	2447
476	CUP	cup	6.043478261	2044
477	LATE	late	1.375	4460
478	LIP	lip	5.52173913	4598
479	GROW	grow	2.391304348	3538
48	BE SILENT	silent	1.652173913	7243
480	PLATE	plate	5.590909091	5899
481	DISH	dish	5.8	2317
482	NOBLE	noble	2.555555556	5308
483	COMPOUND	compound	2.538461538	1692
486	MINISTER	minister	4.84	4996
487	SHY	shy	1.96	7211
489	KIDNEY	kidney	4.68	4325
49	REFUSE	refuse	1.652173913	6448
491	CENTER	center	2.222222222	1293
492	THREE	three	2.576923077	8361
493	FIVE	five	1.689655172	2921
494	FLIRT	flirt	2.8	2986
496	CUCUMBER	cucumber	6.04	2034
497	SCAR	scar	4.608695652	6836
499	CURE	cure	2.75	2052
5	GAZELLE	gazelle	3.75	3277
501	LIFT	lift	3.346153846	4561
502	NAIL (TOOL)	nail	5.541666667	5202
503	FROG	frog	5.125	3165
506	MAIZE	corn	6	1813
507	MELON	melon	5.681818182	4901
51	SORE	sore	3.740740741	7540
518	SPARK	spark	2.416666667	7573
519	SPOT	spot	3.416666667	7665
52	SHIVER	shiver	2.8	7136
522	WOLF	wolf	3.391304348	9224
523	BACK OF HEAD	rear	3.037037037	6395
526	HOWL	howl	2	3957
53	SPIRIT	spirit	1.84	7634
530	FRECKLE	freckle	3.583333333	3139
533	GLUTTON	glutton	2.8	3373
534	HUMP	hump	3.333333333	3977
54	SHRINK	shrink	2.208333333	7191
540	PALATE	palate	3.407407407	5552
541	POETRY	poetry	1.84	5961
543	SHUTTLE	shuttle	4.695652174	7210
544	SPICY	spicy	2.125	7620
545	SPRUCE	spruce	2.72	7692
547	SURFACE	surface	3.782608696	8074
55	WHISPER	whisper	2.04	9134
568	RISE (MOVE UPWARDS)	rise	2.04	6591
569	SPOIL (BECOME SPOILED)	rot	1.76	6649
57	ATOP	upon	1.416666667	8803
571	STING	sting	2.821428571	7848
573	SWAY	sway	2.071428571	8107
575	TREAD	tread	3.535714286	8587
576	DANDRUFF	dandruff	4.72	2112
577	FOREFINGER	forefinger	5.16	3086
578	KISS	kiss	4.571428571	4345
579	BATTLE	battle	3.892857143	538
58	LIQUID	liquid	5.260869565	4601
581	COME BACK	return	1.952380952	6531
584	DIFFICULT	difficult	1.62962963	2277
585	BOOT	boot	6.555555556	825
586	GARDEN	garden	5.913043478	3244
587	ANT	ant	4.84	210
588	BROKEN	broken	2.083333333	955
589	CLOSED	closed	1.96	1537
59	ELECTRICITY	electricity	3.08	2589
590	NAKED	naked	2.913043478	5204
592	PISS	urinate	3.52173913	8811
593	POTATO	potato	5.6	6041
594	PIECE	piece	3.125	5811
595	GROUNDNUT (PEANUT)	peanut	6.192307692	5676
596	POSTAGE STAMP	stamp	5.304347826	7758
597	PHYSICIAN	doctor	5.68	2362
598	SHELL	shell	5.291666667	7098
6	EARTHQUAKE	earthquake	2.92	2544
60	OAT	oat	4.8	5372
600	STRANGE	strange	1.583333333	7915
602	HIDE (CONCEAL)	conceal	1.793103448	1697
603	COAT	coat	6.565217391	1576
604	GLASS	glass	6.12	3339
605	GRAIN	grain	5.217391304	3441
606	GRASS	grass	5.454545455	3466
607	GRASSHOPPER	Grasshopper	4.753721245	3467
608	GULF	gulf	2.84	3565
609	HAIL	hail	3.791666667	3611
610	PORT	port	3.230769231	6017
611	HARVEST	crop	4.833333333	1976
612	HEAT	heat	3	3753
613	HIGH TIDE	flood	2.92	2993
614	HILL	hill	4.535714286	3829
615	HORSE	horse	5.88	3912
617	ICE	ice	5.458333333	4027
619	ANIMAL	animal	5.958333333	202
620	INSECT	insect	5.125	4127
621	IRON	iron	5.538461538	4191
622	ISLAND	island	3.96	4197
623	LAGOON	lagoon	3.64	4418
624	LAKE	lake	5.035714286	4421
625	LAMP	lamp	6.083333333	4426
626	LAND	land	5.56	4432
628	LEAF	Leaf	5.584345479	4485
629	LEATHER	leather	5.576923077	4499
631	LIVESTOCK	livestock	5.041666667	4616
632	LIZARD	lizard	4.925925926	4617
633	MARKET	market	4	4812
634	MEAT	meat	5.52173913	4881
635	MILK	milk	5.956521739	4970
636	MILL	mill	4.166666667	4974
637	MOSS	moss	4.565217391	5089
638	MOTORCYCLE	motorcycle	5.555555556	5102
639	MOUNTAIN	mountain	4.307692308	5111
64	PIN	pin	5.88	5838
640	MUD	mud	5.56	5133
641	MUSHROOM	mushroom	5.333333333	5172
642	MUSIC	music	3.130434783	5174
644	OAK	oak	4.16	5369
645	OCEAN	ocean	5.217391304	5389
646	ASH	ashes	4.862068966	317
647	PAINT (PIGMENTS)	paint	5.090909091	5541
648	PAPER	paper	5.695652174	5584
649	PASTURE	pasture	3.47826087	5643
65	AMBUSH	ambush	2.071428571	167
650	PETROLEUM	petroleum	4.333333333	5771
651	SEAL	seal	3.52	6946
652	PLAIN	plain	1.777777778	5878
653	PLANT (VEGETATION)	plant	5.652173913	5888
654	PLASTIC	plastic	5.04	5897
655	POISON	poison	4.035714286	5967
656	POLICE	police	4.739130435	5973
657	PRICE	price	1.708333333	6101
658	RAIN (PRECIPITATION)	rain	4.958333333	6336
659	REED	reed	3.428571429	6430
66	KNEEL	kneel	3.32	4361
660	REEF	reef	4.208333333	6431
662	BATTERY	battery	4.8	537
663	BAY	bay	3.5	544
664	RESIN	resin	3.84	6506
665	BEE	bee	4.130434783	582
666	RIVER	river	4.64	6594
667	ROAD	road	5.896551724	6601
668	ROCK	rock	5.48	6619
669	RODENT	rodent	5.041666667	6626
670	ROOT	root	4.583333333	6639
671	SAND	sand	5.956521739	6760
673	SCHOOL	school	5.16	6852
674	MOUTH	mouth	6.304347826	5121
675	FAECES (EXCREMENT)	excrement	4.56	2707
676	SHIT (DEFECATE)	defecate	3.863636364	2179
677	AXE	axe	6.153846154	394
678	BEARD	beard	5.565217391	561
679	BRIGHT	bright	1.36	936
68	TATTOO	tattoo	4.730769231	8228
680	BREAK (DESTROY OR GET DESTROYED)	break	2.041666667	900
681	DESTROY	destroy	2.24	2240
682	SIDE	side	3.111111111	7217
683	PERSON	person	6.12	5759
684	OWN	own	2.75	5509
688	LUNG	lung	3.52173913	4700
689	BETWEEN	between	1.76	626
69	SOBER	sober	2	7493
690	BOTTOM	bottom	3.08	848
691	SEASON	season	2	6962
692	BRING	bring	1.565217391	941
694	GET	get	2.333333333	3306
695	GO	go	1.541666667	3382
696	STIR	stir	3.083333333	7853
698	WISE	wise	1.36	9209
699	SAD	sad	2.166666667	6716
7	GATHER	gather	1.833333333	3266
700	CARRY	carry	2.8	1216
701	SLOW	slow	2.035714286	7394
702	CATCH	catch	2.32	1253
704	CLEAN	clean	2.52173913	1493
705	GO UP (ASCEND)	ascend	2	314
706	DARK	dark	2.04	2118
708	SHINE	shine	1.956521739	7116
709	TEACH	teach	2.357142857	8240
710	WHEEL	wheel	5.458333333	9104
711	TALL	tall	2.52	8194
712	RICH	rich	3.035714286	6557
713	STEAL	steal	2.086956522	7797
714	SEED	seed	5.185185185	6984
715	SHOUT	shout	2.52	7170
716	GROAN	groan	3.392857143	3518
717	SWEET	sweet	3.125	8118
718	PAY	pay	3.192307692	5666
719	FIND	find	2.4	2876
72	CLAW	claw	4.391304348	1491
720	GOOD LUCK	luck	1.8	4682
721	LOW	low	1.833333333	4676
722	ATTACK	attack	1.958333333	357
723	PLACE (POSITION)	place	3.36	5874
724	READ	read	2.08	6390
727	WHICH	which	1.166666667	9116
728	FIRST	first	2.461538462	2908
729	DAWN	dawn	2.24	2131
730	SNAKE	snake	3.956521739	7439
731	BEVERAGE	beverage	6.208333333	627
732	YOUR (SINGULAR)	your	2.08	9334
734	MAKE	make	2.72	4754
735	OWL	owl	3.791666667	5508
736	YARD	yard	4.25	9308
737	LIGHT (IGNITE)	ignite	2.12	4041
739	FEED	feed	3	2816
74	PUPPY	puppy	6.25	6244
740	SHIP	ship	5.2	7121
741	DRIVE	drive	2.565217391	2463
742	END (OF SPACE)	end	1.666666667	2630
744	EGG	egg	6.068965517	2576
745	SHELF	shelf	4.782608696	7097
746	SHOP	shop	3.703703704	7152
747	BICYCLE	bicycle	6.08	633
748	SOW SEEDS	sow	3.310344828	7556
749	ENTER	enter	1.76	2644
750	DROP	drop	3.08	2470
751	SHRUB	shrub	5.259259259	7194
752	STORE	store	5.739130435	7888
753	PUPIL (STUDENT)	pupil	4.8	6241
754	HURRY	hurry	1.75	3996
755	DENY	deny	1.565217391	2213
757	BUTTON	button	6.153846154	1085
758	HERON	heron	3.571428571	3802
759	SILVER	silver	4.260869565	7253
760	KNOT	knot	5.76	4378
761	COVER	cover	4.25	1881
763	SKIN	skin	6.16	7303
764	SUIT	suit	6.52173913	8020
765	MOVE	move	2	5125
766	MENSTRUATION	menstruation	3.75	4915
767	CORPSE	corpse	3.260869565	1824
768	LUNCH	lunch	6.043478261	4696
769	ROOF	roof	3.791666667	6631
770	EARRING	earring	6.428571429	2541
771	HAT	hat	6.44	3701
772	BELT	belt	5.80952381	612
773	HAVE	have	1.541666667	3712
774	CABBAGE	cabbage	5.608695652	1100
775	TRUMPET	trumpet	6.291666667	8653
777	FLUTE	flute	5.75	3027
779	PART	part	2.782608696	5621
78	THAT	that	1.347826087	8316
780	OUR	our	1.68	5479
782	DEFEAT	defeat	1.291666667	2178
784	SNOW	snow	5.538461538	7470
785	STRONG	strong	1.869565217	7956
787	SAIL	sail	3.916666667	6727
788	SOAP	soap	6.434782609	7488
789	PEOPLE	people	6.076923077	5726
79	WASTE	waste	4.318181818	9015
791	STRANGER	stranger	3.47826087	7916
792	BOIL (OF LIQUID)	boiling	2.291666667	786
794	PEN	pen	6.64	5709
795	TROUT	trout	4.76	8647
796	NIPPLE	nipple	5.625	5303
797	TESTICLES	testicle	6.24	8306
798	JAW	jaw	5.5	4230
799	WRIST	wrist	6.291666667	9289
801	RIB	rib	5.92	6553
803	ANKLE	ankle	5.833333333	203
804	WOMB	womb	3.142857143	9227
805	SPINE	spine	4.8	7629
806	BLANKET	blanket	6.56	684
808	DRIP (FALL IN GLOBULES)	drip	2.217391304	2462
809	TROUSERS	trousers	6.185185185	8646
810	LOCUST	locust	3.5	4635
812	SLAVE	slave	3.956521739	7341
813	DO	do	1.434782609	2357
816	HALF	half	1.625	3627
817	THEY	they	2.272727273	8337
818	WILLOW	willow	3.727272727	9173
819	STOMACH	stomach	4.44	7872
82	ANGER	anger	2.16	197
820	LAMB	lamb	4.444444444	4422
821	POPLAR	poplar	2.85	6008
823	SORCERER	sorcerer	3.111111111	7538
824	WITCH	witch	3.592592593	9214
825	AWAKE	awake	2.08	388
827	ROLL	roll	4.44	6628
828	RACCOON	raccoon	3.814814815	6313
829	RAFTER	rafter	3.884615385	6329
831	BASE	base	3.416666667	511
834	BUTTOCKS	buttocks	6.434782609	1084
835	CHAPTER	chapter	2.2	1337
836	SCREWDRIVER	screwdriver	6.52173913	6909
837	BLUE	blue	1.4	751
842	LIQUOR	liquor	5.961538462	4602
843	SPIDER	spider	5.32	7621
844	KIND (THING)	sort	1.75	7542
845	MURDER	murder	2.653846154	5161
846	TIGER	Tiger	3.869448183	8404
847	THIRSTY	thirsty	1.703703704	8349
848	THIRST	thirst	3.083333333	8348
849	SPRING (OF WATER)	fountain	5.208333333	3113
850	SQUARE	square	2.956521739	7705
851	STABLE	stall	4.625	7755
852	PRIEST	priest	4.56	6106
853	ALTAR	altar	4.782608696	154
854	KETTLE	kettle	5.44	4313
855	SEIZE	seize	1.791666667	6993
857	STONE	stone	5.875	7874
858	STORM	storm	2.826086957	7894
859	STOVE	stove	5.75	7900
860	CAUSE	cause	1.608695652	1268
861	JUDGE	judge	3.56	4278
862	SUGAR	sugar	6.173913043	8015
863	EDGE	edge	3.6	2565
864	PUMPKIN	pumpkin	5.708333333	6227
866	WIN	win	2.652173913	9175
867	GLOVE	glove	6.458333333	3367
868	BANANA	banana	6.107142857	463
869	BLADE	blade	5.833333333	680
870	BREATH	breath	3.346153846	911
871	RATTLESNAKE	rattlesnake	4.130434783	6377
873	TAX	tax	2.32	8233
874	CANDY	candy	6.4	1152
875	SHOEMAKER	shoemaker	4.173913043	7143
876	ARCH	arch	3.178571429	262
877	MASON	mason	3.916666667	4833
878	HELL	hell	2	3768
879	COUGH	cough	2.772727273	1850
88	BEEHIVE	beehive	3.608695652	587
880	REPEAT	repeat	2.409090909	6480
881	TAILOR	tailor	5.130434783	8183
882	PARROT	parrot	4.142857143	5618
883	TERMITE	termite	4.32	8297
884	SHARE	share	2.222222222	7068
886	PARAKEET	parakeet	5.12	5595
887	BITTER	bitter	2.434782609	670
890	MULE	mule	4.318181818	5146
892	TIME	time	2	8414
893	TIN (METAL)	tin	4.727272727	8418
894	TOAD	toad	4.2	8443
895	TORTOISE	tortoise	4.541666667	8503
896	ANACONDA (WATER BOA)	anaconda	4.148148148	184
897	SWALLOW	swallow	3.68	8099
899	PRESIDENT	president	3.56	6093
9	ANNOUNCE	announce	2.130434783	206
900	TRAIN	train	5.333333333	8547
901	ADOBE	adobe	3.142857143	69
903	ASPEN	aspen	3.153846154	324
904	BERRY	berry	5.523809524	621
906	TREE	tree	5.84	8595
908	DRUM	drum	5.8	2482
909	GARBAGE	garbage	4.96	3243
910	DEATH	death	2.769230769	2148
911	TEMPLE	temple	4.84	8278
912	COYOTE	coyote	4.230769231	1890
913	CROW	crow	4.24137931	1994
914	SCULPTOR	sculptor	4.074074074	6931
915	SINK (BASIN)	washbasin	5.833333333	9004
916	LINEN	linen	5.875	4586
917	ORNAMENT	ornament	6.181818182	5465
919	CHILI PEPPER	chili	5.291666667	1392
92	SPOIL (SOMEBODY OR SOMETHING)	spoil	1.47826087	7649
920	GRAPE	grape	6.214285714	3458
921	VALLEY	valley	3.375	8831
922	PEAR	pear	5.72	5678
923	LOVE	love	2.4	4674
924	VEGETABLES	vegetable	6.391304348	8853
926	RICE	rice	6.291666667	6556
928	EMBRACE	hug	4.652173913	3966
930	VILLAGE	village	4.44	8901
931	MILLET	millet	4.166666667	4975
932	BARLEY	barley	4.541666667	497
933	WALL (OF HOUSE)	wall	4.68	8973
934	BUFFALO	buffalo	4.692307692	998
935	WAR	war	2.68	8987
936	STALLION	stallion	4.88	7756
937	BIRD	bird	4.896551724	656
940	STRAIN	strain	2.136363636	7910
941	MEAD	mead	4	4875
942	HONEY	honey	5.434782609	3882
943	WATERFALL	waterfall	4.217391304	9031
944	SALMON	salmon	4.454545455	6741
945	SPEAR	spear	5.208333333	7590
946	BLOOD	blood	5.32	722
947	STREAM	stream	4.678571429	7926
948	WATER	water	6.192307692	9025
950	SEAGULL	seagull	3.96	6944
951	WEAPONS	weapon	5.52173913	9057
952	WEATHER	weather	2.043478261	9064
953	RAPE	rape	2.666666667	6363
954	WELL	well	3.259259259	9087
955	GREASY	greasy	2.666666667	3483
956	FLEE	flee	1.956521739	2966
957	WHALE	whale	3.6	9096
958	WILD ANIMAL	beast	3.608695652	564
96	CRAWL	crawl	3.08	1917
960	WIND	wind	2.791666667	9178
961	PEBBLES	pebble	5.47826087	5682
962	WOMAN	woman	5.333333333	9226
963	BOOK	book	6.47826087	806
964	WOOL	wool	5.392857143	9246
965	WORLD	world	3.260869565	9261
967	YEAST	yeast	3.875	9315
968	ACORN	acorn	5.28	40
969	CIGARETTE	cigarette	6.272727273	1451
97	THROUGH	through	2.16	8371
970	COCONUT	coconut	5.64	1596
971	MUST	must	1.818181818	5183
972	BE ABLE	can	4.88	1142
973	NOODLE	noodles	5.695652174	5322
974	TOBACCO	tobacco	5.666666667	8448
975	SPINACH	spinach	4.96	7627
976	WEAR	wear	2.5	9059
977	ARROW	arrow	4.92	300
978	WAVE	wave	3.72	9048
979	FARMER	farmer	5.08	2785
98	ALL	all	2.130434783	136
980	HEEL	heel	4.666666667	3760
981	ELBOW	elbow	6.458333333	2586
983	CONVICT	convict	3.807692308	1782
984	WORK (LABOUR)	work	3.44	9250
985	VINEGAR	vinegar	5.291666667	8905
986	TOMATO	tomato	6.125	8466
987	REMAIN	stay	1.666666667	7794
989	CLEAR	clear	1.592592593	1497
99	HUNCHBACK	hunchback	3.625	3980
990	CREEK (TIDAL)	creek	4.52	1934
991	FRY	fry	3.64	3184
992	CLIFF	cliff	4.64	1512
994	BOW	longbow	5.285714286	4649
996	DEAF	deaf	1.84	2143
998	PUT	put	1.407407407	6258
999	JOINT	joint	4.375	4265
